ticker,title,yes_sub_title,result,close_time
KXNBAGAME-26JUN13NYKSAS-SAS,Game 5: New York at San Antonio Winner?,San Antonio,no,2026-06-14T03:31:47Z
KXNBAGAME-26JUN10SASNYK-SAS,Game 4: San Antonio at New York Winner?,San Antonio,no,2026-06-11T03:36:08Z
KXNBAGAME-26JUN08SASNYK-SAS,Game 3: San Antonio at New York Winner?,San Antonio,yes,2026-06-09T03:31:38Z
KXNBAGAME-26JUN05NYKSAS-SAS,Game 2: New York at San Antonio Winner?,San Antonio,no,2026-06-06T03:29:37Z
KXNBAGAME-26JUN03NYKSAS-SAS,Game 1: New York at San Antonio Winner?,San Antonio,no,2026-06-04T03:16:00Z
KXNBAGAME-26MAY30SASOKC-SAS,Game 7: San Antonio at Oklahoma City Winner?,San Antonio,yes,2026-05-31T02:50:36Z
KXNBAGAME-26MAY28OKCSAS-SAS,Game 6: Oklahoma City at San Antonio Winner?,San Antonio,yes,2026-05-29T02:59:18Z
KXNBAGAME-26MAY26SASOKC-SAS,Game 5: San Antonio at Oklahoma City Winner?,San Antonio,no,2026-05-27T03:17:28Z
KXNBAGAME-26MAY25NYKCLE-NYK,Game 4: New York at Cleveland Winner?,New York,yes,2026-05-26T02:31:36Z
KXNBAGAME-26MAY23NYKCLE-NYK,Game 3: New York at Cleveland Winner?,New York,yes,2026-05-24T02:47:09Z
KXNBAGAME-26MAY21CLENYK-NYK,Game 2: Cleveland at New York Winner?,New York,yes,2026-05-22T02:44:24Z
KXNBAGAME-26MAY19CLENYK-NYK,Game 1: Cleveland at New York Winner?,New York,yes,2026-05-20T03:01:36Z
KXNBAGAME-26MAY24OKCSAS-SAS,Game 4: Oklahoma City at San Antonio Winner?,San Antonio,yes,2026-05-25T02:52:29Z
KXNBAGAME-26MAY22OKCSAS-SAS,Game 3: Oklahoma City at San Antonio Winner?,San Antonio,no,2026-05-23T03:25:21Z
KXNBAGAME-26MAY20SASOKC-SAS,Game 2: San Antonio at Oklahoma City Winner?,San Antonio,no,2026-05-21T03:07:13Z
KXNBAGAME-26MAY18SASOKC-SAS,Game 1: San Antonio at Oklahoma City Winner?,San Antonio,yes,2026-05-19T03:45:08Z
KXNBAGAME-26MAY15DETCLE-DET,Game 6: Detroit at Cleveland Winner?,Detroit,yes,2026-05-16T01:49:31Z
KXNBAGAME-26MAY15SASMIN-SAS,Game 6: San Antonio at Minnesota Winner?,San Antonio,yes,2026-05-16T04:25:14Z
KXNBAGAME-26MAY13CLEDET-DET,Game 5: Cleveland at Detroit Winner?,Detroit,no,2026-05-14T03:07:37Z
KXNBAGAME-26MAY12MINSAS-SAS,Game 5: Minnesota at San Antonio Winner?,San Antonio,yes,2026-05-13T02:42:52Z
KXNBAGAME-26MAY11DETCLE-DET,Game 4: Detroit at Cleveland Winner?,Detroit,no,2026-05-12T02:42:19Z
KXNBAGAME-26MAY05CLEDET-DET,Game 1: Cleveland at Detroit Winner?,Detroit,yes,2026-05-06T01:40:06Z
KXNBAGAME-26MAY09DETCLE-DET,Game 3: Detroit at Cleveland Winner?,Detroit,no,2026-05-09T21:54:02Z
KXNBAGAME-26MAY07CLEDET-DET,Game 2: Cleveland at Detroit Winner?,Detroit,yes,2026-05-08T01:43:20Z
KXNBAGAME-26MAY05LALOKC-OKC,Game 1: Los Angeles L at Oklahoma City Winner?,Oklahoma City,yes,2026-05-06T03:07:06Z
KXNBAGAME-26MAY04PHINYK-PHI,Game 1: Philadelphia at New York Winner?,Philadelphia,no,2026-05-05T02:47:49Z
KXNBAGAME-26MAY10NYKPHI-PHI,Game 4: New York at Philadelphia Winner?,Philadelphia,no,2026-05-10T22:11:56Z
KXNBAGAME-26MAY11OKCLAL-OKC,Game 4: Oklahoma City at Los Angeles L Winner?,Oklahoma City,yes,2026-05-12T05:31:20Z
KXNBAGAME-26MAY07LALOKC-OKC,Game 2: Los Angeles L at Oklahoma City Winner?,Oklahoma City,yes,2026-05-08T04:20:34Z
KXNBAGAME-26MAY09OKCLAL-OKC,Game 3: Oklahoma City at Los Angeles L Winner?,Oklahoma City,yes,2026-05-10T02:59:11Z
KXNBAGAME-26MAY08NYKPHI-PHI,Game 3: New York at Philadelphia Winner?,Philadelphia,no,2026-05-09T01:51:23Z
KXNBAGAME-26MAY06PHINYK-PHI,Game 2: Philadelphia at New York Winner?,Philadelphia,no,2026-05-07T01:54:06Z
KXNBAGAME-26MAY04MINSAS-SAS,Game 1: Minnesota at San Antonio Winner?,San Antonio,no,2026-05-05T04:15:21Z
KXNBAGAME-26MAY10SASMIN-SAS,Game 4: San Antonio at Minnesota Winner?,San Antonio,no,2026-05-11T02:21:15Z
KXNBAGAME-26MAY08SASMIN-SAS,Game 3: San Antonio at Minnesota Winner?,San Antonio,yes,2026-05-09T04:30:58Z
KXNBAGAME-26MAY06MINSAS-SAS,Game 2: Minnesota at San Antonio Winner?,San Antonio,yes,2026-05-07T04:23:51Z
KXNBAGAME-26MAY01LALHOU-LAL,Game 6: Los Angeles L at Houston Winner?,Los Angeles L,yes,2026-05-02T04:18:30Z
KXNBAGAME-26MAY01DETORL-ORL,Game 6: Detroit at Orlando Winner?,Orlando,no,2026-05-02T01:43:12Z
KXNBAGAME-26APR30BOSPHI-PHI,Game 6: Boston at Philadelphia Winner?,Philadelphia,yes,2026-05-01T02:32:56Z
KXNBAGAME-26APR30DENMIN-MIN,Game 6: Denver at Minnesota Winner?,Minnesota,yes,2026-05-01T04:23:43Z
KXNBAGAME-26APR30NYKATL-NYK,Game 6: New York at Atlanta Winner?,New York,yes,2026-05-01T01:44:43Z
KXNBAGAME-26MAY01CLETOR-TOR,Game 6: Cleveland at Toronto Winner?,Toronto,yes,2026-05-02T02:34:27Z
KXNBAGAME-26APR29HOULAL-LAL,Game 5: Houston at Los Angeles L Winner?,Los Angeles L,no,2026-04-30T04:48:46Z
KXNBAGAME-26APR29TORCLE-TOR,Game 5: Toronto at Cleveland Winner?,Toronto,no,2026-04-30T02:18:59Z
KXNBAGAME-26APR29ORLDET-ORL,Game 5: Orlando at Detroit Winner?,Orlando,no,2026-04-30T01:43:51Z
KXNBAGAME-26APR28PORSAS-SAS,Game 5: Portland at San Antonio Winner?,San Antonio,yes,2026-04-29T04:27:31Z
KXNBAGAME-26APR28ATLNYK-NYK,Game 5: Atlanta at New York Winner?,New York,yes,2026-04-29T02:48:10Z
KXNBAGAME-26APR28PHIBOS-PHI,Game 5: Philadelphia at Boston Winner?,Philadelphia,yes,2026-04-29T01:34:45Z
KXNBAGAME-26APR27OKCPHX-PHX,Game 4: Oklahoma City at Phoenix Winner?,Phoenix,no,2026-04-28T04:18:21Z
KXNBAGAME-26APR27MINDEN-MIN,Game 5: Minnesota at Denver Winner?,Minnesota,no,2026-04-28T05:22:43Z
KXNBAGAME-26APR27DETORL-ORL,Game 4: Detroit at Orlando Winner?,Orlando,yes,2026-04-28T02:58:12Z
KXNBAGAME-26APR25OKCPHX-PHX,Game 3: Oklahoma City at Phoenix Winner?,Phoenix,no,2026-04-25T22:08:58Z
KXNBAGAME-26APR22PHXOKC-PHX,Game 2: Phoenix at Oklahoma City Winner?,Phoenix,no,2026-04-23T04:23:18Z
KXNBAGAME-26APR25DETORL-ORL,Game 3: Detroit at Orlando Winner?,Orlando,yes,2026-04-25T19:54:29Z
KXNBAGAME-26APR22ORLDET-ORL,Game 2: Orlando at Detroit Winner?,Orlando,no,2026-04-23T01:51:33Z
KXNBAGAME-26APR19PHXOKC-PHX,Game 1: Phoenix at Oklahoma City Winner?,Phoenix,no,2026-04-19T22:08:38Z
KXNBAGAME-26APR19ORLDET-ORL,Game 1: Orlando at Detroit Winner?,Orlando,yes,2026-04-20T01:08:10Z
KXNBAGAME-26APR26BOSPHI-PHI,Game 4: Boston at Philadelphia Winner?,Philadelphia,no,2026-04-27T01:37:43Z
KXNBAGAME-26APR19PHIBOS-PHI,Game 1: Philadelphia at Boston Winner?,Philadelphia,no,2026-04-19T19:36:36Z
KXNBAGAME-26APR24BOSPHI-PHI,Game 3: Boston at Philadelphia Winner?,Philadelphia,no,2026-04-25T01:46:26Z
KXNBAGAME-26APR21PHIBOS-PHI,Game 2: Philadelphia at Boston Winner?,Philadelphia,yes,2026-04-22T01:30:03Z
KXNBAGAME-26APR17GSWPHX-PHX,Golden State at Phoenix Winner?,Phoenix,yes,2026-04-18T04:53:15Z
KXNBAGAME-26APR17CHAORL-ORL,Charlotte at Orlando Winner?,Orlando,yes,2026-04-18T02:24:20Z
KXNBAGAME-26APR26SASPOR-SAS,Game 4: San Antonio at Portland Winner?,San Antonio,yes,2026-04-26T22:23:03Z
KXNBAGAME-26APR24SASPOR-SAS,Game 3: San Antonio at Portland Winner?,San Antonio,yes,2026-04-25T05:32:03Z
KXNBAGAME-26APR19PORSAS-SAS,Game 1: Portland at San Antonio Winner?,San Antonio,yes,2026-04-20T03:46:29Z
KXNBAGAME-26APR21PORSAS-SAS,Game 2: Portland at San Antonio Winner?,San Antonio,no,2026-04-22T02:42:45Z
KXNBAGAME-26APR25NYKATL-NYK,Game 4: New York at Atlanta Winner?,New York,yes,2026-04-26T00:52:32Z
KXNBAGAME-26APR26LALHOU-LAL,Game 4: Los Angeles L at Houston Winner?,Los Angeles L,no,2026-04-27T04:17:21Z
KXNBAGAME-26APR25DENMIN-MIN,Game 4: Denver at Minnesota Winner?,Minnesota,yes,2026-04-26T03:24:33Z
KXNBAGAME-26APR26CLETOR-TOR,Game 4: Cleveland at Toronto Winner?,Toronto,yes,2026-04-26T19:55:45Z
KXNBAGAME-26APR24LALHOU-LAL,Game 3: Los Angeles L at Houston Winner?,Los Angeles L,yes,2026-04-25T03:10:38Z
KXNBAGAME-26APR23DENMIN-MIN,Game 3: Denver at Minnesota Winner?,Minnesota,yes,2026-04-24T04:14:22Z
KXNBAGAME-26APR23CLETOR-TOR,Game 3: Cleveland at Toronto Winner?,Toronto,yes,2026-04-24T02:35:48Z
KXNBAGAME-26APR23NYKATL-NYK,Game 3: New York at Atlanta Winner?,New York,no,2026-04-24T01:46:52Z
KXNBAGAME-26APR21HOULAL-LAL,Game 2: Houston at Los Angeles L Winner?,Los Angeles L,yes,2026-04-22T05:19:29Z
KXNBAGAME-26APR20TORCLE-TOR,Game 2: Toronto at Cleveland Winner?,Toronto,no,2026-04-21T01:38:25Z
KXNBAGAME-26APR20ATLNYK-NYK,Game 2: Atlanta at New York Winner?,New York,no,2026-04-21T02:47:51Z
KXNBAGAME-26APR20MINDEN-MIN,Game 2: Minnesota at Denver Winner?,Minnesota,yes,2026-04-21T05:28:34Z
KXNBAGAME-26APR18TORCLE-TOR,Toronto at Cleveland Winner?,Toronto,no,2026-04-18T19:50:47Z
KXNBAGAME-26APR18ATLNYK-NYK,Atlanta at New York Winner?,New York,yes,2026-04-19T00:51:25Z
KXNBAGAME-26APR18MINDEN-MIN,Minnesota at Denver Winner?,Minnesota,no,2026-04-18T22:16:57Z
KXNBAGAME-26APR18HOULAL-LAL,Houston at Los Angeles L Winner?,Los Angeles L,yes,2026-04-19T03:22:19Z
KXNBAGAME-26APR15GSWLAC-LAC,Golden State at Los Angeles C Winner?,Los Angeles C,no,2026-04-16T04:47:53Z
KXNBAGAME-26APR15ORLPHI-PHI,Orlando at Philadelphia Winner?,Philadelphia,yes,2026-04-16T02:16:14Z
KXNBAGAME-26APR14MIACHA-MIA,Miami at Charlotte Winner?,Miami,no,2026-04-15T02:23:28Z
KXNBAGAME-26APR14PORPHX-POR,Portland at Phoenix Winner?,Portland,yes,2026-04-15T04:48:51Z
KXNBAGAME-26APR12MEMHOU-MEM,Memphis at Houston Winner?,Memphis,no,2026-04-13T03:00:30Z
KXNBAGAME-26APR12PHXOKC-PHX,Phoenix at Oklahoma City Winner?,Phoenix,yes,2026-04-13T02:45:45Z
KXNBAGAME-26APR12NOPMIN-NOP,New Orleans at Minnesota Winner?,New Orleans,no,2026-04-13T03:19:59Z
KXNBAGAME-26APR12DENSAS-SAS,Denver at San Antonio Winner?,San Antonio,no,2026-04-13T03:05:36Z
KXNBAGAME-26APR12GSWLAC-LAC,Golden State at Los Angeles C Winner?,Los Angeles C,yes,2026-04-13T03:07:33Z
KXNBAGAME-26APR12UTALAL-UTA,Utah at Los Angeles L Winner?,Utah,no,2026-04-13T02:55:43Z
KXNBAGAME-26APR12SACPOR-SAC,Sacramento at Portland Winner?,Sacramento,no,2026-04-13T03:07:33Z
KXNBAGAME-26APR12CHIDAL-DAL,Chicago at Dallas Winner?,Dallas,yes,2026-04-13T03:01:40Z
KXNBAGAME-26APR12MILPHI-PHI,Milwaukee at Philadelphia Winner?,Philadelphia,yes,2026-04-13T00:23:57Z
KXNBAGAME-26APR12CHANYK-NYK,Charlotte at New York Winner?,New York,no,2026-04-13T00:33:49Z
KXNBAGAME-26APR12ATLMIA-MIA,Atlanta at Miami Winner?,Miami,yes,2026-04-13T00:27:50Z
KXNBAGAME-26APR12WASCLE-WAS,Washington at Cleveland Winner?,Washington,no,2026-04-13T00:25:56Z
KXNBAGAME-26APR12BKNTOR-TOR,Brooklyn at Toronto Winner?,Toronto,yes,2026-04-13T00:40:34Z
KXNBAGAME-26APR12ORLBOS-ORL,Orlando at Boston Winner?,Orlando,no,2026-04-13T00:53:49Z
KXNBAGAME-26APR12DETIND-IND,Detroit at Indiana Winner?,Indiana,no,2026-04-13T00:35:50Z
KXNBAGAME-26APR10LACPOR-POR,Los Angeles C at Portland Winner?,Portland,yes,2026-04-11T04:40:49Z
KXNBAGAME-26APR10GSWSAC-SAC,Golden State at Sacramento Winner?,Sacramento,yes,2026-04-11T05:01:28Z
KXNBAGAME-26APR10PHXLAL-PHX,Phoenix at Los Angeles L Winner?,Phoenix,no,2026-04-11T05:22:10Z
KXNBAGAME-26APR10MEMUTA-UTA,Memphis at Utah Winner?,Utah,yes,2026-04-11T04:00:43Z
KXNBAGAME-26APR10ORLCHI-ORL,Orlando at Chicago Winner?,Orlando,yes,2026-04-11T02:36:52Z
KXNBAGAME-26APR10MINHOU-MIN,Minnesota at Houston Winner?,Minnesota,yes,2026-04-11T04:18:11Z
KXNBAGAME-26APR10DALSAS-SAS,Dallas at San Antonio Winner?,San Antonio,yes,2026-04-11T02:34:24Z
KXNBAGAME-26APR10OKCDEN-OKC,Oklahoma City at Denver Winner?,Oklahoma City,no,2026-04-11T03:25:27Z
KXNBAGAME-26APR10BKNMIL-MIL,Brooklyn at Milwaukee Winner?,Milwaukee,yes,2026-04-11T02:34:25Z
KXNBAGAME-26APR10TORNYK-TOR,Toronto at New York Winner?,Toronto,no,2026-04-11T02:02:30Z
KXNBAGAME-26APR10NOPBOS-NOP,New Orleans at Boston Winner?,New Orleans,no,2026-04-11T02:01:48Z
KXNBAGAME-26APR10PHIIND-PHI,Philadelphia at Indiana Winner?,Philadelphia,yes,2026-04-11T01:58:09Z
KXNBAGAME-26APR10DETCHA-DET,Detroit at Charlotte Winner?,Detroit,yes,2026-04-11T01:46:38Z
KXNBAGAME-26APR10MIAWAS-WAS,Miami at Washington Winner?,Washington,no,2026-04-11T01:38:19Z
KXNBAGAME-26APR10CLEATL-CLE,Cleveland at Atlanta Winner?,Cleveland,no,2026-04-11T01:38:20Z
KXNBAGAME-26APR09PHIHOU-PHI,Philadelphia at Houston Winner?,Philadelphia,no,2026-04-10T02:50:36Z
KXNBAGAME-26APR09LALGSW-LAL,Los Angeles L at Golden State Winner?,Los Angeles L,yes,2026-04-10T04:38:04Z
KXNBAGAME-26APR09INDBKN-IND,Indiana at Brooklyn Winner?,Indiana,yes,2026-04-10T01:58:09Z
KXNBAGAME-26APR09BOSNYK-NYK,Boston at New York Winner?,New York,yes,2026-04-10T02:02:06Z
KXNBAGAME-26APR09MIATOR-TOR,Miami at Toronto Winner?,Toronto,yes,2026-04-10T01:46:11Z
KXNBAGAME-26APR09CHIWAS-WAS,Chicago at Washington Winner?,Washington,no,2026-04-10T01:36:17Z
KXNBAGAME-26APR08DALPHX-PHX,Dallas at Phoenix Winner?,Phoenix,yes,2026-04-09T04:40:47Z
KXNBAGAME-26APR08PORSAS-SAS,Portland at San Antonio Winner?,San Antonio,yes,2026-04-09T04:14:26Z
KXNBAGAME-26APR08MEMDEN-MEM,Memphis at Denver Winner?,Memphis,no,2026-04-09T03:33:59Z
KXNBAGAME-26APR08OKCLAC-OKC,Oklahoma City at Los Angeles C Winner?,Oklahoma City,yes,2026-04-09T04:34:17Z
KXNBAGAME-26APR08MILDET-MIL,Milwaukee at Detroit Winner?,Milwaukee,no,2026-04-09T01:48:07Z
KXNBAGAME-26APR08MINORL-ORL,Minnesota at Orlando Winner?,Orlando,yes,2026-04-09T01:36:08Z
KXNBAGAME-26APR08ATLCLE-CLE,Atlanta at Cleveland Winner?,Cleveland,yes,2026-04-09T01:44:08Z
KXNBAGAME-26APR07SACGSW-SAC,Sacramento at Golden State Winner?,Sacramento,no,2026-04-08T04:40:57Z
KXNBAGAME-26APR07DALLAC-LAC,Dallas at Los Angeles C Winner?,Los Angeles C,yes,2026-04-08T05:14:02Z
KXNBAGAME-26APR07HOUPHX-PHX,Houston at Phoenix Winner?,Phoenix,no,2026-04-08T05:54:26Z
KXNBAGAME-26APR07UTANOP-UTA,Utah at New Orleans Winner?,Utah,no,2026-04-08T02:37:59Z
KXNBAGAME-26APR07OKCLAL-OKC,Oklahoma City at Los Angeles L Winner?,Oklahoma City,yes,2026-04-08T04:57:59Z
KXNBAGAME-26APR07CHABOS-CHA,Charlotte at Boston Winner?,Charlotte,no,2026-04-08T02:31:31Z
KXNBAGAME-26APR07MIATOR-TOR,Miami at Toronto Winner?,Toronto,yes,2026-04-08T02:02:29Z
KXNBAGAME-26APR07MILBKN-MIL,Milwaukee at Brooklyn Winner?,Milwaukee,no,2026-04-08T02:10:54Z
KXNBAGAME-26APR07CHIWAS-WAS,Chicago at Washington Winner?,Washington,no,2026-04-08T01:46:19Z
KXNBAGAME-26APR07MININD-MIN,Minnesota at Indiana Winner?,Minnesota,yes,2026-04-08T01:41:29Z
KXNBAGAME-26APR06PORDEN-POR,Portland at Denver Winner?,Portland,no,2026-04-07T04:03:53Z
KXNBAGAME-26APR06CLEMEM-MEM,Cleveland at Memphis Winner?,Memphis,no,2026-04-07T02:41:17Z
KXNBAGAME-26APR06PHISAS-SAS,Philadelphia at San Antonio Winner?,San Antonio,yes,2026-04-07T02:53:58Z
KXNBAGAME-26APR06NYKATL-NYK,New York at Atlanta Winner?,New York,yes,2026-04-07T02:01:11Z
KXNBAGAME-26APR06DETORL-ORL,Detroit at Orlando Winner?,Orlando,yes,2026-04-07T02:06:08Z
KXNBAGAME-26APR05HOUGSW-HOU,Houston at Golden State Winner?,Houston,yes,2026-04-06T04:51:00Z
KXNBAGAME-26APR05LACSAC-SAC,Los Angeles C at Sacramento Winner?,Sacramento,no,2026-04-06T03:41:50Z
KXNBAGAME-26APR05LALDAL-LAL,Los Angeles L at Dallas Winner?,Los Angeles L,no,2026-04-06T03:33:04Z
KXNBAGAME-26APR05CHAMIN-MIN,Charlotte at Minnesota Winner?,Minnesota,no,2026-04-06T01:40:28Z
KXNBAGAME-26APR05ORLNOP-ORL,Orlando at New Orleans Winner?,Orlando,yes,2026-04-06T01:44:16Z
KXNBAGAME-26APR05UTAOKC-UTA,Utah at Oklahoma City Winner?,Utah,no,2026-04-06T01:31:12Z
KXNBAGAME-26APR05INDCLE-IND,Indiana at Cleveland Winner?,Indiana,no,2026-04-06T00:31:32Z
KXNBAGAME-26APR05MEMMIL-MIL,Memphis at Milwaukee Winner?,Milwaukee,yes,2026-04-05T22:18:13Z
KXNBAGAME-26APR05PHXCHI-PHX,Phoenix at Chicago Winner?,Phoenix,yes,2026-04-05T22:22:27Z
KXNBAGAME-26APR05TORBOS-TOR,Toronto at Boston Winner?,Toronto,no,2026-04-05T21:56:20Z
KXNBAGAME-26APR05WASBKN-WAS,Washington at Brooklyn Winner?,Washington,no,2026-04-05T22:24:03Z
KXNBAGAME-26APR04DETPHI-PHI,Detroit at Philadelphia Winner?,Philadelphia,no,2026-04-05T01:25:58Z
KXNBAGAME-26APR04SASDEN-SAS,San Antonio at Denver Winner?,San Antonio,no,2026-04-04T22:18:00Z
KXNBAGAME-26APR04WASMIA-WAS,Washington at Miami Winner?,Washington,no,2026-04-04T21:46:07Z
KXNBAGAME-26APR03UTAHOU-UTA,Utah at Houston Winner?,Utah,no,2026-04-04T02:34:02Z
KXNBAGAME-26APR03NOPSAC-SAC,New Orleans at Sacramento Winner?,Sacramento,yes,2026-04-04T05:02:04Z
KXNBAGAME-26APR03BOSMIL-MIL,Boston at Milwaukee Winner?,Milwaukee,no,2026-04-04T02:30:56Z
KXNBAGAME-26APR03TORMEM-TOR,Toronto at Memphis Winner?,Toronto,yes,2026-04-04T02:46:00Z
KXNBAGAME-26APR03ORLDAL-ORL,Orlando at Dallas Winner?,Orlando,yes,2026-04-04T03:20:35Z
KXNBAGAME-26APR03CHINYK-NYK,Chicago at New York Winner?,New York,yes,2026-04-04T02:16:14Z
KXNBAGAME-26APR03ATLBKN-BKN,Atlanta at Brooklyn Winner?,Brooklyn,no,2026-04-04T02:12:18Z
KXNBAGAME-26APR03MINPHI-PHI,Minnesota at Philadelphia Winner?,Philadelphia,yes,2026-04-04T01:44:10Z
KXNBAGAME-26APR03INDCHA-IND,Indiana at Charlotte Winner?,Indiana,no,2026-04-04T01:26:26Z
KXNBAGAME-26APR02NOPPOR-POR,New Orleans at Portland Winner?,Portland,yes,2026-04-03T04:51:56Z
KXNBAGAME-26APR02CLEGSW-GSW,Cleveland at Golden State Winner?,Golden State,no,2026-04-03T04:47:57Z
KXNBAGAME-26APR02LALOKC-OKC,Los Angeles L at Oklahoma City Winner?,Oklahoma City,yes,2026-04-03T04:01:05Z
KXNBAGAME-26APR02SASLAC-SAS,San Antonio at Los Angeles C Winner?,San Antonio,yes,2026-04-03T05:15:51Z
KXNBAGAME-26APR02MINDET-MIN,Minnesota at Detroit Winner?,Minnesota,no,2026-04-03T01:54:00Z
KXNBAGAME-26APR02PHXCHA-PHX,Phoenix at Charlotte Winner?,Phoenix,no,2026-04-03T01:34:05Z
KXNBAGAME-26APR01SASGSW-SAS,San Antonio at Golden State Winner?,San Antonio,yes,2026-04-02T04:54:00Z
KXNBAGAME-26APR01DENUTA-UTA,Denver at Utah Winner?,Utah,no,2026-04-02T03:37:49Z
KXNBAGAME-26APR01BOSMIA-MIA,Boston at Miami Winner?,Miami,no,2026-04-02T02:11:09Z
KXNBAGAME-26APR01SACTOR-TOR,Sacramento at Toronto Winner?,Toronto,no,2026-04-02T02:57:56Z
KXNBAGAME-26APR01MILHOU-MIL,Milwaukee at Houston Winner?,Milwaukee,no,2026-04-02T02:40:40Z
KXNBAGAME-26APR01INDCHI-IND,Indiana at Chicago Winner?,Indiana,yes,2026-04-02T02:28:03Z
KXNBAGAME-26APR01NYKMEM-NYK,New York at Memphis Winner?,New York,yes,2026-04-02T02:32:02Z
KXNBAGAME-26APR01ATLORL-ORL,Atlanta at Orlando Winner?,Orlando,no,2026-04-02T01:46:15Z
KXNBAGAME-26APR01PHIWAS-WAS,Philadelphia at Washington Winner?,Washington,no,2026-04-02T01:28:09Z
KXNBAGAME-26MAR31DALMIL-MIL,Dallas at Milwaukee Winner?,Milwaukee,yes,2026-04-01T02:55:55Z
KXNBAGAME-26MAR31CLELAL-LAL,Cleveland at Los Angeles L Winner?,Los Angeles L,yes,2026-04-01T05:00:47Z
KXNBAGAME-26MAR31PORLAC-POR,Portland at Los Angeles C Winner?,Portland,yes,2026-04-01T05:40:29Z
KXNBAGAME-26MAR31NYKHOU-NYK,New York at Houston Winner?,New York,no,2026-04-01T02:30:53Z
KXNBAGAME-26MAR31TORDET-TOR,Toronto at Detroit Winner?,Toronto,no,2026-04-01T02:51:54Z
KXNBAGAME-26MAR31CHABKN-CHA,Charlotte at Brooklyn Winner?,Charlotte,yes,2026-04-01T02:08:04Z
KXNBAGAME-26MAR31PHXORL-PHX,Phoenix at Orlando Winner?,Phoenix,no,2026-04-01T01:56:17Z
KXNBAGAME-26MAR30CLEUTA-UTA,Cleveland at Utah Winner?,Utah,no,2026-03-31T03:28:05Z
KXNBAGAME-26MAR30DETOKC-OKC,Detroit at Oklahoma City Winner?,Oklahoma City,yes,2026-03-31T04:44:05Z
KXNBAGAME-26MAR30WASLAL-WAS,Washington at Los Angeles L Winner?,Washington,no,2026-03-31T04:36:04Z
KXNBAGAME-26MAR30BOSATL-BOS,Boston at Atlanta Winner?,Boston,no,2026-03-31T02:08:16Z
KXNBAGAME-26MAR30PHXMEM-PHX,Phoenix at Memphis Winner?,Phoenix,yes,2026-03-31T02:46:16Z
KXNBAGAME-26MAR30MINDAL-MIN,Minnesota at Dallas Winner?,Minnesota,yes,2026-03-31T03:10:56Z
KXNBAGAME-26MAR30CHISAS-SAS,Chicago at San Antonio Winner?,San Antonio,yes,2026-03-31T02:38:20Z
KXNBAGAME-26MAR30PHIMIA-PHI,Philadelphia at Miami Winner?,Philadelphia,no,2026-03-31T01:48:23Z
KXNBAGAME-26MAR29GSWDEN-GSW,Golden State at Denver Winner?,Golden State,no,2026-03-30T04:51:56Z
KXNBAGAME-26MAR29NYKOKC-OKC,New York at Oklahoma City Winner?,Oklahoma City,yes,2026-03-30T02:24:07Z
KXNBAGAME-26MAR29WASPOR-WAS,Washington at Portland Winner?,Washington,no,2026-03-30T00:41:12Z
KXNBAGAME-26MAR29HOUNOP-NOP,Houston at New Orleans Winner?,New Orleans,no,2026-03-30T01:34:02Z
KXNBAGAME-26MAR29BOSCHA-CHA,Boston at Charlotte Winner?,Charlotte,no,2026-03-30T00:20:34Z
KXNBAGAME-26MAR29SACBKN-SAC,Sacramento at Brooklyn Winner?,Sacramento,no,2026-03-30T00:30:58Z
KXNBAGAME-26MAR29ORLTOR-TOR,Orlando at Toronto Winner?,Toronto,yes,2026-03-30T00:34:07Z
KXNBAGAME-26MAR29MIAIND-MIA,Miami at Indiana Winner?,Miami,no,2026-03-29T23:28:12Z
KXNBAGAME-26MAR29LACMIL-MIL,Los Angeles C at Milwaukee Winner?,Milwaukee,no,2026-03-29T22:06:18Z
KXNBAGAME-26MAR28SACATL-SAC,Sacramento at Atlanta Winner?,Sacramento,no,2026-03-29T01:58:12Z
KXNBAGAME-26MAR28CHIMEM-MEM,Chicago at Memphis Winner?,Memphis,yes,2026-03-29T02:50:40Z
KXNBAGAME-26MAR28UTAPHX-UTA,Utah at Phoenix Winner?,Utah,no,2026-03-29T04:30:42Z
KXNBAGAME-26MAR28PHICHA-PHI,Philadelphia at Charlotte Winner?,Philadelphia,yes,2026-03-29T00:46:15Z
KXNBAGAME-26MAR28DETMIN-MIN,Detroit at Minnesota Winner?,Minnesota,no,2026-03-29T00:01:05Z
KXNBAGAME-26MAR28SASMIL-SAS,San Antonio at Milwaukee Winner?,San Antonio,yes,2026-03-28T21:31:23Z
KXNBAGAME-26MAR27BKNLAL-LAL,Brooklyn at Los Angeles L Winner?,Los Angeles L,yes,2026-03-28T05:10:34Z
KXNBAGAME-26MAR27WASGSW-WAS,Washington at Golden State Winner?,Washington,no,2026-03-28T04:46:05Z
KXNBAGAME-26MAR27ATLBOS-BOS,Atlanta at Boston Winner?,Boston,yes,2026-03-28T02:02:40Z
KXNBAGAME-26MAR27CHIOKC-OKC,Chicago at Oklahoma City Winner?,Oklahoma City,yes,2026-03-28T02:36:20Z
KXNBAGAME-26MAR27HOUMEM-MEM,Houston at Memphis Winner?,Memphis,no,2026-03-28T02:24:22Z
KXNBAGAME-26MAR27DALPOR-POR,Dallas at Portland Winner?,Portland,no,2026-03-28T04:36:06Z
KXNBAGAME-26MAR27MIACLE-MIA,Miami at Cleveland Winner?,Miami,no,2026-03-28T02:21:05Z
KXNBAGAME-26MAR27NOPTOR-TOR,New Orleans at Toronto Winner?,Toronto,yes,2026-03-28T03:12:16Z
KXNBAGAME-26MAR27UTADEN-UTA,Utah at Denver Winner?,Utah,no,2026-03-28T03:40:48Z
KXNBAGAME-26MAR27LACIND-LAC,Los Angeles C at Indiana Winner?,Los Angeles C,yes,2026-03-28T02:01:18Z
KXNBAGAME-26MAR26NOPDET-NOP,New Orleans at Detroit Winner?,New Orleans,no,2026-03-27T01:34:08Z
KXNBAGAME-26MAR26NYKCHA-NYK,New York at Charlotte Winner?,New York,no,2026-03-27T01:40:39Z
KXNBAGAME-26MAR26SACORL-SAC,Sacramento at Orlando Winner?,Sacramento,no,2026-03-27T01:36:06Z
KXNBAGAME-26MAR25TORLAC-TOR,Toronto at Los Angeles C Winner?,Toronto,no,2026-03-26T05:03:52Z
KXNBAGAME-26MAR25MIACLE-MIA,Miami at Cleveland Winner?,Miami,yes,2026-03-26T02:10:58Z
KXNBAGAME-26MAR25BKNGSW-GSW,Brooklyn at Golden State Winner?,Golden State,yes,2026-03-26T04:50:37Z
KXNBAGAME-26MAR25SASMEM-SAS,San Antonio at Memphis Winner?,San Antonio,yes,2026-03-26T02:30:46Z
KXNBAGAME-26MAR25MILPOR-POR,Milwaukee at Portland Winner?,Portland,yes,2026-03-26T04:40:49Z
KXNBAGAME-26MAR25HOUMIN-MIN,Houston at Minnesota Winner?,Minnesota,yes,2026-03-26T04:40:48Z
KXNBAGAME-26MAR25OKCBOS-OKC,Oklahoma City at Boston Winner?,Oklahoma City,no,2026-03-26T02:14:07Z
KXNBAGAME-26MAR25DALDEN-DEN,Dallas at Denver Winner?,Denver,yes,2026-03-26T04:47:57Z
KXNBAGAME-26MAR25WASUTA-WAS,Washington at Utah Winner?,Washington,yes,2026-03-26T03:30:45Z
KXNBAGAME-26MAR25CHIPHI-PHI,Chicago at Philadelphia Winner?,Philadelphia,yes,2026-03-26T01:41:21Z
KXNBAGAME-26MAR25LALIND-LAL,Los Angeles L at Indiana Winner?,Los Angeles L,yes,2026-03-26T01:41:17Z
KXNBAGAME-26MAR25ATLDET-DET,Atlanta at Detroit Winner?,Detroit,no,2026-03-26T02:08:15Z
KXNBAGAME-26MAR24DENPHX-PHX,Denver at Phoenix Winner?,Phoenix,no,2026-03-25T05:54:01Z
KXNBAGAME-26MAR24ORLCLE-ORL,Orlando at Cleveland Winner?,Orlando,no,2026-03-25T02:48:00Z
KXNBAGAME-26MAR24NOPNYK-NYK,New Orleans at New York Winner?,New York,yes,2026-03-25T02:08:56Z
KXNBAGAME-26MAR24SACCHA-SAC,Sacramento at Charlotte Winner?,Sacramento,no,2026-03-25T01:28:08Z
KXNBAGAME-26MAR23MILLAC-MIL,Milwaukee at Los Angeles C Winner?,Milwaukee,no,2026-03-24T04:58:02Z
KXNBAGAME-26MAR23GSWDAL-GSW,Golden State at Dallas Winner?,Golden State,yes,2026-03-24T04:40:37Z
KXNBAGAME-26MAR23BKNPOR-POR,Brooklyn at Portland Winner?,Portland,yes,2026-03-24T04:50:44Z
KXNBAGAME-26MAR23HOUCHI-HOU,Houston at Chicago Winner?,Houston,no,2026-03-24T02:36:12Z
KXNBAGAME-26MAR23TORUTA-UTA,Toronto at Utah Winner?,Utah,no,2026-03-24T03:50:49Z
KXNBAGAME-26MAR23MEMATL-MEM,Memphis at Atlanta Winner?,Memphis,no,2026-03-24T02:02:20Z
KXNBAGAME-26MAR23INDORL-ORL,Indiana at Orlando Winner?,Orlando,no,2026-03-24T01:44:24Z
KXNBAGAME-26MAR23SASMIA-SAS,San Antonio at Miami Winner?,San Antonio,yes,2026-03-24T01:51:09Z
KXNBAGAME-26MAR23OKCPHI-PHI,Oklahoma City at Philadelphia Winner?,Philadelphia,no,2026-03-24T01:26:32Z
KXNBAGAME-26MAR23LALDET-LAL,Los Angeles L at Detroit Winner?,Los Angeles L,no,2026-03-24T01:46:28Z
KXNBAGAME-26MAR22MINBOS-MIN,Minnesota at Boston Winner?,Minnesota,yes,2026-03-23T02:40:52Z
KXNBAGAME-26MAR22TORPHX-TOR,Toronto at Phoenix Winner?,Toronto,no,2026-03-23T03:55:54Z
KXNBAGAME-26MAR22WASNYK-WAS,Washington at New York Winner?,Washington,no,2026-03-23T02:06:01Z
KXNBAGAME-26MAR22BKNSAC-SAC,Brooklyn at Sacramento Winner?,Sacramento,yes,2026-03-23T00:44:07Z
KXNBAGAME-26MAR22PORDEN-POR,Portland at Denver Winner?,Portland,no,2026-03-22T23:28:07Z
KXNBAGAME-26MAR21LACDAL-LAC,Los Angeles C at Dallas Winner?,Los Angeles C,yes,2026-03-22T03:22:22Z
KXNBAGAME-26MAR21MIAHOU-MIA,Miami at Houston Winner?,Miami,no,2026-03-22T02:44:06Z
KXNBAGAME-26MAR21PHIUTA-UTA,Philadelphia at Utah Winner?,Utah,no,2026-03-22T04:06:04Z
KXNBAGAME-26MAR21INDSAS-SAS,Indiana at San Antonio Winner?,San Antonio,yes,2026-03-22T02:30:55Z
KXNBAGAME-26MAR21GSWATL-GSW,Golden State at Atlanta Winner?,Golden State,no,2026-03-22T02:42:12Z
KXNBAGAME-26MAR21MILPHX-PHX,Milwaukee at Phoenix Winner?,Phoenix,no,2026-03-22T04:42:02Z
KXNBAGAME-26MAR21MEMCHA-MEM,Memphis at Charlotte Winner?,Memphis,no,2026-03-22T01:38:15Z
KXNBAGAME-26MAR21CLENOP-NOP,Cleveland at New Orleans Winner?,New Orleans,no,2026-03-22T01:31:02Z
KXNBAGAME-26MAR21OKCWAS-WAS,Oklahoma City at Washington Winner?,Washington,no,2026-03-21T23:42:28Z
KXNBAGAME-26MAR21LALORL-ORL,Los Angeles L at Orlando Winner?,Orlando,no,2026-03-22T01:50:56Z
KXNBAGAME-26MAR20BOSMEM-MEM,Boston at Memphis Winner?,Memphis,no,2026-03-21T02:44:13Z
KXNBAGAME-26MAR20TORDEN-TOR,Toronto at Denver Winner?,Toronto,no,2026-03-21T03:44:32Z
KXNBAGAME-26MAR20ATLHOU-HOU,Atlanta at Houston Winner?,Houston,yes,2026-03-21T02:44:13Z
KXNBAGAME-26MAR20PORMIN-POR,Portland at Minnesota Winner?,Portland,yes,2026-03-21T02:48:04Z
KXNBAGAME-26MAR20NYKBKN-NYK,New York at Brooklyn Winner?,New York,yes,2026-03-21T02:21:02Z
KXNBAGAME-26MAR20GSWDET-GSW,Golden State at Detroit Winner?,Golden State,no,2026-03-21T02:18:15Z
KXNBAGAME-26MAR19PHISAC-SAC,Philadelphia at Sacramento Winner?,Sacramento,no,2026-03-20T04:44:04Z
KXNBAGAME-26MAR19LALMIA-MIA,Los Angeles L at Miami Winner?,Miami,no,2026-03-20T02:52:12Z
KXNBAGAME-26MAR19MILUTA-UTA,Milwaukee at Utah Winner?,Utah,yes,2026-03-20T03:42:08Z
KXNBAGAME-26MAR19PHXSAS-SAS,Phoenix at San Antonio Winner?,San Antonio,yes,2026-03-20T02:48:22Z
KXNBAGAME-26MAR19CLECHI-CLE,Cleveland at Chicago Winner?,Cleveland,yes,2026-03-20T03:02:08Z
KXNBAGAME-26MAR19LACNOP-NOP,Los Angeles C at New Orleans Winner?,New Orleans,yes,2026-03-20T02:38:18Z
KXNBAGAME-26MAR19ORLCHA-ORL,Orlando at Charlotte Winner?,Orlando,no,2026-03-20T01:54:21Z
KXNBAGAME-26MAR19DETWAS-WAS,Detroit at Washington Winner?,Washington,no,2026-03-20T01:44:24Z
KXNBAGAME-26MAR18LALHOU-LAL,Los Angeles L at Houston Winner?,Los Angeles L,yes,2026-03-19T04:25:57Z
KXNBAGAME-26MAR18LACNOP-NOP,Los Angeles C at New Orleans Winner?,New Orleans,yes,2026-03-19T02:26:11Z
KXNBAGAME-26MAR18DENMEM-MEM,Denver at Memphis Winner?,Memphis,yes,2026-03-19T03:18:02Z
KXNBAGAME-26MAR18ATLDAL-DAL,Atlanta at Dallas Winner?,Dallas,no,2026-03-19T03:16:06Z
KXNBAGAME-26MAR18PORIND-POR,Portland at Indiana Winner?,Portland,yes,2026-03-19T02:12:18Z
KXNBAGAME-26MAR18UTAMIN-UTA,Utah at Minnesota Winner?,Utah,no,2026-03-19T02:34:07Z
KXNBAGAME-26MAR18OKCBKN-OKC,Oklahoma City at Brooklyn Winner?,Oklahoma City,yes,2026-03-19T02:04:18Z
KXNBAGAME-26MAR18TORCHI-TOR,Toronto at Chicago Winner?,Toronto,yes,2026-03-19T02:32:13Z
KXNBAGAME-26MAR18GSWBOS-GSW,Golden State at Boston Winner?,Golden State,no,2026-03-19T01:41:01Z
KXNBAGAME-26MAR17PHIDEN-PHI,Philadelphia at Denver Winner?,Philadelphia,no,2026-03-18T04:50:36Z
KXNBAGAME-26MAR17SASSAC-SAS,San Antonio at Sacramento Winner?,San Antonio,yes,2026-03-18T04:28:10Z
KXNBAGAME-26MAR17CLEMIL-MIL,Cleveland at Milwaukee Winner?,Milwaukee,no,2026-03-18T02:48:18Z
KXNBAGAME-26MAR17PHXMIN-PHX,Phoenix at Minnesota Winner?,Phoenix,no,2026-03-18T02:44:17Z
KXNBAGAME-26MAR17INDNYK-NYK,Indiana at New York Winner?,New York,yes,2026-03-18T01:58:16Z
KXNBAGAME-26MAR17OKCORL-ORL,Oklahoma City at Orlando Winner?,Orlando,no,2026-03-18T01:41:06Z
KXNBAGAME-26MAR17DETWAS-WAS,Detroit at Washington Winner?,Washington,no,2026-03-18T01:36:28Z
KXNBAGAME-26MAR17MIACHA-MIA,Miami at Charlotte Winner?,Miami,no,2026-03-18T01:48:18Z
KXNBAGAME-26MAR16LALHOU-LAL,Los Angeles L at Houston Winner?,Los Angeles L,yes,2026-03-17T04:10:40Z
KXNBAGAME-26MAR16MEMCHI-MEM,Memphis at Chicago Winner?,Memphis,no,2026-03-17T02:28:10Z
KXNBAGAME-26MAR16SASLAC-SAS,San Antonio at Los Angeles C Winner?,San Antonio,yes,2026-03-17T04:54:01Z
KXNBAGAME-26MAR16PORBKN-POR,Portland at Brooklyn Winner?,Portland,yes,2026-03-17T02:14:18Z
KXNBAGAME-26MAR16DALNOP-NOP,Dallas at New Orleans Winner?,New Orleans,yes,2026-03-17T02:30:42Z
KXNBAGAME-26MAR16PHXBOS-PHX,Phoenix at Boston Winner?,Phoenix,no,2026-03-17T02:18:13Z
KXNBAGAME-26MAR16GSWWAS-WAS,Golden State at Washington Winner?,Washington,no,2026-03-17T01:44:16Z
KXNBAGAME-26MAR16ORLATL-ORL,Orlando at Atlanta Winner?,Orlando,no,2026-03-17T01:58:23Z
KXNBAGAME-26MAR15UTASAC-UTA,Utah at Sacramento Winner?,Utah,no,2026-03-16T04:34:02Z
KXNBAGAME-26MAR15GSWNYK-NYK,Golden State at New York Winner?,New York,yes,2026-03-16T02:52:03Z
KXNBAGAME-26MAR15PORPHI-POR,Portland at Philadelphia Winner?,Portland,no,2026-03-16T00:26:05Z
KXNBAGAME-26MAR15DETTOR-TOR,Detroit at Toronto Winner?,Toronto,yes,2026-03-15T22:10:36Z
KXNBAGAME-26MAR15DALCLE-DAL,Dallas at Cleveland Winner?,Dallas,yes,2026-03-15T21:58:13Z
KXNBAGAME-26MAR15INDMIL-MIL,Indiana at Milwaukee Winner?,Milwaukee,yes,2026-03-15T22:04:13Z
KXNBAGAME-26MAR15MINOKC-OKC,Minnesota at Oklahoma City Winner?,Oklahoma City,yes,2026-03-15T19:52:16Z
KXNBAGAME-26MAR14SACLAC-SAC,Sacramento at Los Angeles C Winner?,Sacramento,yes,2026-03-15T05:13:58Z
KXNBAGAME-26MAR14ORLMIA-ORL,Orlando at Miami Winner?,Orlando,yes,2026-03-15T02:48:04Z
KXNBAGAME-26MAR14DENLAL-LAL,Denver at Los Angeles L Winner?,Los Angeles L,yes,2026-03-15T03:33:44Z
KXNBAGAME-26MAR14WASBOS-WAS,Washington at Boston Winner?,Washington,no,2026-03-15T00:22:06Z
KXNBAGAME-26MAR14CHASAS-SAS,Charlotte at San Antonio Winner?,San Antonio,yes,2026-03-14T22:18:07Z
KXNBAGAME-26MAR14MILATL-MIL,Milwaukee at Atlanta Winner?,Milwaukee,no,2026-03-14T21:31:32Z
KXNBAGAME-26MAR14BKNPHI-PHI,Brooklyn at Philadelphia Winner?,Philadelphia,yes,2026-03-14T19:41:22Z
KXNBAGAME-26MAR13CHILAC-LAC,Chicago at Los Angeles C Winner?,Los Angeles C,yes,2026-03-14T05:05:01Z
KXNBAGAME-26MAR13MINGSW-MIN,Minnesota at Golden State Winner?,Minnesota,yes,2026-03-14T04:54:22Z
KXNBAGAME-26MAR13UTAPOR-UTA,Utah at Portland Winner?,Utah,no,2026-03-14T04:42:12Z
KXNBAGAME-26MAR13NOPHOU-NOP,New Orleans at Houston Winner?,New Orleans,no,2026-03-14T02:42:04Z
KXNBAGAME-26MAR13PHXTOR-TOR,Phoenix at Toronto Winner?,Toronto,yes,2026-03-14T02:24:23Z
KXNBAGAME-26MAR13NYKIND-NYK,New York at Indiana Winner?,New York,yes,2026-03-14T02:06:51Z
KXNBAGAME-26MAR13MEMDET-MEM,Memphis at Detroit Winner?,Memphis,no,2026-03-14T02:07:37Z
KXNBAGAME-26MAR13CLEDAL-DAL,Cleveland at Dallas Winner?,Dallas,no,2026-03-14T02:02:40Z
KXNBAGAME-26MAR11CHASAC-SAC,Charlotte at Sacramento Winner?,Sacramento,no,2026-03-12T04:32:03Z
KXNBAGAME-26MAR12CHILAL-LAL,Chicago at Los Angeles L Winner?,Los Angeles L,yes,2026-03-13T05:11:58Z
KXNBAGAME-26MAR12BOSOKC-OKC,Boston at Oklahoma City Winner?,Oklahoma City,yes,2026-03-13T04:15:59Z
KXNBAGAME-26MAR12DENSAS-SAS,Denver at San Antonio Winner?,San Antonio,no,2026-03-13T03:48:00Z
KXNBAGAME-26MAR12MILMIA-MIL,Milwaukee at Miami Winner?,Milwaukee,no,2026-03-13T02:10:51Z
KXNBAGAME-26MAR12DALMEM-MEM,Dallas at Memphis Winner?,Memphis,no,2026-03-13T02:46:05Z
KXNBAGAME-26MAR12BKNATL-BKN,Brooklyn at Atlanta Winner?,Brooklyn,no,2026-03-13T02:04:17Z
KXNBAGAME-26MAR12PHXIND-PHX,Phoenix at Indiana Winner?,Phoenix,yes,2026-03-13T01:42:22Z
KXNBAGAME-26MAR12WASORL-WAS,Washington at Orlando Winner?,Washington,no,2026-03-13T01:52:14Z
KXNBAGAME-26MAR12PHIDET-PHI,Philadelphia at Detroit Winner?,Philadelphia,no,2026-03-13T01:48:12Z
KXNBAGAME-26MAR11MINLAC-MIN,Minnesota at Los Angeles C Winner?,Minnesota,no,2026-03-12T05:14:01Z
KXNBAGAME-26MAR11CLEORL-ORL,Cleveland at Orlando Winner?,Orlando,yes,2026-03-12T02:28:12Z
KXNBAGAME-26MAR11NYKUTA-UTA,New York at Utah Winner?,Utah,no,2026-03-12T03:40:46Z
KXNBAGAME-26MAR11HOUDEN-HOU,Houston at Denver Winner?,Houston,no,2026-03-12T04:42:07Z
KXNBAGAME-26MAR11TORNOP-TOR,Toronto at New Orleans Winner?,Toronto,no,2026-03-12T02:34:13Z
KXNBAGAME-26MAR10MINLAL-MIN,Minnesota at Los Angeles L Winner?,Minnesota,no,2026-03-11T05:43:54Z
KXNBAGAME-26MAR10CHIGSW-GSW,Chicago at Golden State Winner?,Golden State,no,2026-03-11T04:57:58Z
KXNBAGAME-26MAR10DALATL-DAL,Dallas at Atlanta Winner?,Dallas,no,2026-03-11T02:42:14Z
KXNBAGAME-26MAR10TORHOU-TOR,Toronto at Houston Winner?,Toronto,no,2026-03-11T02:50:50Z
KXNBAGAME-26MAR10PHXMIL-PHX,Phoenix at Milwaukee Winner?,Phoenix,yes,2026-03-11T02:46:15Z
KXNBAGAME-26MAR10BOSSAS-SAS,Boston at San Antonio Winner?,San Antonio,yes,2026-03-11T02:54:07Z
KXNBAGAME-26MAR10CHAPOR-POR,Charlotte at Portland Winner?,Portland,no,2026-03-11T04:44:04Z
KXNBAGAME-26MAR10INDSAC-SAC,Indiana at Sacramento Winner?,Sacramento,yes,2026-03-11T04:50:36Z
KXNBAGAME-26MAR10WASMIA-WAS,Washington at Miami Winner?,Washington,no,2026-03-11T02:36:13Z
KXNBAGAME-26MAR10DETBKN-DET,Detroit at Brooklyn Winner?,Detroit,yes,2026-03-11T02:26:35Z
KXNBAGAME-26MAR10MEMPHI-PHI,Memphis at Philadelphia Winner?,Philadelphia,yes,2026-03-11T02:11:15Z
KXNBAGAME-26MAR09GSWUTA-UTA,Golden State at Utah Winner?,Utah,yes,2026-03-10T03:50:41Z
KXNBAGAME-26MAR09NYKLAC-NYK,New York at Los Angeles C Winner?,New York,no,2026-03-10T04:58:27Z
KXNBAGAME-26MAR09PHICLE-PHI,Philadelphia at Cleveland Winner?,Philadelphia,no,2026-03-10T01:36:04Z
KXNBAGAME-26MAR09DENOKC-OKC,Denver at Oklahoma City Winner?,Oklahoma City,yes,2026-03-10T02:42:05Z
KXNBAGAME-26MAR09MEMBKN-MEM,Memphis at Brooklyn Winner?,Memphis,no,2026-03-10T02:02:05Z
KXNBAGAME-26MAR08INDPOR-POR,Indiana at Portland Winner?,Portland,yes,2026-03-09T03:38:02Z
KXNBAGAME-26MAR08CHISAC-SAC,Chicago at Sacramento Winner?,Sacramento,yes,2026-03-09T03:57:59Z
KXNBAGAME-26MAR08CHAPHX-PHX,Charlotte at Phoenix Winner?,Phoenix,yes,2026-03-09T04:45:57Z
KXNBAGAME-26MAR08ORLMIL-ORL,Orlando at Milwaukee Winner?,Orlando,yes,2026-03-09T02:56:15Z
KXNBAGAME-26MAR08DALTOR-TOR,Dallas at Toronto Winner?,Toronto,yes,2026-03-09T00:41:01Z
KXNBAGAME-26MAR08HOUSAS-SAS,Houston at San Antonio Winner?,San Antonio,yes,2026-03-09T02:59:04Z
KXNBAGAME-26MAR08WASNOP-WAS,Washington at New Orleans Winner?,Washington,no,2026-03-09T01:54:16Z
KXNBAGAME-26MAR08DETMIA-MIA,Detroit at Miami Winner?,Miami,yes,2026-03-09T00:52:07Z
KXNBAGAME-26MAR08NYKLAL-NYK,New York at Los Angeles L Winner?,New York,no,2026-03-08T22:26:56Z
KXNBAGAME-26MAR08BOSCLE-CLE,Boston at Cleveland Winner?,Cleveland,no,2026-03-08T20:21:26Z
KXNBAGAME-26MAR07LACMEM-MEM,Los Angeles C at Memphis Winner?,Memphis,no,2026-03-08T03:50:34Z
KXNBAGAME-26MAR07UTAMIL-UTA,Utah at Milwaukee Winner?,Utah,no,2026-03-08T03:40:33Z
KXNBAGAME-26MAR07GSWOKC-OKC,Golden State at Oklahoma City Winner?,Oklahoma City,yes,2026-03-08T04:10:32Z
KXNBAGAME-26MAR07BKNDET-DET,Brooklyn at Detroit Winner?,Detroit,no,2026-03-08T01:50:34Z
KXNBAGAME-26MAR07PHIATL-PHI,Philadelphia at Atlanta Winner?,Philadelphia,no,2026-03-08T01:44:08Z
KXNBAGAME-26MAR07ORLMIN-ORL,Orlando at Minnesota Winner?,Orlando,yes,2026-03-07T22:48:09Z
KXNBAGAME-26MAR06INDLAL-LAL,Indiana at Los Angeles L Winner?,Los Angeles L,yes,2026-03-07T06:01:59Z
KXNBAGAME-26MAR06LACSAS-SAS,Los Angeles C at San Antonio Winner?,San Antonio,yes,2026-03-07T05:12:03Z
KXNBAGAME-26MAR06NOPPHX-PHX,New Orleans at Phoenix Winner?,Phoenix,yes,2026-03-07T04:58:05Z
KXNBAGAME-26MAR06NYKDEN-NYK,New York at Denver Winner?,New York,yes,2026-03-07T04:38:04Z
KXNBAGAME-26MAR06PORHOU-POR,Portland at Houston Winner?,Portland,no,2026-03-07T03:38:07Z
KXNBAGAME-26MAR06MIACHA-MIA,Miami at Charlotte Winner?,Miami,yes,2026-03-07T02:38:10Z
KXNBAGAME-26MAR06DALBOS-DAL,Dallas at Boston Winner?,Dallas,no,2026-03-07T02:36:16Z
KXNBAGAME-26MAR05LALDEN-LAL,Los Angeles L at Denver Winner?,Los Angeles L,no,2026-03-06T05:44:15Z
KXNBAGAME-26MAR05CHIPHX-PHX,Chicago at Phoenix Winner?,Phoenix,no,2026-03-06T04:41:54Z
KXNBAGAME-26MAR05NOPSAC-SAC,New Orleans at Sacramento Winner?,Sacramento,no,2026-03-06T05:41:54Z
KXNBAGAME-26MAR05GSWHOU-HOU,Golden State at Houston Winner?,Houston,no,2026-03-06T03:32:05Z
KXNBAGAME-26MAR05BKNMIA-MIA,Brooklyn at Miami Winner?,Miami,yes,2026-03-06T03:16:12Z
KXNBAGAME-26MAR05DETSAS-SAS,Detroit at San Antonio Winner?,San Antonio,yes,2026-03-06T03:52:02Z
KXNBAGAME-26MAR05TORMIN-TOR,Toronto at Minnesota Winner?,Toronto,no,2026-03-06T03:46:08Z
KXNBAGAME-26MAR05DALORL-ORL,Dallas at Orlando Winner?,Orlando,yes,2026-03-06T02:44:13Z
KXNBAGAME-26MAR05UTAWAS-WAS,Utah at Washington Winner?,Washington,no,2026-03-06T02:31:30Z
KXNBAGAME-26MAR04INDLAC-LAC,Indiana at Los Angeles C Winner?,Los Angeles C,yes,2026-03-05T06:20:36Z
KXNBAGAME-26MAR04PORMEM-POR,Portland at Memphis Winner?,Portland,yes,2026-03-05T03:42:01Z
KXNBAGAME-26MAR04ATLMIL-MIL,Atlanta at Milwaukee Winner?,Milwaukee,no,2026-03-05T05:20:23Z
KXNBAGAME-26MAR04UTAPHI-UTA,Utah at Philadelphia Winner?,Utah,no,2026-03-05T03:06:03Z
KXNBAGAME-26MAR04CHABOS-CHA,Charlotte at Boston Winner?,Charlotte,yes,2026-03-05T03:06:03Z
KXNBAGAME-26MAR04OKCNYK-OKC,Oklahoma City at New York Winner?,Oklahoma City,yes,2026-03-05T03:04:09Z
KXNBAGAME-26MAR03PHXSAC-SAC,Phoenix at Sacramento Winner?,Sacramento,no,2026-03-04T06:45:47Z
KXNBAGAME-26MAR03NOPLAL-NOP,New Orleans at Los Angeles L Winner?,New Orleans,no,2026-03-04T06:15:53Z
KXNBAGAME-26MAR03MEMMIN-MIN,Memphis at Minnesota Winner?,Minnesota,yes,2026-03-04T03:40:51Z
KXNBAGAME-26MAR03BKNMIA-MIA,Brooklyn at Miami Winner?,Miami,yes,2026-03-04T03:11:20Z
KXNBAGAME-26MAR03OKCCHI-OKC,Oklahoma City at Chicago Winner?,Oklahoma City,yes,2026-03-04T03:33:59Z
KXNBAGAME-26MAR03SASPHI-SAS,San Antonio at Philadelphia Winner?,San Antonio,yes,2026-03-04T04:01:10Z
KXNBAGAME-26MAR03NYKTOR-TOR,New York at Toronto Winner?,Toronto,no,2026-03-04T03:08:02Z
KXNBAGAME-26MAR03DETCLE-DET,Detroit at Cleveland Winner?,Detroit,no,2026-03-04T02:38:05Z
KXNBAGAME-26MAR03DALCHA-DAL,Dallas at Charlotte Winner?,Dallas,no,2026-03-04T02:44:15Z
KXNBAGAME-26MAR03WASORL-WAS,Washington at Orlando Winner?,Washington,no,2026-03-04T02:44:15Z
KXNBAGAME-26MAR02DENUTA-UTA,Denver at Utah Winner?,Utah,no,2026-03-03T05:01:32Z
KXNBAGAME-26MAR02LACGSW-LAC,Los Angeles C at Golden State Winner?,Los Angeles C,yes,2026-03-03T05:37:23Z
KXNBAGAME-26MAR02BOSMIL-MIL,Boston at Milwaukee Winner?,Milwaukee,no,2026-03-03T02:50:38Z
KXNBAGAME-26MAR02HOUWAS-WAS,Houston at Washington Winner?,Washington,no,2026-03-03T02:46:02Z
KXNBAGAME-26MAR01SACLAL-SAC,Sacramento at Los Angeles L Winner?,Sacramento,no,2026-03-02T05:03:50Z
KXNBAGAME-26MAR01PHIBOS-PHI,Philadelphia at Boston Winner?,Philadelphia,no,2026-03-02T03:45:59Z
KXNBAGAME-26MAR01OKCDAL-OKC,Oklahoma City at Dallas Winner?,Oklahoma City,yes,2026-03-02T03:43:54Z
KXNBAGAME-26MAR01NOPLAC-NOP,New Orleans at Los Angeles C Winner?,New Orleans,no,2026-03-02T04:47:48Z
KXNBAGAME-26MAR01DETORL-ORL,Detroit at Orlando Winner?,Orlando,no,2026-03-02T01:37:52Z
KXNBAGAME-26MAR01PORATL-POR,Portland at Atlanta Winner?,Portland,no,2026-03-02T01:30:59Z
KXNBAGAME-26MAR01MEMIND-MEM,Memphis at Indiana Winner?,Memphis,yes,2026-03-02T01:01:09Z
KXNBAGAME-26MAR01MILCHI-MIL,Milwaukee at Chicago Winner?,Milwaukee,no,2026-03-01T23:32:10Z
KXNBAGAME-26MAR01MINDEN-MIN,Minnesota at Denver Winner?,Minnesota,yes,2026-03-01T23:41:13Z
KXNBAGAME-26MAR01CLEBKN-CLE,Cleveland at Brooklyn Winner?,Cleveland,yes,2026-03-01T23:36:07Z
KXNBAGAME-26MAR01SASNYK-SAS,San Antonio at New York Winner?,San Antonio,no,2026-03-01T20:56:12Z
KXNBAGAME-26FEB28NOPUTA-UTA,New Orleans at Utah Winner?,Utah,no,2026-03-01T05:17:48Z
KXNBAGAME-26FEB28LALGSW-LAL,Los Angeles L at Golden State Winner?,Los Angeles L,yes,2026-03-01T03:57:04Z
KXNBAGAME-26FEB28TORWAS-WAS,Toronto at Washington Winner?,Washington,no,2026-03-01T02:41:54Z
KXNBAGAME-26FEB28PORCHA-POR,Portland at Charlotte Winner?,Portland,no,2026-02-28T20:46:01Z
KXNBAGAME-26FEB28HOUMIA-MIA,Houston at Miami Winner?,Miami,yes,2026-02-28T23:27:56Z
KXNBAGAME-26FEB27DENOKC-OKC,Denver at Oklahoma City Winner?,Oklahoma City,yes,2026-02-28T05:44:21Z
KXNBAGAME-26FEB27MEMDAL-MEM,Memphis at Dallas Winner?,Memphis,yes,2026-02-28T04:05:54Z
KXNBAGAME-26FEB27NYKMIL-NYK,New York at Milwaukee Winner?,New York,yes,2026-02-28T03:32:04Z
KXNBAGAME-26FEB27BKNBOS-BOS,Brooklyn at Boston Winner?,Boston,yes,2026-02-28T03:04:09Z
KXNBAGAME-26FEB27CLEDET-DET,Cleveland at Detroit Winner?,Detroit,yes,2026-02-28T03:35:31Z
KXNBAGAME-26FEB26NOPUTA-UTA,New Orleans at Utah Winner?,Utah,no,2026-02-27T04:43:46Z
KXNBAGAME-26FEB26MINLAC-MIN,Minnesota at Los Angeles C Winner?,Minnesota,yes,2026-02-27T05:57:44Z
KXNBAGAME-26FEB26LALPHX-PHX,Los Angeles L at Phoenix Winner?,Phoenix,yes,2026-02-27T04:41:45Z
KXNBAGAME-26FEB26SACDAL-SAC,Sacramento at Dallas Winner?,Sacramento,yes,2026-02-27T04:03:47Z
KXNBAGAME-26FEB26PORCHI-POR,Portland at Chicago Winner?,Portland,yes,2026-02-27T03:40:23Z
KXNBAGAME-26FEB26WASATL-WAS,Washington at Atlanta Winner?,Washington,no,2026-02-27T02:56:00Z
KXNBAGAME-26FEB26SASBKN-SAS,San Antonio at Brooklyn Winner?,San Antonio,yes,2026-02-27T03:00:43Z
KXNBAGAME-26FEB26HOUORL-ORL,Houston at Orlando Winner?,Orlando,no,2026-02-27T03:20:23Z
KXNBAGAME-26FEB26CHAIND-IND,Charlotte at Indiana Winner?,Indiana,no,2026-02-27T02:36:07Z
KXNBAGAME-26FEB26MIAPHI-PHI,Miami at Philadelphia Winner?,Philadelphia,yes,2026-02-27T02:40:27Z
KXNBAGAME-26FEB25BOSDEN-DEN,Boston at Denver Winner?,Denver,yes,2026-02-26T05:46:09Z
KXNBAGAME-26FEB25SACHOU-SAC,Sacramento at Houston Winner?,Sacramento,no,2026-02-26T03:54:17Z
KXNBAGAME-26FEB25CLEMIL-MIL,Cleveland at Milwaukee Winner?,Milwaukee,yes,2026-02-26T03:36:22Z
KXNBAGAME-26FEB25SASTOR-TOR,San Antonio at Toronto Winner?,Toronto,no,2026-02-26T03:18:30Z
KXNBAGAME-26FEB25OKCDET-OKC,Oklahoma City at Detroit Winner?,Oklahoma City,no,2026-02-26T03:20:34Z
KXNBAGAME-26FEB25GSWMEM-MEM,Golden State at Memphis Winner?,Memphis,no,2026-02-26T03:06:31Z
KXNBAGAME-26FEB24ORLLAL-ORL,Orlando at Los Angeles L Winner?,Orlando,yes,2026-02-25T06:16:21Z
KXNBAGAME-26FEB24MINPOR-POR,Minnesota at Portland Winner?,Portland,no,2026-02-25T05:54:15Z
KXNBAGAME-26FEB24MIAMIL-MIL,Miami at Milwaukee Winner?,Milwaukee,yes,2026-02-25T03:40:53Z
KXNBAGAME-26FEB24CHACHI-CHI,Charlotte at Chicago Winner?,Chicago,no,2026-02-25T03:22:44Z
KXNBAGAME-26FEB24BOSPHX-PHX,Boston at Phoenix Winner?,Phoenix,no,2026-02-25T04:20:37Z
KXNBAGAME-26FEB24GSWNOP-NOP,Golden State at New Orleans Winner?,New Orleans,yes,2026-02-25T03:48:29Z
KXNBAGAME-26FEB24NYKCLE-NYK,New York at Cleveland Winner?,New York,no,2026-02-25T03:20:59Z
KXNBAGAME-26FEB24DALBKN-DAL,Dallas at Brooklyn Winner?,Dallas,yes,2026-02-25T03:43:03Z
KXNBAGAME-26FEB24OKCTOR-TOR,Oklahoma City at Toronto Winner?,Toronto,no,2026-02-25T03:12:53Z
KXNBAGAME-26FEB24WASATL-WAS,Washington at Atlanta Winner?,Washington,no,2026-02-25T03:44:24Z
KXNBAGAME-26FEB24PHIIND-PHI,Philadelphia at Indiana Winner?,Philadelphia,yes,2026-02-25T02:38:48Z
KXNBAGAME-26FEB23SACMEM-SAC,Sacramento at Memphis Winner?,Sacramento,yes,2026-02-24T03:42:29Z
KXNBAGAME-26FEB23UTAHOU-UTA,Utah at Houston Winner?,Utah,no,2026-02-24T05:01:05Z
KXNBAGAME-26FEB23SASDET-SAS,San Antonio at Detroit Winner?,San Antonio,yes,2026-02-24T03:12:23Z
KXNBAGAME-26FEB22PORPHX-POR,Portland at Phoenix Winner?,Portland,yes,2026-02-23T03:24:23Z
KXNBAGAME-26FEB22ORLLAC-ORL,Orlando at Los Angeles C Winner?,Orlando,yes,2026-02-23T04:50:23Z
KXNBAGAME-26FEB22NYKCHI-NYK,New York at Chicago Winner?,New York,yes,2026-02-23T03:50:28Z
KXNBAGAME-26FEB22CHAWAS-WAS,Charlotte at Washington Winner?,Washington,no,2026-02-23T01:30:48Z
KXNBAGAME-26FEB22PHIMIN-PHI,Philadelphia at Minnesota Winner?,Philadelphia,yes,2026-02-23T02:36:15Z
KXNBAGAME-26FEB22BOSLAL-LAL,Boston at Los Angeles L Winner?,Los Angeles L,no,2026-02-23T02:04:30Z
KXNBAGAME-26FEB22DALIND-IND,Dallas at Indiana Winner?,Indiana,no,2026-02-23T00:36:30Z
KXNBAGAME-26FEB22DENGSW-GSW,Denver at Golden State Winner?,Golden State,yes,2026-02-22T23:22:34Z
KXNBAGAME-26FEB22BKNATL-BKN,Brooklyn at Atlanta Winner?,Brooklyn,no,2026-02-22T23:12:44Z
KXNBAGAME-26FEB22TORMIL-TOR,Toronto at Milwaukee Winner?,Toronto,yes,2026-02-22T23:18:30Z
KXNBAGAME-26FEB22CLEOKC-OKC,Cleveland at Oklahoma City Winner?,Oklahoma City,yes,2026-02-22T20:48:38Z
KXNBAGAME-26FEB21HOUNYK-NYK,Houston at New York Winner?,New York,yes,2026-02-22T04:24:05Z
KXNBAGAME-26FEB21DETCHI-DET,Detroit at Chicago Winner?,Detroit,yes,2026-02-22T03:30:36Z
KXNBAGAME-26FEB21SACSAS-SAS,Sacramento at San Antonio Winner?,San Antonio,yes,2026-02-22T03:46:12Z
KXNBAGAME-26FEB21MEMMIA-MIA,Memphis at Miami Winner?,Miami,yes,2026-02-22T03:44:18Z
KXNBAGAME-26FEB21ORLPHX-PHX,Orlando at Phoenix Winner?,Phoenix,yes,2026-02-22T01:16:22Z
KXNBAGAME-26FEB21PHINOP-PHI,Philadelphia at New Orleans Winner?,Philadelphia,no,2026-02-22T02:46:19Z
KXNBAGAME-26FEB20LACLAL-LAL,Los Angeles C at Los Angeles L Winner?,Los Angeles L,yes,2026-02-21T05:52:20Z
KXNBAGAME-26FEB20BKNOKC-OKC,Brooklyn at Oklahoma City Winner?,Oklahoma City,yes,2026-02-21T03:48:27Z
KXNBAGAME-26FEB20MILNOP-NOP,Milwaukee at New Orleans Winner?,New Orleans,no,2026-02-21T03:23:34Z
KXNBAGAME-26FEB20DENPOR-POR,Denver at Portland Winner?,Portland,no,2026-02-21T05:46:19Z
KXNBAGAME-26FEB20DALMIN-MIN,Dallas at Minnesota Winner?,Minnesota,yes,2026-02-21T03:20:45Z
KXNBAGAME-26FEB20MIAATL-MIA,Miami at Atlanta Winner?,Miami,yes,2026-02-21T02:58:36Z
KXNBAGAME-26FEB20UTAMEM-UTA,Utah at Memphis Winner?,Utah,no,2026-02-21T02:36:48Z
KXNBAGAME-26FEB20CLECHA-CLE,Cleveland at Charlotte Winner?,Cleveland,yes,2026-02-21T02:44:50Z
KXNBAGAME-26FEB20INDWAS-WAS,Indiana at Washington Winner?,Washington,yes,2026-02-21T02:34:54Z
KXNBAGAME-26FEB19DETNYK-NYK,Detroit at New York Winner?,New York,no,2026-02-20T03:16:45Z
KXNBAGAME-26FEB19HOUCHA-HOU,Houston at Charlotte Winner?,Houston,yes,2026-02-20T02:34:39Z
KXNBAGAME-26FEB19PHXSAS-SAS,Phoenix at San Antonio Winner?,San Antonio,yes,2026-02-20T03:56:24Z
KXNBAGAME-26FEB19DENLAC-LAC,Denver at Los Angeles C Winner?,Los Angeles C,yes,2026-02-20T06:22:08Z
KXNBAGAME-26FEB19BKNCLE-CLE,Brooklyn at Cleveland Winner?,Cleveland,yes,2026-02-20T02:31:05Z
KXNBAGAME-26FEB19TORCHI-TOR,Toronto at Chicago Winner?,Toronto,yes,2026-02-20T03:44:27Z
KXNBAGAME-26FEB19ORLSAC-SAC,Orlando at Sacramento Winner?,Sacramento,no,2026-02-20T05:44:20Z
KXNBAGAME-26FEB19INDWAS-WAS,Indiana at Washington Winner?,Washington,yes,2026-02-20T02:50:47Z
KXNBAGAME-26FEB19BOSGSW-GSW,Boston at Golden State Winner?,Golden State,no,2026-02-20T05:42:22Z
KXNBAGAME-26FEB19ATLPHI-PHI,Atlanta at Philadelphia Winner?,Philadelphia,no,2026-02-20T02:50:45Z
KXNBAGAME-26FEB12DALLAL-LAL,Dallas at Los Angeles L Winner?,Los Angeles L,yes,2026-02-13T05:37:28Z
KXNBAGAME-26FEB12PORUTA-UTA,Portland at Utah Winner?,Utah,no,2026-02-13T04:41:28Z
KXNBAGAME-26FEB12MILOKC-OKC,Milwaukee at Oklahoma City Winner?,Oklahoma City,no,2026-02-13T03:01:29Z
KXNBAGAME-26FEB11MEMDEN-MEM,Memphis at Denver Winner?,Memphis,no,2026-02-12T04:43:32Z
KXNBAGAME-26FEB11SASGSW-SAS,San Antonio at Golden State Winner?,San Antonio,yes,2026-02-12T05:57:33Z
KXNBAGAME-26FEB11OKCPHX-PHX,Oklahoma City at Phoenix Winner?,Phoenix,no,2026-02-12T04:40:45Z
KXNBAGAME-26FEB11SACUTA-UTA,Sacramento at Utah Winner?,Utah,yes,2026-02-12T04:27:39Z
KXNBAGAME-26FEB11PORMIN-POR,Portland at Minnesota Winner?,Portland,no,2026-02-12T03:41:52Z
KXNBAGAME-26FEB11LACHOU-LAC,Los Angeles C at Houston Winner?,Los Angeles C,yes,2026-02-12T03:47:41Z
KXNBAGAME-26FEB11NYKPHI-PHI,New York at Philadelphia Winner?,Philadelphia,no,2026-02-12T03:10:37Z
KXNBAGAME-26FEB11MIANOP-NOP,Miami at New Orleans Winner?,New Orleans,no,2026-02-12T03:37:49Z
KXNBAGAME-26FEB11INDBKN-IND,Indiana at Brooklyn Winner?,Indiana,yes,2026-02-12T03:08:00Z
KXNBAGAME-26FEB11CHIBOS-CHI,Chicago at Boston Winner?,Chicago,no,2026-02-12T02:54:01Z
KXNBAGAME-26FEB11DETTOR-TOR,Detroit at Toronto Winner?,Toronto,no,2026-02-12T03:20:35Z
KXNBAGAME-26FEB11ATLCHA-CHA,Atlanta at Charlotte Winner?,Charlotte,yes,2026-02-12T02:44:03Z
KXNBAGAME-26FEB11MILORL-ORL,Milwaukee at Orlando Winner?,Orlando,no,2026-02-12T02:41:33Z
KXNBAGAME-26FEB11WASCLE-WAS,Washington at Cleveland Winner?,Washington,no,2026-02-12T02:58:04Z
KXNBAGAME-26FEB10SASLAL-SAS,San Antonio at Los Angeles L Winner?,San Antonio,yes,2026-02-11T06:03:27Z
KXNBAGAME-26FEB10LACHOU-LAC,Los Angeles C at Houston Winner?,Los Angeles C,no,2026-02-11T03:40:17Z
KXNBAGAME-26FEB10DALPHX-PHX,Dallas at Phoenix Winner?,Phoenix,yes,2026-02-11T04:27:27Z
KXNBAGAME-26FEB10INDNYK-NYK,Indiana at New York Winner?,New York,no,2026-02-11T03:35:29Z
KXNBAGAME-26FEB09MEMGSW-MEM,Memphis at Golden State Winner?,Memphis,no,2026-02-10T05:57:26Z
KXNBAGAME-26FEB09CLEDEN-DEN,Cleveland at Denver Winner?,Denver,no,2026-02-10T04:50:31Z
KXNBAGAME-26FEB09PHIPOR-POR,Philadelphia at Portland Winner?,Portland,yes,2026-02-10T05:57:26Z
KXNBAGAME-26FEB09OKCLAL-OKC,Oklahoma City at Los Angeles L Winner?,Oklahoma City,yes,2026-02-10T06:00:37Z
KXNBAGAME-26FEB09SACNOP-SAC,Sacramento at New Orleans Winner?,Sacramento,no,2026-02-10T03:43:32Z
KXNBAGAME-26FEB09ATLMIN-MIN,Atlanta at Minnesota Winner?,Minnesota,yes,2026-02-10T03:45:38Z
KXNBAGAME-26FEB09UTAMIA-UTA,Utah at Miami Winner?,Utah,yes,2026-02-10T03:25:36Z
KXNBAGAME-26FEB09CHIBKN-CHI,Chicago at Brooklyn Winner?,Chicago,no,2026-02-10T03:17:43Z
KXNBAGAME-26FEB09MILORL-ORL,Milwaukee at Orlando Winner?,Orlando,yes,2026-02-10T03:13:44Z
KXNBAGAME-26FEB09DETCHA-DET,Detroit at Charlotte Winner?,Detroit,yes,2026-02-10T02:53:51Z
KXNBAGAME-26FEB08MIAWAS-WAS,Miami at Washington Winner?,Washington,no,2026-02-08T21:35:28Z
KXNBAGAME-26FEB08LACMIN-MIN,Los Angeles C at Minnesota Winner?,Minnesota,no,2026-02-08T22:45:28Z
KXNBAGAME-26FEB08INDTOR-TOR,Indiana at Toronto Winner?,Toronto,yes,2026-02-08T22:45:27Z
KXNBAGAME-26FEB08NYKBOS-NYK,New York at Boston Winner?,New York,yes,2026-02-08T20:10:50Z
KXNBAGAME-26FEB07GSWLAL-LAL,Golden State at Los Angeles L Winner?,Los Angeles L,yes,2026-02-08T04:15:31Z
KXNBAGAME-26FEB07CLESAC-SAC,Cleveland at Sacramento Winner?,Sacramento,no,2026-02-08T05:35:27Z
KXNBAGAME-26FEB07MEMPOR-POR,Memphis at Portland Winner?,Portland,yes,2026-02-08T05:29:52Z
KXNBAGAME-26FEB07PHIPHX-PHX,Philadelphia at Phoenix Winner?,Phoenix,no,2026-02-08T05:05:25Z
KXNBAGAME-26FEB07DENCHI-DEN,Denver at Chicago Winner?,Denver,yes,2026-02-08T03:40:26Z
KXNBAGAME-26FEB07CHAATL-CHA,Charlotte at Atlanta Winner?,Charlotte,yes,2026-02-08T03:13:32Z
KXNBAGAME-26FEB07UTAORL-UTA,Utah at Orlando Winner?,Utah,no,2026-02-08T02:45:43Z
KXNBAGAME-26FEB07DALSAS-SAS,Dallas at San Antonio Winner?,San Antonio,yes,2026-02-08T01:41:42Z
KXNBAGAME-26FEB07WASBKN-WAS,Washington at Brooklyn Winner?,Washington,no,2026-02-07T22:32:04Z
KXNBAGAME-26FEB07HOUOKC-OKC,Houston at Oklahoma City Winner?,Oklahoma City,no,2026-02-07T23:23:48Z
KXNBAGAME-26FEB06MEMPOR-POR,Memphis at Portland Winner?,Portland,yes,2026-02-07T05:31:33Z
KXNBAGAME-26FEB06LACSAC-SAC,Los Angeles C at Sacramento Winner?,Sacramento,no,2026-02-07T05:51:22Z
KXNBAGAME-26FEB06INDMIL-MIL,Indiana at Milwaukee Winner?,Milwaukee,yes,2026-02-07T03:30:20Z
KXNBAGAME-26FEB06NOPMIN-NOP,New Orleans at Minnesota Winner?,New Orleans,yes,2026-02-07T03:33:27Z
KXNBAGAME-26FEB06MIABOS-MIA,Miami at Boston Winner?,Miami,no,2026-02-07T03:15:35Z
KXNBAGAME-26FEB06NYKDET-NYK,New York at Detroit Winner?,New York,no,2026-02-07T03:15:34Z
KXNBAGAME-26FEB05PHILAL-PHI,Philadelphia at Los Angeles L Winner?,Philadelphia,no,2026-02-06T05:57:25Z
KXNBAGAME-26FEB05GSWPHX-PHX,Golden State at Phoenix Winner?,Phoenix,no,2026-02-06T05:35:24Z
KXNBAGAME-26FEB05CHITOR-TOR,Chicago at Toronto Winner?,Toronto,yes,2026-02-06T03:03:34Z
KXNBAGAME-26FEB05SASDAL-SAS,San Antonio at Dallas Winner?,San Antonio,yes,2026-02-06T04:05:28Z
KXNBAGAME-26FEB05CHAHOU-HOU,Charlotte at Houston Winner?,Houston,no,2026-02-06T03:50:28Z
KXNBAGAME-26FEB05UTAATL-UTA,Utah at Atlanta Winner?,Utah,no,2026-02-06T03:05:31Z
KXNBAGAME-26FEB05BKNORL-ORL,Brooklyn at Orlando Winner?,Orlando,yes,2026-02-06T02:53:32Z
KXNBAGAME-26FEB05WASDET-WAS,Washington at Detroit Winner?,Washington,yes,2026-02-06T02:45:39Z
KXNBAGAME-26FEB04CLELAC-LAC,Cleveland at Los Angeles C Winner?,Los Angeles C,no,2026-02-05T06:00:39Z
KXNBAGAME-26FEB04OKCSAS-SAS,Oklahoma City at San Antonio Winner?,San Antonio,yes,2026-02-05T05:10:31Z
KXNBAGAME-26FEB04MEMSAC-SAC,Memphis at Sacramento Winner?,Sacramento,no,2026-02-05T05:57:28Z
KXNBAGAME-26FEB04BOSHOU-HOU,Boston at Houston Winner?,Houston,no,2026-02-05T03:35:31Z
KXNBAGAME-26FEB04NOPMIL-NOP,New Orleans at Milwaukee Winner?,New Orleans,no,2026-02-05T04:00:41Z
KXNBAGAME-26FEB04MINTOR-TOR,Minnesota at Toronto Winner?,Toronto,no,2026-02-05T03:17:36Z
KXNBAGAME-26FEB04DENNYK-NYK,Denver at New York Winner?,New York,yes,2026-02-05T03:25:34Z
KXNBAGAME-26FEB03BOSDAL-DAL,Boston at Dallas Winner?,Dallas,no,2026-02-04T03:43:26Z
KXNBAGAME-26FEB03PHXPOR-POR,Phoenix at Portland Winner?,Portland,no,2026-02-04T06:51:29Z
KXNBAGAME-26FEB03ORLOKC-ORL,Orlando at Oklahoma City Winner?,Orlando,no,2026-02-04T03:40:27Z
KXNBAGAME-26FEB03ATLMIA-MIA,Atlanta at Miami Winner?,Miami,no,2026-02-04T03:57:25Z
KXNBAGAME-26FEB03PHIGSW-PHI,Philadelphia at Golden State Winner?,Philadelphia,yes,2026-02-04T05:33:26Z
KXNBAGAME-26FEB03LALBKN-LAL,Los Angeles L at Brooklyn Winner?,Los Angeles L,yes,2026-02-04T03:10:37Z
KXNBAGAME-26FEB03CHIMIL-MIL,Chicago at Milwaukee Winner?,Milwaukee,yes,2026-02-04T03:35:29Z
KXNBAGAME-26FEB03DENDET-DET,Denver at Detroit Winner?,Detroit,yes,2026-02-04T03:00:58Z
KXNBAGAME-26FEB03NYKWAS-WAS,New York at Washington Winner?,Washington,no,2026-02-04T02:47:49Z
KXNBAGAME-26FEB03UTAIND-UTA,Utah at Indiana Winner?,Utah,yes,2026-02-04T02:28:06Z
KXNBAGAME-26FEB02PHILAC-PHI,Philadelphia at Los Angeles C Winner?,Philadelphia,yes,2026-02-03T05:40:26Z
KXNBAGAME-26FEB02HOUIND-IND,Houston at Indiana Winner?,Indiana,no,2026-02-03T02:47:24Z
KXNBAGAME-26FEB02MINMEM-MIN,Minnesota at Memphis Winner?,Minnesota,no,2026-02-03T03:43:23Z
KXNBAGAME-26FEB02NOPCHA-NOP,New Orleans at Charlotte Winner?,New Orleans,no,2026-02-02T22:35:26Z
KXNBAGAME-26FEB01CLEPOR-POR,Cleveland at Portland Winner?,Portland,no,2026-02-02T04:25:27Z
KXNBAGAME-26FEB01OKCDEN-OKC,Oklahoma City at Denver Winner?,Oklahoma City,yes,2026-02-02T05:10:00Z
KXNBAGAME-26FEB01LALNYK-NYK,Los Angeles L at New York Winner?,New York,yes,2026-02-02T02:30:38Z
KXNBAGAME-26FEB01LACPHX-PHX,Los Angeles C at Phoenix Winner?,Phoenix,no,2026-02-02T03:50:19Z
KXNBAGAME-26FEB01BKNDET-DET,Brooklyn at Detroit Winner?,Detroit,yes,2026-02-02T01:33:43Z
KXNBAGAME-26FEB01CHIMIA-MIA,Chicago at Miami Winner?,Miami,yes,2026-02-02T01:35:44Z
KXNBAGAME-26FEB01UTATOR-UTA,Utah at Toronto Winner?,Utah,no,2026-02-02T01:57:35Z
KXNBAGAME-26FEB01SACWAS-WAS,Sacramento at Washington Winner?,Washington,yes,2026-02-02T01:39:58Z
KXNBAGAME-26JAN31MINMEM-MIN,Minnesota at Memphis Winner?,Minnesota,yes,2026-02-01T03:27:27Z
KXNBAGAME-26JAN31DALHOU-HOU,Dallas at Houston Winner?,Houston,yes,2026-02-01T04:10:05Z
KXNBAGAME-26JAN31ATLIND-IND,Atlanta at Indiana Winner?,Indiana,yes,2026-02-01T02:37:28Z
KXNBAGAME-26JAN31CHIMIA-MIA,Chicago at Miami Winner?,Miami,no,2026-02-01T04:00:17Z
KXNBAGAME-26JAN31SASCHA-SAS,San Antonio at Charlotte Winner?,San Antonio,no,2026-01-31T19:47:32Z
KXNBAGAME-26FEB01MILBOS-MIL,Milwaukee at Boston Winner?,Milwaukee,no,2026-02-01T23:15:48Z
KXNBAGAME-26JAN31NOPPHI-PHI,New Orleans at Philadelphia Winner?,Philadelphia,yes,2026-02-01T03:01:06Z
KXNBAGAME-26FEB01ORLSAS-SAS,Orlando at San Antonio Winner?,San Antonio,yes,2026-02-02T04:39:50Z
KXNBAGAME-26JAN30DETGSW-GSW,Detroit at Golden State Winner?,Golden State,no,2026-01-31T06:11:22Z
KXNBAGAME-26JAN30BKNUTA-UTA,Brooklyn at Utah Winner?,Utah,no,2026-01-31T05:09:52Z
KXNBAGAME-26JAN30CLEPHX-PHX,Cleveland at Phoenix Winner?,Phoenix,yes,2026-01-31T04:40:14Z
KXNBAGAME-26JAN30LACDEN-LAC,Los Angeles C at Denver Winner?,Los Angeles C,no,2026-01-31T04:37:29Z
KXNBAGAME-26JAN30TORORL-TOR,Toronto at Orlando Winner?,Toronto,no,2026-01-31T03:37:28Z
KXNBAGAME-26JAN30PORNYK-POR,Portland at New York Winner?,Portland,no,2026-01-31T03:11:31Z
KXNBAGAME-26JAN30MEMNOP-NOP,Memphis at New Orleans Winner?,New Orleans,yes,2026-01-31T03:07:38Z
KXNBAGAME-26JAN30SACBOS-SAC,Sacramento at Boston Winner?,Sacramento,no,2026-01-31T02:55:39Z
KXNBAGAME-26JAN30LALWAS-WAS,Los Angeles L at Washington Winner?,Washington,no,2026-01-31T02:23:45Z
KXNBAGAME-26JAN29OKCMIN-OKC,Oklahoma City at Minnesota Winner?,Oklahoma City,no,2026-01-30T05:15:25Z
KXNBAGAME-26JAN29BKNDEN-DEN,Brooklyn at Denver Winner?,Denver,yes,2026-01-30T04:41:28Z
KXNBAGAME-26JAN29DETPHX-PHX,Detroit at Phoenix Winner?,Phoenix,yes,2026-01-30T04:47:38Z
KXNBAGAME-26JAN29CHADAL-DAL,Charlotte at Dallas Winner?,Dallas,no,2026-01-30T04:33:33Z
KXNBAGAME-26JAN29HOUATL-HOU,Houston at Atlanta Winner?,Houston,yes,2026-01-30T03:30:19Z
KXNBAGAME-26JAN29MIACHI-MIA,Miami at Chicago Winner?,Miami,yes,2026-01-30T03:45:42Z
KXNBAGAME-26JAN29SACPHI-SAC,Sacramento at Philadelphia Winner?,Sacramento,no,2026-01-30T02:50:13Z
KXNBAGAME-26JAN29MILWAS-WAS,Milwaukee at Washington Winner?,Washington,yes,2026-01-30T02:55:47Z
KXNBAGAME-26JAN28MINDAL-MIN,Minnesota at Dallas Winner?,Minnesota,yes,2026-01-29T04:03:30.102761Z
KXNBAGAME-26JAN28GSWUTA-UTA,Golden State at Utah Winner?,Utah,no,2026-01-29T04:43:25.166492Z
KXNBAGAME-26JAN28SASHOU-SAS,San Antonio at Houston Winner?,San Antonio,yes,2026-01-29T05:15:22.226497Z
KXNBAGAME-26JAN28CHAMEM-MEM,Charlotte at Memphis Winner?,Memphis,no,2026-01-29T03:31:38.729582Z
KXNBAGAME-26JAN28NYKTOR-TOR,New York at Toronto Winner?,Toronto,no,2026-01-29T03:05:37.143018Z
KXNBAGAME-26JAN28ATLBOS-BOS,Atlanta at Boston Winner?,Boston,no,2026-01-29T03:00:34.762605Z
KXNBAGAME-26JAN28LALCLE-LAL,Los Angeles L at Cleveland Winner?,Los Angeles L,no,2026-01-29T02:40:01.846438Z
KXNBAGAME-26JAN28ORLMIA-ORL,Orlando at Miami Winner?,Orlando,yes,2026-01-29T03:11:38.541091Z
KXNBAGAME-26JAN28CHIIND-IND,Chicago at Indiana Winner?,Indiana,yes,2026-01-29T02:35:49.440066Z
KXNBAGAME-26JAN27LACUTA-UTA,Los Angeles C at Utah Winner?,Utah,no,2026-01-28T05:39:40.423537Z
KXNBAGAME-26JAN27BKNPHX-PHX,Brooklyn at Phoenix Winner?,Phoenix,yes,2026-01-28T05:05:32.458423Z
KXNBAGAME-26JAN27DETDEN-DET,Detroit at Denver Winner?,Detroit,yes,2026-01-28T04:33:25.081038Z
KXNBAGAME-26JAN27SACNYK-SAC,Sacramento at New York Winner?,Sacramento,no,2026-01-28T03:00:31.768321Z
KXNBAGAME-26JAN27MILPHI-PHI,Milwaukee at Philadelphia Winner?,Philadelphia,yes,2026-01-28T03:39:45.039459Z
KXNBAGAME-26JAN27NOPOKC-OKC,New Orleans at Oklahoma City Winner?,Oklahoma City,yes,2026-01-28T03:37:30.908777Z
KXNBAGAME-26JAN27PORWAS-WAS,Portland at Washington Winner?,Washington,yes,2026-01-28T02:42:16.681661Z
KXNBAGAME-26JAN26GSWMIN-MIN,Golden State at Minnesota Winner?,Minnesota,yes,2026-01-27T05:05:27.039639Z
KXNBAGAME-26JAN26LALCHI-LAL,Los Angeles L at Chicago Winner?,Los Angeles L,yes,2026-01-27T03:30:19.635729Z
KXNBAGAME-26JAN26PORBOS-POR,Portland at Boston Winner?,Portland,no,2026-01-27T04:00:29.685444Z
KXNBAGAME-26JAN26PHICHA-PHI,Philadelphia at Charlotte Winner?,Philadelphia,no,2026-01-26T22:53:39.013771Z
KXNBAGAME-26JAN26MEMHOU-MEM,Memphis at Houston Winner?,Memphis,no,2026-01-27T03:35:28.839424Z
KXNBAGAME-26JAN26INDATL-IND,Indiana at Atlanta Winner?,Indiana,no,2026-01-26T21:01:03.942239Z
KXNBAGAME-26JAN26ORLCLE-ORL,Orlando at Cleveland Winner?,Orlando,no,2026-01-27T02:55:32.215734Z
KXNBAGAME-26JAN25BKNLAC-LAC,Brooklyn at Los Angeles C Winner?,Los Angeles C,yes,2026-01-26T04:30:29.90375Z
KXNBAGAME-26JAN25MIAPHX-PHX,Miami at Phoenix Winner?,Phoenix,no,2026-01-26T03:57:24.467434Z
KXNBAGAME-26JAN25TOROKC-TOR,Toronto at Oklahoma City Winner?,Toronto,yes,2026-01-26T03:01:29.197747Z
KXNBAGAME-26JAN25NOPSAS-SAS,New Orleans at San Antonio Winner?,San Antonio,no,2026-01-26T02:33:33.865893Z
KXNBAGAME-26JAN25SACDET-SAC,Sacramento at Detroit Winner?,Sacramento,no,2026-01-25T23:00:31.708095Z
KXNBAGAME-26JAN24LALDAL-LAL,Los Angeles L at Dallas Winner?,Los Angeles L,yes,2026-01-25T04:21:24.946181Z
KXNBAGAME-26JAN24MIAUTA-UTA,Miami at Utah Winner?,Utah,no,2026-01-25T05:19:36.956191Z
KXNBAGAME-26JAN24BOSCHI-CHI,Boston at Chicago Winner?,Chicago,yes,2026-01-25T03:33:25.314961Z
KXNBAGAME-26JAN24CLEORL-ORL,Cleveland at Orlando Winner?,Orlando,no,2026-01-25T02:49:45.236842Z
KXNBAGAME-26JAN24WASCHA-WAS,Washington at Charlotte Winner?,Washington,no,2026-01-24T19:35:24.158611Z
KXNBAGAME-26JAN24GSWMIN-MIN,Golden State at Minnesota Winner?,Minnesota,no,2026-01-26T01:01:32.405378Z
KXNBAGAME-26JAN24NYKPHI-PHI,New York at Philadelphia Winner?,Philadelphia,no,2026-01-24T23:07:26.704418Z
KXNBAGAME-26JAN23TORPOR-TOR,Toronto at Portland Winner?,Toronto,yes,2026-01-24T05:31:24.090541Z
KXNBAGAME-26JAN23DENMIL-MIL,Denver at Milwaukee Winner?,Milwaukee,no,2026-01-24T05:25:25.33116Z
KXNBAGAME-26JAN23INDOKC-OKC,Indiana at Oklahoma City Winner?,Oklahoma City,no,2026-01-24T03:49:41.509949Z
KXNBAGAME-26JAN23SACCLE-SAC,Sacramento at Cleveland Winner?,Sacramento,no,2026-01-24T03:09:46.149888Z
KXNBAGAME-26JAN23NOPMEM-NOP,New Orleans at Memphis Winner?,New Orleans,yes,2026-01-24T03:51:25.330852Z
KXNBAGAME-26JAN23PHXATL-PHX,Phoenix at Atlanta Winner?,Phoenix,no,2026-01-24T02:51:35.393866Z
KXNBAGAME-26JAN23BOSBKN-BOS,Boston at Brooklyn Winner?,Boston,yes,2026-01-24T03:45:28.10239Z
KXNBAGAME-26JAN23HOUDET-HOU,Houston at Detroit Winner?,Houston,yes,2026-01-24T02:57:37.172447Z
KXNBAGAME-26JAN22MIAPOR-POR,Miami at Portland Winner?,Portland,yes,2026-01-23T05:33:26.380251Z
KXNBAGAME-26JAN22LALLAC-LAL,Los Angeles L at Los Angeles C Winner?,Los Angeles L,no,2026-01-23T05:49:38.685756Z
KXNBAGAME-26JAN22SASUTA-UTA,San Antonio at Utah Winner?,Utah,no,2026-01-23T04:41:25.867769Z
KXNBAGAME-26JAN22CHAORL-ORL,Charlotte at Orlando Winner?,Orlando,no,2026-01-23T02:39:57.664698Z
KXNBAGAME-26JAN22GSWDAL-GSW,Golden State at Dallas Winner?,Golden State,no,2026-01-23T03:33:28.391327Z
KXNBAGAME-26JAN22CHIMIN-MIN,Chicago at Minnesota Winner?,Minnesota,no,2026-01-23T03:39:40.743328Z
KXNBAGAME-26JAN22HOUPHI-PHI,Houston at Philadelphia Winner?,Philadelphia,yes,2026-01-23T03:01:30.86383Z
KXNBAGAME-26JAN22DENWAS-WAS,Denver at Washington Winner?,Washington,no,2026-01-23T02:39:59.267766Z
KXNBAGAME-26JAN21TORSAC-TOR,Toronto at Sacramento Winner?,Toronto,yes,2026-01-22T05:43:21.96969Z
KXNBAGAME-26JAN21OKCMIL-OKC,Oklahoma City at Milwaukee Winner?,Oklahoma City,yes,2026-01-22T05:17:24.346651Z
KXNBAGAME-26JAN21DETNOP-NOP,Detroit at New Orleans Winner?,New Orleans,no,2026-01-22T03:31:28.502537Z
KXNBAGAME-26JAN21ATLMEM-MEM,Atlanta at Memphis Winner?,Memphis,no,2026-01-22T03:45:27.27288Z
KXNBAGAME-26JAN21BKNNYK-NYK,Brooklyn at New York Winner?,New York,yes,2026-01-22T03:03:30.818995Z
KXNBAGAME-26JAN21INDBOS-IND,Indiana at Boston Winner?,Indiana,no,2026-01-22T03:07:25.057957Z
KXNBAGAME-26JAN21CLECHA-CLE,Cleveland at Charlotte Winner?,Cleveland,yes,2026-01-22T03:00:23.489849Z
KXNBAGAME-26JAN20MIASAC-SAC,Miami at Sacramento Winner?,Sacramento,no,2026-01-21T05:31:26.562085Z
KXNBAGAME-26JAN20TORGSW-TOR,Toronto at Golden State Winner?,Toronto,yes,2026-01-21T05:55:23.348984Z
KXNBAGAME-26JAN20LALDEN-LAL,Los Angeles L at Denver Winner?,Los Angeles L,yes,2026-01-21T05:43:24.983027Z
KXNBAGAME-26JAN20MINUTA-UTA,Minnesota at Utah Winner?,Utah,yes,2026-01-21T04:45:25.889439Z
KXNBAGAME-26JAN20LACCHI-LAC,Los Angeles C at Chicago Winner?,Los Angeles C,no,2026-01-21T03:27:27.74281Z
KXNBAGAME-26JAN20SASHOU-SAS,San Antonio at Houston Winner?,San Antonio,no,2026-01-21T04:03:30.135573Z
KXNBAGAME-26JAN20PHXPHI-PHX,Phoenix at Philadelphia Winner?,Phoenix,yes,2026-01-21T02:51:35.998975Z
KXNBAGAME-26JAN19MIAGSW-MIA,Miami at Golden State Winner?,Miami,no,2026-01-20T05:43:23.731919Z
KXNBAGAME-26JAN19INDPHI-PHI,Indiana at Philadelphia Winner?,Philadelphia,yes,2026-01-20T02:35:26.792137Z
KXNBAGAME-26JAN19BOSDET-DET,Boston at Detroit Winner?,Detroit,yes,2026-01-20T04:09:38.62514Z
KXNBAGAME-26JAN19PHXBKN-PHX,Phoenix at Brooklyn Winner?,Phoenix,yes,2026-01-20T03:05:22.809718Z
KXNBAGAME-26JAN19LACWAS-WAS,Los Angeles C at Washington Winner?,Washington,no,2026-01-19T22:41:35.751765Z
KXNBAGAME-26JAN19UTASAS-UTA,Utah at San Antonio Winner?,Utah,no,2026-01-20T00:43:29.695489Z
KXNBAGAME-26JAN19DALNYK-NYK,Dallas at New York Winner?,New York,no,2026-01-20T00:47:29.077595Z
KXNBAGAME-26JAN19OKCCLE-OKC,Oklahoma City at Cleveland Winner?,Oklahoma City,yes,2026-01-19T22:19:57.212501Z
KXNBAGAME-26JAN19MILATL-MIL,Milwaukee at Atlanta Winner?,Milwaukee,yes,2026-01-19T20:48:07.704657Z
KXNBAGAME-26JAN18PORSAC-SAC,Portland at Sacramento Winner?,Sacramento,no,2026-01-19T04:39:46.187215Z
KXNBAGAME-26JAN18TORLAL-TOR,Toronto at Los Angeles L Winner?,Toronto,no,2026-01-19T05:00:41.296048Z
KXNBAGAME-26JAN18NOPHOU-NOP,New Orleans at Houston Winner?,New Orleans,no,2026-01-19T02:25:29.374455Z
KXNBAGAME-26JAN18CHADEN-DEN,Charlotte at Denver Winner?,Denver,no,2026-01-19T03:27:28.839735Z
KXNBAGAME-26JAN18BKNCHI-CHI,Brooklyn at Chicago Winner?,Chicago,yes,2026-01-19T02:21:30.308134Z
KXNBAGAME-26JAN18ORLMEM-ORL,Orlando at Memphis Winner?,Orlando,no,2026-01-18T19:37:25.702757Z
KXNBAGAME-26JAN17LALPOR-POR,Los Angeles L at Portland Winner?,Portland,yes,2026-01-18T05:53:23.130406Z
KXNBAGAME-26JAN17WASDEN-WAS,Washington at Denver Winner?,Washington,no,2026-01-18T04:45:24.716717Z
KXNBAGAME-26JAN17CHAGSW-GSW,Charlotte at Golden State Winner?,Golden State,yes,2026-01-18T04:07:30.616465Z
KXNBAGAME-26JAN17OKCMIA-OKC,Oklahoma City at Miami Winner?,Oklahoma City,no,2026-01-18T03:49:52.93432Z
KXNBAGAME-26JAN17INDDET-IND,Indiana at Detroit Winner?,Indiana,no,2026-01-18T03:05:33.711352Z
KXNBAGAME-26JAN17MINSAS-SAS,Minnesota at San Antonio Winner?,San Antonio,yes,2026-01-18T03:53:24.157012Z
KXNBAGAME-26JAN17PHXNYK-PHX,Phoenix at New York Winner?,Phoenix,yes,2026-01-18T03:23:31.852572Z
KXNBAGAME-26JAN17BOSATL-BOS,Boston at Atlanta Winner?,Boston,yes,2026-01-18T02:57:43.353456Z
KXNBAGAME-26JAN17UTADAL-UTA,Utah at Dallas Winner?,Utah,no,2026-01-18T00:55:44.054409Z
KXNBAGAME-26JAN16WASSAC-WAS,Washington at Sacramento Winner?,Washington,no,2026-01-17T05:55:24.948223Z
KXNBAGAME-26JAN16MINHOU-MIN,Minnesota at Houston Winner?,Minnesota,no,2026-01-17T05:35:22.778558Z
KXNBAGAME-26JAN16LACTOR-TOR,Los Angeles C at Toronto Winner?,Toronto,no,2026-01-17T03:19:43.063043Z
KXNBAGAME-26JAN16CHIBKN-CHI,Chicago at Brooklyn Winner?,Chicago,no,2026-01-17T03:15:28.424736Z
KXNBAGAME-26JAN16CLEPHI-PHI,Cleveland at Philadelphia Winner?,Philadelphia,no,2026-01-17T02:43:27.058217Z
KXNBAGAME-26JAN16NOPIND-NOP,New Orleans at Indiana Winner?,New Orleans,no,2026-01-17T02:25:35.632726Z
KXNBAGAME-26JAN15CHALAL-LAL,Charlotte at Los Angeles L Winner?,Los Angeles L,no,2026-01-16T06:05:23.038664Z
KXNBAGAME-26JAN15ATLPOR-POR,Atlanta at Portland Winner?,Portland,yes,2026-01-16T05:35:23.561052Z
KXNBAGAME-26JAN15NYKGSW-NYK,New York at Golden State Winner?,New York,no,2026-01-16T05:57:27.990042Z
KXNBAGAME-26JAN15UTADAL-UTA,Utah at Dallas Winner?,Utah,no,2026-01-16T03:59:58.420473Z
KXNBAGAME-26JAN15MILSAS-SAS,Milwaukee at San Antonio Winner?,San Antonio,yes,2026-01-16T03:33:27.235539Z
KXNBAGAME-26JAN15BOSMIA-MIA,Boston at Miami Winner?,Miami,no,2026-01-16T03:13:33.476011Z
KXNBAGAME-26JAN15OKCHOU-OKC,Oklahoma City at Houston Winner?,Oklahoma City,yes,2026-01-16T03:07:32.283368Z
KXNBAGAME-26JAN15PHXDET-PHX,Phoenix at Detroit Winner?,Phoenix,no,2026-01-16T03:03:36.547292Z
KXNBAGAME-26JAN15MEMORL-ORL,Memphis at Orlando Winner?,Orlando,yes,2026-01-15T21:51:32.54269Z
KXNBAGAME-26JAN14NYKSAC-SAC,New York at Sacramento Winner?,Sacramento,yes,2026-01-15T05:51:22.249664Z
KXNBAGAME-26JAN14WASLAC-WAS,Washington at Los Angeles C Winner?,Washington,no,2026-01-15T06:11:25.531842Z
KXNBAGAME-26JAN14DENDAL-DEN,Denver at Dallas Winner?,Denver,yes,2026-01-15T05:13:27.438687Z
KXNBAGAME-26JAN14UTACHI-UTA,Utah at Chicago Winner?,Utah,no,2026-01-15T03:41:23.645806Z
KXNBAGAME-26JAN14BKNNOP-NOP,Brooklyn at New Orleans Winner?,New Orleans,yes,2026-01-15T03:39:43.774494Z
KXNBAGAME-26JAN14TORIND-TOR,Toronto at Indiana Winner?,Toronto,yes,2026-01-15T02:37:34.699032Z
KXNBAGAME-26JAN14CLEPHI-PHI,Cleveland at Philadelphia Winner?,Philadelphia,no,2026-01-15T02:39:52.513649Z
KXNBAGAME-26JAN13PORGSW-POR,Portland at Golden State Winner?,Portland,no,2026-01-14T06:45:24.361864Z
KXNBAGAME-26JAN13ATLLAL-LAL,Atlanta at Los Angeles L Winner?,Los Angeles L,yes,2026-01-14T05:57:21.602989Z
KXNBAGAME-26JAN13MINMIL-MIN,Minnesota at Milwaukee Winner?,Minnesota,yes,2026-01-14T03:41:25.51912Z
KXNBAGAME-26JAN13CHIHOU-HOU,Chicago at Houston Winner?,Houston,yes,2026-01-14T03:35:39.992195Z
KXNBAGAME-26JAN13PHXMIA-PHX,Phoenix at Miami Winner?,Phoenix,no,2026-01-14T03:21:34.95832Z
KXNBAGAME-26JAN13DENNOP-NOP,Denver at New Orleans Winner?,New Orleans,no,2026-01-14T03:55:26.512166Z
KXNBAGAME-26JAN13SASOKC-SAS,San Antonio at Oklahoma City Winner?,San Antonio,no,2026-01-14T03:47:25.174778Z
KXNBAGAME-26JAN12CHALAC-LAC,Charlotte at Los Angeles C Winner?,Los Angeles C,yes,2026-01-13T05:53:27.75636Z
KXNBAGAME-26JAN12LALSAC-SAC,Los Angeles L at Sacramento Winner?,Sacramento,yes,2026-01-13T05:35:21.005882Z
KXNBAGAME-26JAN12BKNDAL-DAL,Brooklyn at Dallas Winner?,Dallas,yes,2026-01-13T04:01:24.453949Z
KXNBAGAME-26JAN12BOSIND-IND,Boston at Indiana Winner?,Indiana,yes,2026-01-13T02:55:31.164094Z
KXNBAGAME-26JAN12PHITOR-TOR,Philadelphia at Toronto Winner?,Toronto,no,2026-01-13T03:05:21.98055Z
KXNBAGAME-26JAN12UTACLE-UTA,Utah at Cleveland Winner?,Utah,yes,2026-01-13T02:29:53.772131Z
KXNBAGAME-26JAN11ATLGSW-GSW,Atlanta at Golden State Winner?,Golden State,no,2026-01-12T04:23:24.969322Z
KXNBAGAME-26JAN11HOUSAC-SAC,Houston at Sacramento Winner?,Sacramento,yes,2026-01-12T05:09:33.283024Z
KXNBAGAME-26JAN11MIAOKC-OKC,Miami at Oklahoma City Winner?,Oklahoma City,yes,2026-01-12T02:37:32.692517Z
KXNBAGAME-26JAN11WASPHX-WAS,Washington at Phoenix Winner?,Washington,no,2026-01-12T03:39:48.152059Z
KXNBAGAME-26JAN11SASMIN-SAS,San Antonio at Minnesota Winner?,San Antonio,no,2026-01-12T02:39:50.814538Z
KXNBAGAME-26JAN11MILDEN-MIL,Milwaukee at Denver Winner?,Milwaukee,no,2026-01-12T03:43:23.914228Z
KXNBAGAME-26JAN11NYKPOR-POR,New York at Portland Winner?,Portland,no,2026-01-12T01:33:44.94984Z
KXNBAGAME-26JAN11PHITOR-TOR,Philadelphia at Toronto Winner?,Toronto,yes,2026-01-12T02:27:35.087598Z
KXNBAGAME-26JAN11BKNMEM-MEM,Brooklyn at Memphis Winner?,Memphis,yes,2026-01-11T23:09:53.209182Z
KXNBAGAME-26JAN11NOPORL-ORL,New Orleans at Orlando Winner?,Orlando,yes,2026-01-11T22:43:48.769748Z
KXNBAGAME-26JAN10CHAUTA-UTA,Charlotte at Utah Winner?,Utah,no,2026-01-11T04:59:52.949276Z
KXNBAGAME-26JAN10LACDET-LAC,Los Angeles C at Detroit Winner?,Los Angeles C,yes,2026-01-11T03:39:43.590855Z
KXNBAGAME-26JAN10SASBOS-SAS,San Antonio at Boston Winner?,San Antonio,yes,2026-01-11T03:31:23.035506Z
KXNBAGAME-26JAN10DALCHI-DAL,Dallas at Chicago Winner?,Dallas,no,2026-01-11T03:29:44.015097Z
KXNBAGAME-26JAN10MIAIND-MIA,Miami at Indiana Winner?,Miami,no,2026-01-11T02:33:26.472279Z
KXNBAGAME-26JAN10MINCLE-MIN,Minnesota at Cleveland Winner?,Minnesota,no,2026-01-10T20:43:33.823501Z
KXNBAGAME-26JAN09HOUPOR-POR,Houston at Portland Winner?,Portland,yes,2026-01-10T05:41:27.280419Z
KXNBAGAME-26JAN09MILLAL-MIL,Milwaukee at Los Angeles L Winner?,Milwaukee,yes,2026-01-10T06:00:00.053281Z
KXNBAGAME-26JAN09ATLDEN-DEN,Atlanta at Denver Winner?,Denver,no,2026-01-10T04:23:34.521946Z
KXNBAGAME-26JAN09SACGSW-SAC,Sacramento at Golden State Winner?,Sacramento,no,2026-01-10T05:39:51.150823Z
KXNBAGAME-26JAN09NYKPHX-PHX,New York at Phoenix Winner?,Phoenix,yes,2026-01-10T04:45:30.296751Z
KXNBAGAME-26JAN09LACBKN-LAC,Los Angeles C at Brooklyn Winner?,Los Angeles C,yes,2026-01-10T03:07:38.62855Z
KXNBAGAME-26JAN09OKCMEM-OKC,Oklahoma City at Memphis Winner?,Oklahoma City,yes,2026-01-10T03:43:36.230784Z
KXNBAGAME-26JAN09PHIORL-PHI,Philadelphia at Orlando Winner?,Philadelphia,yes,2026-01-10T02:43:42.358721Z
KXNBAGAME-26JAN09NOPWAS-WAS,New Orleans at Washington Winner?,Washington,no,2026-01-10T02:40:14.609821Z
KXNBAGAME-26JAN09TORBOS-TOR,Toronto at Boston Winner?,Toronto,no,2026-01-10T02:40:14.536914Z
KXNBAGAME-26JAN08DALUTA-UTA,Dallas at Utah Winner?,Utah,yes,2026-01-09T04:25:21.170631Z
KXNBAGAME-26JAN08CLEMIN-MIN,Cleveland at Minnesota Winner?,Minnesota,yes,2026-01-09T03:45:28.294383Z
KXNBAGAME-26JAN08INDCHA-IND,Indiana at Charlotte Winner?,Indiana,yes,2026-01-09T02:45:44.600553Z
KXNBAGAME-26JAN07LALSAS-SAS,Los Angeles L at San Antonio Winner?,San Antonio,yes,2026-01-08T05:15:52.109972Z
KXNBAGAME-26JAN07HOUPOR-POR,Houston at Portland Winner?,Portland,yes,2026-01-08T05:47:19.393674Z
KXNBAGAME-26JAN07MILGSW-MIL,Milwaukee at Golden State Winner?,Milwaukee,no,2026-01-08T05:35:24.011955Z
KXNBAGAME-26JAN07NOPATL-NOP,New Orleans at Atlanta Winner?,New Orleans,no,2026-01-08T03:01:22.951955Z
KXNBAGAME-26JAN07PHXMEM-PHX,Phoenix at Memphis Winner?,Phoenix,yes,2026-01-08T03:40:52.539277Z
KXNBAGAME-26JAN07UTAOKC-UTA,Utah at Oklahoma City Winner?,Utah,no,2026-01-08T03:57:20.258395Z
KXNBAGAME-26JAN07LACNYK-NYK,Los Angeles C at New York Winner?,New York,yes,2026-01-08T02:55:38.176353Z
KXNBAGAME-26JAN07ORLBKN-ORL,Orlando at Brooklyn Winner?,Orlando,yes,2026-01-08T03:31:29.924644Z
KXNBAGAME-26JAN07DENBOS-DEN,Denver at Boston Winner?,Denver,yes,2026-01-08T02:42:50.851344Z
KXNBAGAME-26JAN07WASPHI-WAS,Washington at Philadelphia Winner?,Washington,no,2026-01-08T02:26:06.587823Z
KXNBAGAME-26JAN07TORCHA-TOR,Toronto at Charlotte Winner?,Toronto,yes,2026-01-08T02:43:38.173809Z
KXNBAGAME-26JAN07CHIDET-DET,Chicago at Detroit Winner?,Detroit,yes,2026-01-08T02:23:56.907887Z
KXNBAGAME-26JAN06DALSAC-SAC,Dallas at Sacramento Winner?,Sacramento,no,2026-01-07T06:49:59.938422Z
KXNBAGAME-26JAN06LALNOP-NOP,Los Angeles L at New Orleans Winner?,New Orleans,no,2026-01-07T03:40:22.813257Z
KXNBAGAME-26JAN06SASMEM-SAS,San Antonio at Memphis Winner?,San Antonio,no,2026-01-07T03:54:31.222916Z
KXNBAGAME-26JAN06MIAMIN-MIN,Miami at Minnesota Winner?,Minnesota,yes,2026-01-07T03:34:31.431188Z
KXNBAGAME-26JAN06CLEIND-IND,Cleveland at Indiana Winner?,Indiana,no,2026-01-07T02:34:34.298429Z
KXNBAGAME-26JAN06ORLWAS-WAS,Orlando at Washington Winner?,Washington,yes,2026-01-07T02:40:29.078228Z
KXNBAGAME-26JAN05PHXHOU-PHX,Phoenix vs Houston Winner?,Phoenix,no,2026-01-06T03:50:20.942795Z
KXNBAGAME-26JAN05UTAPOR-UTA,Utah vs Portland Winner?,Utah,no,2026-01-06T05:34:30.127152Z
KXNBAGAME-26JAN05GSWLAC-LAC,Golden State vs Los Angeles C Winner?,Los Angeles C,yes,2026-01-06T05:49:40.419233Z
KXNBAGAME-26JAN05DENPHI-PHI,Denver vs Philadelphia Winner?,Philadelphia,no,2026-01-06T04:24:31.049215Z
KXNBAGAME-26JAN05ATLTOR-TOR,Atlanta vs Toronto Winner?,Toronto,yes,2026-01-06T03:04:42.933987Z
KXNBAGAME-26JAN05CHIBOS-CHI,Chicago vs Boston Winner?,Chicago,no,2026-01-06T02:50:06.156975Z
KXNBAGAME-26JAN05CHAOKC-OKC,Charlotte vs Oklahoma City Winner?,Oklahoma City,no,2026-01-06T03:40:13.083364Z
KXNBAGAME-26JAN05NYKDET-NYK,New York vs Detroit Winner?,New York,no,2026-01-06T02:40:29.216971Z
KXNBAGAME-26JAN04MEMLAL-MEM,Memphis vs Los Angeles L Winner?,Memphis,no,2026-01-05T05:24:31.876997Z
KXNBAGAME-26JAN04MILSAC-SAC,Milwaukee vs Sacramento Winner?,Sacramento,no,2026-01-05T05:04:28.994566Z
KXNBAGAME-26JAN04MINWAS-WAS,Minnesota vs Washington Winner?,Washington,no,2026-01-05T01:30:40.138487Z
KXNBAGAME-26JAN04NOPMIA-NOP,New Orleans vs Miami Winner?,New Orleans,no,2026-01-05T01:30:40.076151Z
KXNBAGAME-26JAN04OKCPHX-PHX,Oklahoma City vs Phoenix Winner?,Phoenix,yes,2026-01-05T03:44:35.155626Z
KXNBAGAME-26JAN04INDORL-ORL,Indiana vs Orlando Winner?,Orlando,yes,2026-01-04T22:40:42.879978Z
KXNBAGAME-26JAN04DENBKN-DEN,Denver vs Brooklyn Winner?,Denver,no,2026-01-04T23:14:44.424968Z
KXNBAGAME-26JAN04DETCLE-DET,Detroit vs Cleveland Winner?,Detroit,yes,2026-01-04T21:50:45.651002Z
KXNBAGAME-26JAN03BOSLAC-LAC,Boston vs Los Angeles C Winner?,Los Angeles C,no,2026-01-04T06:00:46.906965Z
KXNBAGAME-26JAN03UTAGSW-UTA,Utah vs Golden State Winner?,Utah,no,2026-01-04T06:04:29.552846Z
KXNBAGAME-26JAN03HOUDAL-HOU,Houston vs Dallas Winner?,Houston,no,2026-01-04T04:01:08.176006Z
KXNBAGAME-26JAN03PHINYK-PHI,Philadelphia vs New York Winner?,Philadelphia,yes,2026-01-04T03:04:38.205113Z
KXNBAGAME-26JAN03CHACHI-CHI,Charlotte vs Chicago Winner?,Chicago,no,2026-01-04T03:34:39.937902Z
KXNBAGAME-26JAN03ATLTOR-TOR,Atlanta vs Toronto Winner?,Toronto,yes,2026-01-04T03:10:25.916908Z
KXNBAGAME-26JAN03PORSAS-SAS,Portland vs San Antonio Winner?,San Antonio,no,2026-01-04T03:54:30.761223Z
KXNBAGAME-26JAN03MINMIA-MIN,Minnesota vs Miami Winner?,Minnesota,yes,2026-01-04T00:50:03.78115Z
KXNBAGAME-26JAN02OKCGSW-OKC,Oklahoma City vs Golden State Winner?,Oklahoma City,yes,2026-01-03T05:50:01.9806Z
KXNBAGAME-26JAN02MEMLAL-MEM,Memphis vs Los Angeles L Winner?,Memphis,no,2026-01-03T06:24:28.39596Z
KXNBAGAME-26JAN02SACPHX-SAC,Sacramento vs Phoenix Winner?,Sacramento,no,2026-01-03T04:50:34.62933Z
KXNBAGAME-26JAN02ORLCHI-ORL,Orlando vs Chicago Winner?,Orlando,no,2026-01-03T03:40:48.194246Z
KXNBAGAME-26JAN02PORNOP-POR,Portland vs New Orleans Winner?,Portland,yes,2026-01-03T03:44:38.419359Z
KXNBAGAME-26JAN02CHAMIL-MIL,Charlotte vs Milwaukee Winner?,Milwaukee,yes,2026-01-03T03:50:11.081626Z
KXNBAGAME-26JAN02DENCLE-DEN,Denver vs Cleveland Winner?,Denver,no,2026-01-03T03:14:43.842069Z
KXNBAGAME-26JAN02ATLNYK-NYK,Atlanta vs New York Winner?,New York,no,2026-01-03T03:20:15.789882Z
KXNBAGAME-26JAN02SASIND-SAS,San Antonio vs Indiana Winner?,San Antonio,yes,2026-01-03T02:50:38.341923Z
KXNBAGAME-26JAN02BKNWAS-WAS,Brooklyn vs Washington Winner?,Washington,yes,2026-01-03T02:55:12.448076Z
KXNBAGAME-26JAN01UTALAC-UTA,Utah vs Los Angeles C Winner?,Utah,no,2026-01-02T06:14:31.694373Z
KXNBAGAME-26JAN01BOSSAC-SAC,Boston vs Sacramento Winner?,Sacramento,no,2026-01-02T05:39:56.996156Z
KXNBAGAME-26JAN01PHIDAL-PHI,Philadelphia vs Dallas Winner?,Philadelphia,yes,2026-01-02T03:54:50.795351Z
KXNBAGAME-26JAN01HOUBKN-HOU,Houston vs Brooklyn Winner?,Houston,yes,2026-01-02T01:30:39.591094Z
KXNBAGAME-26JAN01MIADET-MIA,Miami vs Detroit Winner?,Miami,yes,2026-01-02T02:54:30.647911Z
KXNBAGAME-25DEC31POROKC-POR,Portland vs Oklahoma City Winner?,Portland,no,2026-01-01T03:30:31.530117Z
KXNBAGAME-25DEC31NYKSAS-SAS,New York vs San Antonio Winner?,San Antonio,yes,2026-01-01T03:10:05.711367Z
KXNBAGAME-25DEC31NOPCHI-NOP,New Orleans vs Chicago Winner?,New Orleans,no,2026-01-01T02:40:18.272084Z
KXNBAGAME-25DEC31WASMIL-WAS,Washington vs Milwaukee Winner?,Washington,yes,2026-01-01T03:34:29.408154Z
KXNBAGAME-25DEC31DENTOR-TOR,Denver vs Toronto Winner?,Toronto,no,2026-01-01T03:14:38.311436Z
KXNBAGAME-25DEC31MINATL-MIN,Minnesota vs Atlanta Winner?,Minnesota,no,2025-12-31T22:30:19.439336Z
KXNBAGAME-25DEC31PHXCLE-PHX,Phoenix vs Cleveland Winner?,Phoenix,no,2025-12-31T23:14:46.624602Z
KXNBAGAME-25DEC31ORLIND-ORL,Orlando vs Indiana Winner?,Orlando,yes,2025-12-31T23:00:05.286855Z
KXNBAGAME-25DEC31GSWCHA-GSW,Golden State vs Charlotte Winner?,Golden State,yes,2025-12-31T20:40:21.072856Z
KXNBAGAME-25DEC30BOSUTA-UTA,Boston vs Utah Winner?,Utah,no,2025-12-31T04:40:09.292448Z
KXNBAGAME-25DEC30SACLAC-SAC,Sacramento vs Los Angeles C Winner?,Sacramento,no,2025-12-31T06:30:15.093783Z
KXNBAGAME-25DEC30DETLAL-LAL,Detroit vs Los Angeles L Winner?,Los Angeles L,no,2025-12-31T06:39:50.876355Z
KXNBAGAME-25DEC30PHIMEM-PHI,Philadelphia vs Memphis Winner?,Philadelphia,yes,2025-12-31T04:00:39.591077Z
KXNBAGAME-25DEC29DALPOR-POR,Dallas vs Portland Winner?,Portland,yes,2025-12-30T06:29:49.813669Z
KXNBAGAME-25DEC29NYKNOP-NYK,New York vs New Orleans Winner?,New York,yes,2025-12-30T04:00:14.193291Z
KXNBAGAME-25DEC29MINCHI-MIN,Minnesota vs Chicago Winner?,Minnesota,yes,2025-12-30T03:44:38.096512Z
KXNBAGAME-25DEC29ATLOKC-OKC,Atlanta vs Oklahoma City Winner?,Oklahoma City,yes,2025-12-30T04:00:14.288924Z
KXNBAGAME-25DEC29ORLTOR-TOR,Orlando vs Toronto Winner?,Toronto,yes,2025-12-30T03:20:08.120115Z
KXNBAGAME-25DEC29INDHOU-IND,Indiana vs Houston Winner?,Indiana,no,2025-12-30T03:35:10.572484Z
KXNBAGAME-25DEC29GSWBKN-GSW,Golden State vs Brooklyn Winner?,Golden State,yes,2025-12-30T03:15:10.566233Z
KXNBAGAME-25DEC29CLESAS-SAS,Cleveland vs San Antonio Winner?,San Antonio,no,2025-12-30T04:09:48.148631Z
KXNBAGAME-25DEC29DENMIA-MIA,Denver vs Miami Winner?,Miami,yes,2025-12-30T03:00:55.333392Z
KXNBAGAME-25DEC29MILCHA-MIL,Milwaukee vs Charlotte Winner?,Milwaukee,yes,2025-12-30T02:35:22.573715Z
KXNBAGAME-25DEC29PHXWAS-WAS,Phoenix vs Washington Winner?,Washington,no,2025-12-30T02:24:55.735835Z
KXNBAGAME-25DEC28DETLAC-LAC,Detroit vs Los Angeles C Winner?,Los Angeles C,yes,2025-12-29T05:04:25.942686Z
KXNBAGAME-25DEC28SACLAL-SAC,Sacramento vs Los Angeles L Winner?,Sacramento,no,2025-12-29T05:14:31.067292Z
KXNBAGAME-25DEC28MEMWAS-WAS,Memphis vs Washington Winner?,Washington,yes,2025-12-29T01:49:40.961338Z
KXNBAGAME-25DEC28BOSPOR-POR,Boston vs Portland Winner?,Portland,yes,2025-12-29T01:49:40.573251Z
KXNBAGAME-25DEC28PHIOKC-PHI,Philadelphia vs Oklahoma City Winner?,Philadelphia,no,2025-12-28T23:04:35.740197Z
KXNBAGAME-25DEC28GSWTOR-TOR,Golden State vs Toronto Winner?,Toronto,yes,2025-12-28T23:24:31.340122Z
KXNBAGAME-25DEC27UTASAS-UTA,Utah vs San Antonio Winner?,Utah,yes,2025-12-28T03:44:33.856566Z
KXNBAGAME-25DEC27NYKATL-NYK,New York vs Atlanta Winner?,New York,yes,2025-12-28T03:55:08.499709Z
KXNBAGAME-25DEC27CLEHOU-HOU,Cleveland vs Houston Winner?,Houston,yes,2025-12-28T03:40:37.34178Z
KXNBAGAME-25DEC27MILCHI-MIL,Milwaukee vs Chicago Winner?,Milwaukee,yes,2025-12-28T04:00:44.204537Z
KXNBAGAME-25DEC27INDMIA-MIA,Indiana vs Miami Winner?,Miami,yes,2025-12-28T03:50:17.822264Z
KXNBAGAME-25DEC27BKNMIN-MIN,Brooklyn vs Minnesota Winner?,Minnesota,no,2025-12-28T03:35:18.110264Z
KXNBAGAME-25DEC27PHXNOP-PHX,Phoenix vs New Orleans Winner?,Phoenix,yes,2025-12-28T03:10:20.747598Z
KXNBAGAME-25DEC27DENORL-ORL,Denver vs Orlando Winner?,Orlando,yes,2025-12-28T03:19:55.274947Z
KXNBAGAME-25DEC27DALSAC-SAC,Dallas vs Sacramento Winner?,Sacramento,yes,2025-12-28T00:24:41.85528Z
KXNBAGAME-25DEC26LACPOR-POR,Los Angeles C vs Portland Winner?,Portland,no,2025-12-27T05:50:02.860326Z
KXNBAGAME-25DEC26DETUTA-UTA,Detroit vs Utah Winner?,Utah,yes,2025-12-27T05:19:45.680338Z
KXNBAGAME-25DEC26CHAORL-ORL,Charlotte vs Orlando Winner?,Orlando,no,2025-12-27T02:44:43.312833Z
KXNBAGAME-25DEC26PHXNOP-PHX,Phoenix vs New Orleans Winner?,Phoenix,yes,2025-12-27T03:54:29.131724Z
KXNBAGAME-25DEC26MILMEM-MIL,Milwaukee vs Memphis Winner?,Milwaukee,no,2025-12-27T03:44:30.419432Z
KXNBAGAME-25DEC26PHICHI-PHI,Philadelphia vs Chicago Winner?,Philadelphia,no,2025-12-27T03:20:17.091856Z
KXNBAGAME-25DEC26BOSIND-IND,Boston vs Indiana Winner?,Indiana,no,2025-12-27T02:44:43.665276Z
KXNBAGAME-25DEC26TORWAS-WAS,Toronto vs Washington Winner?,Washington,yes,2025-12-27T02:34:40.339525Z
KXNBAGAME-25DEC26MIAATL-MIA,Miami vs Atlanta Winner?,Miami,yes,2025-12-27T02:30:36.244964Z
KXNBAGAME-25DEC25MINDEN-MIN,Minnesota vs Denver Winner?,Minnesota,no,2025-12-26T07:04:24.416899Z
KXNBAGAME-25DEC25DALGSW-GSW,Dallas vs Golden State Winner?,Golden State,yes,2025-12-26T01:01:03.609687Z
KXNBAGAME-25DEC25CLENYK-NYK,Cleveland vs New York Winner?,New York,yes,2025-12-25T19:54:27.817598Z
KXNBAGAME-25DEC25HOULAL-LAL,Houston vs Los Angeles L Winner?,Los Angeles L,no,2025-12-26T03:49:56.246482Z
KXNBAGAME-25DEC25SASOKC-SAS,San Antonio vs Oklahoma City Winner?,San Antonio,yes,2025-12-25T22:10:10.587605Z
KXNBAGAME-25DEC23ORLPOR-POR,Orlando vs Portland Winner?,Portland,no,2025-12-24T05:39:58.178743Z
KXNBAGAME-25DEC23HOULAC-LAC,Houston vs Los Angeles C Winner?,Los Angeles C,yes,2025-12-24T06:09:45.618125Z
KXNBAGAME-25DEC23DETSAC-SAC,Detroit vs Sacramento Winner?,Sacramento,no,2025-12-24T06:00:04.271701Z
KXNBAGAME-25DEC23LALPHX-PHX,Los Angeles L vs Phoenix Winner?,Phoenix,yes,2025-12-24T04:39:47.248718Z
KXNBAGAME-25DEC23MEMUTA-UTA,Memphis vs Utah Winner?,Utah,no,2025-12-24T04:54:33.869747Z
KXNBAGAME-25DEC23OKCSAS-SAS,Oklahoma City vs San Antonio Winner?,San Antonio,yes,2025-12-24T04:14:41.405399Z
KXNBAGAME-25DEC23NYKMIN-NYK,New York vs Minnesota Winner?,New York,no,2025-12-24T03:50:02.899562Z
KXNBAGAME-25DEC23DENDAL-DEN,Denver vs Dallas Winner?,Denver,no,2025-12-24T03:34:41.067424Z
KXNBAGAME-25DEC23TORMIA-TOR,Toronto vs Miami Winner?,Toronto,yes,2025-12-24T03:14:50.846887Z
KXNBAGAME-25DEC23CHIATL-CHI,Chicago vs Atlanta Winner?,Chicago,yes,2025-12-24T03:20:08.270656Z
KXNBAGAME-25DEC23NOPCLE-NOP,New Orleans vs Cleveland Winner?,New Orleans,no,2025-12-24T03:10:18.801971Z
KXNBAGAME-25DEC23MILIND-MIL,Milwaukee vs Indiana Winner?,Milwaukee,yes,2025-12-24T03:10:20.078099Z
KXNBAGAME-25DEC23WASCHA-WAS,Washington vs Charlotte Winner?,Washington,no,2025-12-24T02:40:21.209516Z
KXNBAGAME-25DEC23BKNPHI-PHI,Brooklyn vs Philadelphia Winner?,Philadelphia,no,2025-12-24T03:00:21.027361Z
KXNBAGAME-25DEC22MEMOKC-OKC,Memphis vs Oklahoma City Winner?,Oklahoma City,yes,2025-12-23T05:09:41.840704Z
KXNBAGAME-25DEC22DETPOR-POR,Detroit vs Portland Winner?,Portland,no,2025-12-23T06:00:35.085833Z
KXNBAGAME-25DEC22ORLGSW-ORL,Orlando vs Golden State Winner?,Orlando,no,2025-12-23T05:44:28.622448Z
KXNBAGAME-25DEC22UTADEN-UTA,Utah vs Denver Winner?,Utah,no,2025-12-23T04:44:31.12941Z
KXNBAGAME-25DEC22DALNOP-NOP,Dallas vs New Orleans Winner?,New Orleans,yes,2025-12-23T03:39:46.09021Z
KXNBAGAME-25DEC22INDBOS-IND,Indiana vs Boston Winner?,Indiana,no,2025-12-23T03:00:38.49992Z
KXNBAGAME-25DEC22CHACLE-CLE,Charlotte vs Cleveland Winner?,Cleveland,yes,2025-12-23T03:00:39.393619Z
KXNBAGAME-25DEC21HOUSAC-SAC,Houston vs Sacramento Winner?,Sacramento,yes,2025-12-22T06:00:04.319568Z
KXNBAGAME-25DEC21SASWAS-WAS,San Antonio vs Washington Winner?,Washington,no,2025-12-22T02:49:42.91859Z
KXNBAGAME-25DEC21MILMIN-MIN,Milwaukee vs Minnesota Winner?,Minnesota,yes,2025-12-22T02:44:34.059086Z
KXNBAGAME-25DEC21TORBKN-TOR,Toronto vs Brooklyn Winner?,Toronto,no,2025-12-22T01:30:21.696679Z
KXNBAGAME-25DEC21MIANYK-NYK,Miami vs New York Winner?,New York,yes,2025-12-22T01:40:30.976484Z
KXNBAGAME-25DEC21CHIATL-CHI,Chicago vs Atlanta Winner?,Chicago,yes,2025-12-21T23:20:19.213981Z
KXNBAGAME-25DEC20PORSAC-SAC,Portland vs Sacramento Winner?,Sacramento,no,2025-12-21T06:14:35.114902Z
KXNBAGAME-25DEC20PHXGSW-PHX,Phoenix vs Golden State Winner?,Phoenix,no,2025-12-21T04:24:31.507005Z
KXNBAGAME-25DEC20ORLUTA-UTA,Orlando vs Utah Winner?,Utah,no,2025-12-21T05:44:28.861385Z
KXNBAGAME-25DEC20LALLAC-LAL,Los Angeles L vs Los Angeles C Winner?,Los Angeles L,no,2025-12-21T06:14:34.795206Z
KXNBAGAME-25DEC20WASMEM-WAS,Washington vs Memphis Winner?,Washington,yes,2025-12-21T03:44:34.70298Z
KXNBAGAME-25DEC20INDNOP-NOP,Indiana vs New Orleans Winner?,New Orleans,yes,2025-12-21T03:00:18.882957Z
KXNBAGAME-25DEC20BOSTOR-TOR,Boston vs Toronto Winner?,Toronto,no,2025-12-21T02:34:54.593804Z
KXNBAGAME-25DEC20CHADET-DET,Charlotte vs Detroit Winner?,Detroit,yes,2025-12-21T03:30:21.984226Z
KXNBAGAME-25DEC20DALPHI-PHI,Dallas vs Philadelphia Winner?,Philadelphia,yes,2025-12-21T02:34:54.669547Z
KXNBAGAME-25DEC20HOUDEN-HOU,Houston vs Denver Winner?,Houston,yes,2025-12-21T00:50:25.3438Z
KXNBAGAME-25DEC19OKCMIN-OKC,Oklahoma City vs Minnesota Winner?,Oklahoma City,no,2025-12-20T05:29:42.660737Z
KXNBAGAME-25DEC19SASATL-SAS,San Antonio vs Atlanta Winner?,San Antonio,yes,2025-12-20T02:50:15.214983Z
KXNBAGAME-25DEC19CHICLE-CLE,Chicago vs Cleveland Winner?,Cleveland,no,2025-12-20T03:04:30.010911Z
KXNBAGAME-25DEC19MIABOS-MIA,Miami vs Boston Winner?,Miami,no,2025-12-20T02:44:36.584012Z
KXNBAGAME-25DEC19PHINYK-PHI,Philadelphia vs New York Winner?,Philadelphia,yes,2025-12-20T02:54:29.847866Z
KXNBAGAME-25DEC18GSWPHX-PHX,Golden State vs Phoenix Winner?,Phoenix,yes,2025-12-19T05:34:26.172128Z
KXNBAGAME-25DEC18SACPOR-SAC,Sacramento vs Portland Winner?,Sacramento,no,2025-12-19T06:14:32.39859Z
KXNBAGAME-25DEC18ORLDEN-ORL,Orlando vs Denver Winner?,Orlando,no,2025-12-19T04:34:39.007528Z
KXNBAGAME-25DEC18LALUTA-UTA,Los Angeles L vs Utah Winner?,Utah,no,2025-12-19T05:01:24.294483Z
KXNBAGAME-25DEC18TORMIL-TOR,Toronto vs Milwaukee Winner?,Toronto,yes,2025-12-19T04:00:45.363058Z
KXNBAGAME-25DEC18DETDAL-DET,Detroit vs Dallas Winner?,Detroit,no,2025-12-19T05:01:24.588679Z
KXNBAGAME-25DEC18HOUNOP-NOP,Houston vs New Orleans Winner?,New Orleans,yes,2025-12-19T04:05:15.15932Z
KXNBAGAME-25DEC18WASSAS-WAS,Washington vs San Antonio Winner?,Washington,no,2025-12-19T04:11:03.23008Z
KXNBAGAME-25DEC18LACOKC-OKC,Los Angeles C vs Oklahoma City Winner?,Oklahoma City,yes,2025-12-19T03:34:45.383772Z
KXNBAGAME-25DEC18MIABKN-MIA,Miami vs Brooklyn Winner?,Miami,yes,2025-12-19T03:10:58.14369Z
KXNBAGAME-25DEC18NYKIND-NYK,New York vs Indiana Winner?,New York,yes,2025-12-19T02:44:59.016873Z
KXNBAGAME-25DEC18ATLCHA-CHA,Atlanta vs Charlotte Winner?,Charlotte,yes,2025-12-19T02:41:14.288085Z
KXNBAGAME-25DEC17MEMMIN-MIN,Memphis vs Minnesota Winner?,Minnesota,no,2025-12-18T04:14:45.985537Z
KXNBAGAME-25DEC17CLECHI-CLE,Cleveland vs Chicago Winner?,Cleveland,no,2025-12-18T03:41:05.137345Z
KXNBAGAME-25DEC15MEMLAC-MEM,Memphis vs Los Angeles C Winner?,Memphis,yes,2025-12-16T05:59:51.216237Z
KXNBAGAME-25DEC15HOUDEN-HOU,Houston vs Denver Winner?,Houston,no,2025-12-16T05:39:46.886369Z
KXNBAGAME-25DEC15DALUTA-UTA,Dallas vs Utah Winner?,Utah,yes,2025-12-16T05:10:02.128462Z
KXNBAGAME-25DEC15DETBOS-DET,Detroit vs Boston Winner?,Detroit,yes,2025-12-16T03:00:19.918994Z
KXNBAGAME-25DEC15TORMIA-TOR,Toronto vs Miami Winner?,Toronto,yes,2025-12-16T03:14:33.352664Z
KXNBAGAME-25DEC14GSWPOR-POR,Golden State vs Portland Winner?,Portland,yes,2025-12-15T04:50:14.185548Z
KXNBAGAME-25DEC14NOPCHI-NOP,New Orleans vs Chicago Winner?,New Orleans,yes,2025-12-15T02:50:14.729386Z
KXNBAGAME-25DEC14MILBKN-MIL,Milwaukee vs Brooklyn Winner?,Milwaukee,no,2025-12-15T01:24:43.542389Z
KXNBAGAME-25DEC14LALPHX-PHX,Los Angeles L vs Phoenix Winner?,Phoenix,no,2025-12-15T04:10:11.578568Z
KXNBAGAME-25DEC14SACMIN-SAC,Sacramento vs Minnesota Winner?,Sacramento,no,2025-12-15T02:34:39.453431Z
KXNBAGAME-25DEC14PHIATL-PHI,Philadelphia vs Atlanta Winner?,Philadelphia,no,2025-12-15T01:44:42.986392Z
KXNBAGAME-25DEC14WASIND-WAS,Washington vs Indiana Winner?,Washington,yes,2025-12-14T22:50:01.101493Z
KXNBAGAME-25DEC14CHACLE-CLE,Charlotte vs Cleveland Winner?,Cleveland,no,2025-12-14T23:30:48.682855Z
KXNBAGAME-25DEC13SASOKC-SAS,San Antonio vs Oklahoma City Winner?,San Antonio,yes,2025-12-14T05:06:14.451512Z
KXNBAGAME-25DEC13NYKORL-ORL,New York K vs Orlando Winner?,Orlando,no,2025-12-14T01:34:31.228251Z
KXNBAGAME-25DEC12MINGSW-MIN,Minnesota vs Golden State Winner?,Minnesota,yes,2025-12-13T05:54:28.731257Z
KXNBAGAME-25DEC12BKNDAL-DAL,Brooklyn vs Dallas Winner?,Dallas,yes,2025-12-13T04:04:32.927423Z
KXNBAGAME-25DEC12INDPHI-PHI,Indiana vs Philadelphia Winner?,Philadelphia,yes,2025-12-13T02:50:22.484957Z
KXNBAGAME-25DEC12CHICHA-CHI,Chicago vs Charlotte Winner?,Chicago,yes,2025-12-13T02:40:21.854314Z
KXNBAGAME-25DEC12UTAMEM-UTA,Utah vs Memphis Winner?,Utah,yes,2025-12-13T03:54:34.582907Z
KXNBAGAME-25DEC12CLEWAS-WAS,Cleveland vs Washington Winner?,Washington,no,2025-12-13T02:54:36.672108Z
KXNBAGAME-25DEC12ATLDET-DET,Atlanta vs Detroit Winner?,Detroit,yes,2025-12-13T03:00:53.736411Z
KXNBAGAME-25DEC11DENSAC-SAC,Denver vs Sacramento Winner?,Sacramento,no,2025-12-12T05:24:31.572049Z
KXNBAGAME-25DEC11LACHOU-LAC,Los Angeles C vs Houston Winner?,Los Angeles C,no,2025-12-12T04:54:30.762183Z
KXNBAGAME-25DEC11PORNOP-POR,Portland vs New Orleans Winner?,Portland,no,2025-12-12T04:54:31.784302Z
KXNBAGAME-25DEC11BOSMIL-MIL,Boston vs Milwaukee Winner?,Milwaukee,yes,2025-12-12T04:54:31.636021Z
KXNBAGAME-25DEC10SASLAL-SAS,San Antonio vs Los Angeles L Winner?,San Antonio,yes,2025-12-11T05:49:47.946541Z
KXNBAGAME-25DEC10PHXOKC-PHX,Phoenix vs Oklahoma City Winner?,Phoenix,no,2025-12-11T03:00:34.475393Z
KXNBAGAME-25DEC09NYKTOR-TOR,New York K vs Toronto Winner?,Toronto,no,2025-12-10T04:24:34.733247Z
KXNBAGAME-25DEC09MIAORL-ORL,Miami vs Orlando Winner?,Orlando,yes,2025-12-10T01:50:24.396285Z
KXNBAGAME-25DEC08SASNOP-SAS,San Antonio vs New Orleans Winner?,San Antonio,yes,2025-12-09T03:44:34.23357Z
KXNBAGAME-25DEC08PHXMIN-PHX,Phoenix vs Minnesota Winner?,Phoenix,yes,2025-12-09T03:20:10.874379Z
KXNBAGAME-25DEC08SACIND-SAC,Sacramento vs Indiana Winner?,Sacramento,no,2025-12-09T02:39:42.773863Z
KXNBAGAME-25DEC07OKCUTA-UTA,Oklahoma City vs Utah Winner?,Utah,no,2025-12-08T03:44:34.847419Z
KXNBAGAME-25DEC07LALPHI-PHI,Los Angeles L vs Philadelphia Winner?,Philadelphia,no,2025-12-08T03:09:38.526571Z
KXNBAGAME-25DEC07GSWCHI-GSW,Golden State vs Chicago Winner?,Golden State,yes,2025-12-08T02:29:51.579345Z
KXNBAGAME-25DEC07PORMEM-POR,Portland vs Memphis Winner?,Portland,no,2025-12-08T01:50:22.888176Z
KXNBAGAME-25DEC07DENCHA-DEN,Denver vs Charlotte Winner?,Denver,yes,2025-12-08T01:34:38.39954Z
KXNBAGAME-25DEC07BOSTOR-TOR,Boston vs Toronto Winner?,Toronto,no,2025-12-07T23:02:16.537056Z
KXNBAGAME-25DEC07ORLNYK-ORL,Orlando vs New York K Winner?,Orlando,no,2025-12-07T19:50:26.268347Z
KXNBAGAME-25DEC06HOUDAL-HOU,Houston vs Dallas Winner?,Houston,no,2025-12-07T04:00:14.968608Z
KXNBAGAME-25DEC06SACMIA-SAC,Sacramento vs Miami Winner?,Sacramento,yes,2025-12-07T03:34:36.288276Z
KXNBAGAME-25DEC06MILDET-MIL,Milwaukee vs Detroit Winner?,Milwaukee,no,2025-12-07T03:19:56.167007Z
KXNBAGAME-25DEC06LACMIN-MIN,Los Angeles C vs Minnesota Winner?,Minnesota,yes,2025-12-07T03:44:39.486259Z
KXNBAGAME-25DEC06GSWCLE-GSW,Golden State vs Cleveland Winner?,Golden State,yes,2025-12-07T03:14:40.110091Z
KXNBAGAME-25DEC06ATLWAS-WAS,Atlanta vs Washington Winner?,Washington,no,2025-12-07T02:34:43.104548Z
KXNBAGAME-25DEC06NOPBKN-NOP,New Orleans vs Brooklyn Winner?,New Orleans,no,2025-12-07T00:24:42.753874Z
KXNBAGAME-25DEC05DALOKC-OKC,Dallas vs Oklahoma City Winner?,Oklahoma City,yes,2025-12-06T05:14:36.14652Z
KXNBAGAME-25DEC05PHXHOU-PHX,Phoenix vs Houston Winner?,Phoenix,no,2025-12-06T03:30:04.812248Z
KXNBAGAME-25DEC05PHIMIL-PHI,Philadelphia vs Milwaukee Winner?,Philadelphia,yes,2025-12-06T03:44:37.669197Z
KXNBAGAME-25DEC05LACMEM-MEM,Los Angeles C vs Memphis Winner?,Memphis,yes,2025-12-06T03:30:05.414576Z
KXNBAGAME-25DEC05INDCHI-IND,Indiana vs Chicago Winner?,Indiana,yes,2025-12-06T03:39:51.825904Z
KXNBAGAME-25DEC05PORDET-POR,Portland vs Detroit Winner?,Portland,no,2025-12-06T03:39:51.561875Z
KXNBAGAME-25DEC05SASCLE-SAS,San Antonio vs Cleveland Winner?,San Antonio,no,2025-12-06T03:19:51.167078Z
KXNBAGAME-25DEC05CHATOR-TOR,Charlotte vs Toronto Winner?,Toronto,no,2025-12-06T03:19:50.650116Z
KXNBAGAME-25DEC05DENATL-DEN,Denver vs Atlanta Winner?,Denver,yes,2025-12-06T03:15:07.908174Z
KXNBAGAME-25DEC05UTANYK-UTA,Utah vs New York K Winner?,Utah,no,2025-12-06T03:14:58.424434Z
KXNBAGAME-25DEC05MIAORL-ORL,Miami vs Orlando Winner?,Orlando,yes,2025-12-06T02:45:04.078733Z
KXNBAGAME-25DEC05LALBOS-LAL,Los Angeles L vs Boston Winner?,Los Angeles L,no,2025-12-06T02:40:03.867314Z
KXNBAGAME-25DEC04MINNOP-NOP,Minnesota vs New Orleans Winner?,New Orleans,no,2025-12-05T03:39:36.373457Z
KXNBAGAME-25DEC04UTABKN-UTA,Utah vs Brooklyn Winner?,Utah,yes,2025-12-05T03:14:38.82822Z
KXNBAGAME-25DEC04GSWPHI-PHI,Golden State vs Philadelphia Winner?,Philadelphia,yes,2025-12-05T02:44:42.213037Z
KXNBAGAME-25DEC04LALTOR-TOR,Los Angeles L vs Toronto Winner?,Toronto,no,2025-12-05T03:14:38.836473Z
KXNBAGAME-25DEC04BOSWAS-WAS,Boston vs Washington Winner?,Washington,no,2025-12-05T02:29:54.471337Z
KXNBAGAME-25DEC03MIADAL-MIA,Miami vs Dallas Winner?,Miami,no,2025-12-04T04:00:22.262525Z
KXNBAGAME-25DEC03SACHOU-SAC,Sacramento vs Houston Winner?,Sacramento,no,2025-12-04T03:49:53.195346Z
KXNBAGAME-25DEC03DETMIL-MIL,Detroit vs Milwaukee Winner?,Milwaukee,yes,2025-12-04T03:54:36.020682Z
KXNBAGAME-25DEC03BKNCHI-CHI,Brooklyn vs Chicago Winner?,Chicago,no,2025-12-04T03:34:35.843896Z
KXNBAGAME-25DEC03CHANYK-NYK,Charlotte vs New York K Winner?,New York K,yes,2025-12-04T03:10:00.871773Z
KXNBAGAME-25DEC03LACATL-LAC,Los Angeles C vs Atlanta Winner?,Los Angeles C,yes,2025-12-04T03:00:12.366915Z
KXNBAGAME-25DEC03SASORL-SAS,San Antonio vs Orlando Winner?,San Antonio,yes,2025-12-04T02:44:54.598126Z
KXNBAGAME-25DEC03PORCLE-POR,Portland vs Cleveland Winner?,Portland,yes,2025-12-04T02:40:22.091546Z
KXNBAGAME-25DEC03DENIND-IND,Denver vs Indiana Winner?,Indiana,no,2025-12-04T02:54:46.318606Z
KXNBAGAME-25DEC02OKCGSW-OKC,Oklahoma City vs Golden State Winner?,Oklahoma City,yes,2025-12-03T06:44:30.92378Z
KXNBAGAME-25DEC02MINNOP-NOP,Minnesota vs New Orleans Winner?,New Orleans,no,2025-12-03T03:59:50.09614Z
KXNBAGAME-25DEC02MEMSAS-SAS,Memphis vs San Antonio Winner?,San Antonio,yes,2025-12-03T04:04:28.012208Z
KXNBAGAME-25DEC02NYKBOS-NYK,New York K vs Boston Winner?,New York K,no,2025-12-03T03:49:49.023879Z
KXNBAGAME-25DEC02PORTOR-TOR,Portland vs Toronto Winner?,Toronto,yes,2025-12-03T03:19:45.822561Z
KXNBAGAME-25DEC02WASPHI-WAS,Washington vs Philadelphia Winner?,Washington,no,2025-12-03T02:29:52.643385Z
KXNBAGAME-25DEC01PHXLAL-PHX,Phoenix vs Los Angeles L Winner?,Phoenix,yes,2025-12-02T05:39:37.04015Z
KXNBAGAME-25DEC01DALDEN-DEN,Dallas vs Denver Winner?,Denver,no,2025-12-02T04:34:31.119045Z
KXNBAGAME-25DEC01HOUUTA-UTA,Houston vs Utah Winner?,Utah,yes,2025-12-02T05:09:34.245267Z
KXNBAGAME-25DEC01CHABKN-CHA,Charlotte vs Brooklyn Winner?,Charlotte,no,2025-12-02T03:14:49.531174Z
KXNBAGAME-25DEC01CHIORL-ORL,Chicago vs Orlando Winner?,Orlando,yes,2025-12-02T03:39:35.718832Z
KXNBAGAME-25DEC01LACMIA-MIA,Los Angeles C vs Miami Winner?,Miami,yes,2025-12-02T03:14:48.788473Z
KXNBAGAME-25DEC01ATLDET-DET,Atlanta vs Detroit Winner?,Detroit,yes,2025-12-02T02:49:50.757445Z
KXNBAGAME-25DEC01CLEIND-IND,Cleveland vs Indiana Winner?,Indiana,no,2025-12-02T02:49:49.901869Z
KXNBAGAME-25DEC01MILWAS-WAS,Milwaukee vs Washington Winner?,Washington,yes,2025-12-02T02:34:55.660659Z
KXNBAGAME-25NOV30MEMSAC-SAC,Memphis vs Sacramento Winner?,Sacramento,no,2025-12-01T04:54:28.718174Z
KXNBAGAME-25NOV30NOPLAL-NOP,New Orleans vs Los Angeles L Winner?,New Orleans,no,2025-12-01T05:09:35.3196Z
KXNBAGAME-25NOV30SASMIN-SAS,San Antonio vs Minnesota Winner?,San Antonio,no,2025-12-01T02:44:37.407267Z
KXNBAGAME-25NOV30ATLPHI-PHI,Atlanta vs Philadelphia Winner?,Philadelphia,no,2025-12-01T02:24:31.131433Z
KXNBAGAME-25NOV30TORNYK-TOR,Toronto vs New York K Winner?,Toronto,no,2025-12-01T01:39:43.241996Z
KXNBAGAME-25NOV30OKCPOR-POR,Oklahoma City vs Portland Winner?,Portland,no,2025-12-01T01:39:43.50768Z
KXNBAGAME-25NOV30BOSCLE-CLE,Boston vs Cleveland Winner?,Cleveland,no,2025-12-01T01:34:40.698525Z
KXNBAGAME-25NOV30HOUUTA-UTA,Houston vs Utah Winner?,Utah,no,2025-11-30T22:49:50.356913Z
KXNBAGAME-25NOV29DALLAC-LAC,Dallas vs Los Angeles C Winner?,Los Angeles C,no,2025-11-30T05:54:29.363549Z
KXNBAGAME-25NOV29DENPHX-PHX,Denver vs Phoenix Winner?,Phoenix,no,2025-11-30T04:29:38.170741Z
KXNBAGAME-25NOV29NOPGSW-NOP,New Orleans vs Golden State Winner?,New Orleans,no,2025-11-30T04:29:37.962085Z
KXNBAGAME-25NOV29BKNMIL-MIL,Brooklyn vs Milwaukee Winner?,Milwaukee,yes,2025-11-30T03:29:41.434905Z
KXNBAGAME-25NOV29TORCHA-TOR,Toronto vs Charlotte Winner?,Toronto,no,2025-11-30T02:00:13.855656Z
KXNBAGAME-25NOV29DETMIA-MIA,Detroit vs Miami Winner?,Miami,no,2025-11-30T03:59:41.378435Z
KXNBAGAME-25NOV29CHIIND-IND,Chicago vs Indiana Winner?,Indiana,yes,2025-11-30T03:04:35.228344Z
KXNBAGAME-25NOV29BOSMIN-MIN,Boston vs Minnesota Winner?,Minnesota,yes,2025-11-30T00:34:46.574474Z
KXNBAGAME-25NOV28DALLAL-LAL,Dallas vs Los Angeles L Winner?,Los Angeles L,yes,2025-11-29T05:49:33.635204Z
KXNBAGAME-25NOV28MEMLAC-MEM,Memphis vs Los Angeles C Winner?,Memphis,yes,2025-11-29T05:49:34.255363Z
KXNBAGAME-25NOV28SASDEN-SAS,San Antonio vs Denver Winner?,San Antonio,yes,2025-11-29T05:19:41.753639Z
KXNBAGAME-25NOV28SACUTA-UTA,Sacramento vs Utah Winner?,Utah,yes,2025-11-29T05:19:41.457759Z
KXNBAGAME-25NOV28PHXOKC-PHX,Phoenix vs Oklahoma City Winner?,Phoenix,no,2025-11-29T05:09:46.975043Z
KXNBAGAME-25NOV28ORLDET-ORL,Orlando vs Detroit Winner?,Orlando,yes,2025-11-29T03:24:43.204351Z
KXNBAGAME-25NOV28MILNYK-NYK,Milwaukee vs New York K Winner?,New York K,yes,2025-11-29T03:29:43.176021Z
KXNBAGAME-25NOV28PHIBKN-PHI,Philadelphia vs Brooklyn Winner?,Philadelphia,yes,2025-11-29T03:19:47.903452Z
KXNBAGAME-25NOV28CLEATL-CLE,Cleveland vs Atlanta Winner?,Cleveland,no,2025-11-29T03:19:53.308111Z
KXNBAGAME-25NOV28WASIND-WAS,Washington vs Indiana Winner?,Washington,no,2025-11-29T03:14:52.804095Z
KXNBAGAME-25NOV28CHICHA-CHI,Chicago vs Charlotte Winner?,Chicago,no,2025-11-29T03:14:55.300817Z
KXNBAGAME-25NOV26HOUGSW-HOU,Houston vs Golden State Winner?,Houston,yes,2025-11-27T06:04:27.510656Z
KXNBAGAME-25NOV26SASPOR-SAS,San Antonio vs Portland Winner?,San Antonio,yes,2025-11-27T05:39:42.551527Z
KXNBAGAME-25NOV26PHXSAC-SAC,Phoenix vs Sacramento Winner?,Sacramento,no,2025-11-27T05:49:40.634827Z
KXNBAGAME-25NOV26INDTOR-TOR,Indiana vs Toronto Winner?,Toronto,yes,2025-11-27T03:14:43.276959Z
KXNBAGAME-25NOV26MEMNOP-NOP,Memphis vs New Orleans Winner?,New Orleans,no,2025-11-27T03:54:30.311328Z
KXNBAGAME-25NOV26MILMIA-MIL,Milwaukee vs Miami Winner?,Milwaukee,no,2025-11-27T03:00:03.099416Z
KXNBAGAME-25NOV26MINOKC-OKC,Minnesota vs Oklahoma City Winner?,Oklahoma City,yes,2025-11-27T03:39:46.581486Z
KXNBAGAME-25NOV26NYKCHA-NYK,New York K vs Charlotte Winner?,New York K,yes,2025-11-27T02:40:02.718342Z
KXNBAGAME-25NOV26DETBOS-DET,Detroit vs Boston Winner?,Detroit,no,2025-11-27T01:04:59.393006Z
KXNBAGAME-25NOV25LACLAL-LAL,Los Angeles C vs Los Angeles L Winner?,Los Angeles L,yes,2025-11-26T06:54:27.440556Z
KXNBAGAME-25NOV25ORLPHI-PHI,Orlando vs Philadelphia Winner?,Philadelphia,no,2025-11-26T03:54:28.682625Z
KXNBAGAME-25NOV25ATLWAS-WAS,Atlanta vs Washington Winner?,Washington,yes,2025-11-26T02:34:29.449355Z
KXNBAGAME-25NOV24MINSAC-SAC,Minnesota vs Sacramento Winner?,Sacramento,yes,2025-11-25T06:09:36.497576Z
KXNBAGAME-25NOV24UTAGSW-UTA,Utah vs Golden State Winner?,Utah,no,2025-11-25T05:54:29.51913Z
KXNBAGAME-25NOV24HOUPHX-PHX,Houston vs Phoenix Winner?,Phoenix,no,2025-11-25T05:34:28.875424Z
KXNBAGAME-25NOV24DENMEM-MEM,Denver vs Memphis Winner?,Memphis,no,2025-11-25T03:34:41.681421Z
KXNBAGAME-25NOV24PORMIL-POR,Portland vs Milwaukee Winner?,Portland,yes,2025-11-25T03:59:51.073669Z
KXNBAGAME-25NOV24CHINOP-NOP,Chicago vs New Orleans Winner?,New Orleans,yes,2025-11-25T03:44:39.108784Z
KXNBAGAME-25NOV24DALMIA-MIA,Dallas vs Miami Winner?,Miami,yes,2025-11-25T03:34:41.591517Z
KXNBAGAME-25NOV24CLETOR-TOR,Cleveland vs Toronto Winner?,Toronto,yes,2025-11-25T02:49:59.832209Z
KXNBAGAME-25NOV24NYKBKN-NYK,New York K vs Brooklyn Winner?,New York K,yes,2025-11-25T03:14:43.688559Z
KXNBAGAME-25NOV24DETIND-IND,Detroit vs Indiana Winner?,Indiana,no,2025-11-25T03:04:53.853863Z
KXNBAGAME-25NOV23SASPHX-SAS,San Antonio vs Phoenix Winner?,San Antonio,no,2025-11-24T03:49:38.320032Z
KXNBAGAME-25NOV23BKNTOR-TOR,Brooklyn vs Toronto Winner?,Toronto,yes,2025-11-24T01:49:41.17653Z
KXNBAGAME-25NOV23LALUTA-UTA,Los Angeles L vs Utah Winner?,Utah,no,2025-11-24T03:54:29.982831Z
KXNBAGAME-25NOV23CHAATL-CHA,Charlotte vs Atlanta Winner?,Charlotte,no,2025-11-24T01:39:45.86566Z
KXNBAGAME-25NOV23POROKC-POR,Portland vs Oklahoma City Winner?,Portland,no,2025-11-24T02:59:47.727653Z
KXNBAGAME-25NOV23ORLBOS-ORL,Orlando vs Boston Winner?,Orlando,no,2025-11-24T01:44:48.434292Z
KXNBAGAME-25NOV23LACCLE-LAC,Los Angeles C vs Cleveland Winner?,Los Angeles C,no,2025-11-24T01:34:44.466011Z
KXNBAGAME-25NOV23MIAPHI-PHI,Miami vs Philadelphia Winner?,Philadelphia,no,2025-11-23T20:39:54.142662Z
KXNBAGAME-25NOV22MEMDAL-MEM,Memphis vs Dallas Winner?,Memphis,yes,2025-11-23T04:04:33.142009Z
KXNBAGAME-25NOV22SACDEN-SAC,Sacramento vs Denver Winner?,Sacramento,yes,2025-11-23T05:54:31.810031Z
KXNBAGAME-25NOV22WASCHI-WAS,Washington vs Chicago Winner?,Washington,no,2025-11-23T03:39:41.785738Z
KXNBAGAME-25NOV22DETMIL-MIL,Detroit vs Milwaukee Winner?,Milwaukee,no,2025-11-23T03:49:41.674339Z
KXNBAGAME-25NOV22ATLNOP-NOP,Atlanta vs New Orleans Winner?,New Orleans,no,2025-11-23T02:34:36.158486Z
KXNBAGAME-25NOV22NYKORL-ORL,New York K vs Orlando Winner?,Orlando,yes,2025-11-23T01:19:50.804337Z
KXNBAGAME-25NOV22LACCHA-LAC,Los Angeles C vs Charlotte Winner?,Los Angeles C,yes,2025-11-22T20:54:45.095867Z
KXNBAGAME-25NOV21OKCUTA-UTA,Oklahoma City vs Utah Winner?,Utah,no,2025-11-22T05:44:46.845231Z
KXNBAGAME-25NOV21PORGSW-POR,Portland vs Golden State Winner?,Portland,yes,2025-11-22T06:09:34.72596Z
KXNBAGAME-25NOV21DENHOU-HOU,Denver vs Houston Winner?,Houston,no,2025-11-22T05:29:49.528374Z
KXNBAGAME-25NOV21MINPHX-PHX,Minnesota vs Phoenix Winner?,Phoenix,yes,2025-11-22T05:04:38.541794Z
KXNBAGAME-25NOV21NOPDAL-NOP,New Orleans vs Dallas Winner?,New Orleans,no,2025-11-22T04:24:37.434753Z
KXNBAGAME-25NOV21MIACHI-MIA,Miami vs Chicago Winner?,Miami,yes,2025-11-22T03:49:50.45277Z
KXNBAGAME-25NOV21INDCLE-IND,Indiana vs Cleveland Winner?,Indiana,no,2025-11-22T03:00:07.936344Z
KXNBAGAME-25NOV21BKNBOS-BOS,Brooklyn vs Boston Winner?,Boston,no,2025-11-22T03:14:50.822407Z
KXNBAGAME-25NOV21WASTOR-WAS,Washington vs Toronto Winner?,Washington,no,2025-11-22T03:29:51.870847Z
KXNBAGAME-25NOV20SACMEM-SAC,Sacramento vs Memphis Winner?,Sacramento,no,2025-11-21T03:29:43.159465Z
KXNBAGAME-25NOV20ATLSAS-SAS,Atlanta vs San Antonio Winner?,San Antonio,yes,2025-11-21T03:39:37.299389Z
KXNBAGAME-25NOV20PHIMIL-PHI,Philadelphia vs Milwaukee Winner?,Philadelphia,yes,2025-11-21T03:54:33.142864Z
KXNBAGAME-25NOV20LACORL-ORL,Los Angeles C vs Orlando Winner?,Orlando,yes,2025-11-21T02:44:39.920553Z
KXNBAGAME-25NOV19NYKDAL-NYK,New York K vs Dallas Winner?,New York K,yes,2025-11-20T05:34:31.950631Z
KXNBAGAME-25NOV19CHIPOR-POR,Chicago vs Portland Winner?,Portland,no,2025-11-20T05:44:37.587377Z
KXNBAGAME-25NOV19WASMIN-WAS,Washington vs Minnesota Winner?,Washington,no,2025-11-20T04:04:39.099111Z
KXNBAGAME-25NOV19DENNOP-NOP,Denver vs New Orleans Winner?,New Orleans,no,2025-11-20T03:59:44.157061Z
KXNBAGAME-25NOV19GSWMIA-MIA,Golden State vs Miami Winner?,Miami,yes,2025-11-20T03:09:42.866012Z
KXNBAGAME-25NOV19SACOKC-SAC,Sacramento vs Oklahoma City Winner?,Sacramento,no,2025-11-20T03:49:43.485514Z
KXNBAGAME-25NOV19HOUCLE-HOU,Houston vs Cleveland Winner?,Houston,yes,2025-11-20T02:59:52.611705Z
KXNBAGAME-25NOV19TORPHI-TOR,Toronto vs Philadelphia Winner?,Toronto,yes,2025-11-20T02:34:47.002319Z
KXNBAGAME-25NOV19CHAIND-IND,Charlotte vs Indiana Winner?,Indiana,yes,2025-11-20T02:34:53.011655Z
KXNBAGAME-25NOV18PHXPOR-POR,Phoenix vs Portland Winner?,Portland,no,2025-11-19T06:44:32.328838Z
KXNBAGAME-25NOV18UTALAL-UTA,Utah vs Los Angeles L Winner?,Utah,no,2025-11-19T06:24:28.090048Z
KXNBAGAME-25NOV18MEMSAS-SAS,Memphis vs San Antonio Winner?,San Antonio,yes,2025-11-19T03:44:35.309143Z
KXNBAGAME-25NOV18GSWORL-ORL,Golden State vs Orlando Winner?,Orlando,yes,2025-11-19T02:54:34.340968Z
KXNBAGAME-25NOV18DETATL-DET,Detroit vs Atlanta Winner?,Detroit,yes,2025-11-19T03:14:34.931877Z
KXNBAGAME-25NOV18BOSBKN-BOS,Boston vs Brooklyn Winner?,Boston,yes,2025-11-19T03:09:36.316608Z
KXNBAGAME-25NOV17CHIDEN-DEN,Chicago vs Denver Winner?,Denver,no,2025-11-18T05:04:29.851064Z
KXNBAGAME-25NOV17OKCNOP-OKC,Oklahoma City vs New Orleans Winner?,Oklahoma City,yes,2025-11-18T03:44:33.931016Z
KXNBAGAME-25NOV17DALMIN-MIN,Dallas vs Minnesota Winner?,Minnesota,yes,2025-11-18T03:44:34.201965Z
KXNBAGAME-25NOV17CHATOR-TOR,Charlotte vs Toronto Winner?,Toronto,yes,2025-11-18T03:24:32.693273Z
KXNBAGAME-25NOV17NYKMIA-NYK,New York K vs Miami Winner?,New York K,no,2025-11-18T03:19:37.787155Z
KXNBAGAME-25NOV17MILCLE-MIL,Milwaukee vs Cleveland Winner?,Milwaukee,no,2025-11-18T02:34:46.877748Z
KXNBAGAME-25NOV17LACPHI-PHI,Los Angeles C vs Philadelphia Winner?,Philadelphia,yes,2025-11-18T02:49:41.129036Z
KXNBAGAME-25NOV17INDDET-IND,Indiana vs Detroit Winner?,Indiana,no,2025-11-18T03:04:37.160397Z
KXNBAGAME-25NOV16PORDAL-POR,Portland vs Dallas Winner?,Portland,no,2025-11-17T03:39:33.207947Z
KXNBAGAME-25NOV16CHIUTA-UTA,Chicago vs Utah Winner?,Utah,yes,2025-11-17T04:39:28.917803Z
KXNBAGAME-25NOV16ATLPHX-PHX,Atlanta vs Phoenix Winner?,Phoenix,no,2025-11-17T04:24:27.775801Z
KXNBAGAME-25NOV16ORLHOU-ORL,Orlando vs Houston Winner?,Orlando,no,2025-11-17T03:19:35.837001Z
KXNBAGAME-25NOV16BKNWAS-WAS,Brooklyn vs Washington Winner?,Washington,no,2025-11-17T01:44:40.458193Z
KXNBAGAME-25NOV16GSWNOP-NOP,Golden State vs New Orleans Winner?,New Orleans,no,2025-11-17T02:44:34.544531Z
KXNBAGAME-25NOV16SACSAS-SAS,Sacramento vs San Antonio Winner?,San Antonio,yes,2025-11-16T23:44:41.474103Z
KXNBAGAME-25NOV16LACBOS-LAC,Los Angeles C vs Boston Winner?,Los Angeles C,no,2025-11-16T23:29:50.961642Z
KXNBAGAME-25NOV15LALMIL-MIL,Los Angeles L vs Milwaukee Winner?,Milwaukee,no,2025-11-16T04:14:29.589633Z
KXNBAGAME-25NOV15DENMIN-MIN,Denver vs Minnesota Winner?,Minnesota,no,2025-11-16T04:03:59.829116Z
KXNBAGAME-25NOV15OKCCHA-OKC,Oklahoma City vs Charlotte Winner?,Oklahoma City,yes,2025-11-16T02:59:38.603579Z
KXNBAGAME-25NOV15TORIND-TOR,Toronto vs Indiana Winner?,Toronto,yes,2025-11-16T02:59:37.651809Z
KXNBAGAME-25NOV15MEMCLE-MEM,Memphis vs Cleveland Winner?,Memphis,no,2025-11-16T00:49:36.215877Z
KXNBAGAME-25NOV14GSWSAS-SAS,Golden State vs San Antonio Winner?,San Antonio,no,2025-11-15T05:24:25.702232Z
KXNBAGAME-25NOV14LACDAL-LAC,Los Angeles C vs Dallas Winner?,Los Angeles C,yes,2025-11-15T05:14:29.811719Z
KXNBAGAME-25NOV14SACMIN-SAC,Sacramento vs Minnesota Winner?,Sacramento,no,2025-11-15T03:49:35.933204Z
KXNBAGAME-25NOV14CHAMIL-MIL,Charlotte vs Milwaukee Winner?,Milwaukee,yes,2025-11-15T04:04:28.88581Z
KXNBAGAME-25NOV14PORHOU-POR,Portland vs Houston Winner?,Portland,no,2025-11-15T03:39:34.184848Z
KXNBAGAME-25NOV14LALNOP-NOP,Los Angeles L vs New Orleans Winner?,New Orleans,no,2025-11-15T03:54:28.745773Z
KXNBAGAME-25NOV14BKNORL-ORL,Brooklyn vs Orlando Winner?,Orlando,yes,2025-11-15T02:49:43.309393Z
KXNBAGAME-25NOV14MIANYK-NYK,Miami vs New York K Winner?,New York K,yes,2025-11-15T03:04:37.290467Z
KXNBAGAME-25NOV14PHIDET-PHI,Philadelphia vs Detroit Winner?,Philadelphia,no,2025-11-15T03:09:39.163138Z
KXNBAGAME-25NOV13INDPHX-PHX,Indiana vs Phoenix Winner?,Phoenix,yes,2025-11-14T05:09:31.392812Z
KXNBAGAME-25NOV13ATLUTA-UTA,Atlanta vs Utah Winner?,Utah,no,2025-11-14T04:44:30.133759Z
KXNBAGAME-25NOV13TORCLE-TOR,Toronto vs Cleveland Winner?,Toronto,yes,2025-11-14T02:49:29.743787Z
KXNBAGAME-25NOV12DENLAC-LAC,Denver vs Los Angeles C Winner?,Los Angeles C,no,2025-11-13T06:19:26.346969Z
KXNBAGAME-25NOV12LALOKC-OKC,Los Angeles L vs Oklahoma City Winner?,Oklahoma City,yes,2025-11-13T05:24:24.298618Z
KXNBAGAME-25NOV12ATLSAC-SAC,Atlanta vs Sacramento Winner?,Sacramento,no,2025-11-13T05:34:26.38333Z
KXNBAGAME-25NOV12PHXDAL-PHX,Phoenix vs Dallas Winner?,Phoenix,yes,2025-11-13T04:34:27.488979Z
KXNBAGAME-25NOV12GSWSAS-SAS,Golden State vs San Antonio Winner?,San Antonio,no,2025-11-13T04:14:32.565636Z
KXNBAGAME-25NOV12WASHOU-WAS,Washington vs Houston Winner?,Washington,no,2025-11-13T03:59:40.190858Z
KXNBAGAME-25NOV12PORNOP-POR,Portland vs New Orleans Winner?,Portland,yes,2025-11-13T03:54:32.737889Z
KXNBAGAME-25NOV12CLEMIA-MIA,Cleveland vs Miami Winner?,Miami,no,2025-11-13T03:24:37.319131Z
KXNBAGAME-25NOV12MEMBOS-MEM,Memphis vs Boston Winner?,Memphis,no,2025-11-13T03:09:42.533857Z
KXNBAGAME-25NOV12MILCHA-MIL,Milwaukee vs Charlotte Winner?,Milwaukee,no,2025-11-13T02:54:50.94623Z
KXNBAGAME-25NOV12CHIDET-DET,Chicago vs Detroit Winner?,Detroit,yes,2025-11-13T02:39:48.425112Z
KXNBAGAME-25NOV12ORLNYK-ORL,Orlando vs New York K Winner?,Orlando,yes,2025-11-13T03:09:48.72535Z
KXNBAGAME-25NOV11DENSAC-SAC,Denver vs Sacramento Winner?,Sacramento,no,2025-11-12T06:49:28.240117Z
KXNBAGAME-25NOV11INDUTA-UTA,Indiana vs Utah Winner?,Utah,yes,2025-11-12T05:09:28.040956Z
KXNBAGAME-25NOV11BOSPHI-PHI,Boston vs Philadelphia Winner?,Philadelphia,yes,2025-11-12T03:44:29.706977Z
KXNBAGAME-25NOV11GSWOKC-OKC,Golden State vs Oklahoma City Winner?,Oklahoma City,yes,2025-11-12T04:04:36.727732Z
KXNBAGAME-25NOV11MEMNYK-NYK,Memphis vs New York K Winner?,New York K,yes,2025-11-12T03:09:32.932744Z
KXNBAGAME-25NOV11TORBKN-TOR,Toronto vs Brooklyn Winner?,Toronto,yes,2025-11-12T03:14:37.568095Z
KXNBAGAME-25NOV10MINUTA-UTA,Minnesota vs Utah Winner?,Utah,no,2025-11-11T04:44:32.753325Z
KXNBAGAME-25NOV10NOPPHX-PHX,New Orleans vs Phoenix Winner?,Phoenix,yes,2025-11-11T04:49:27.81683Z
KXNBAGAME-25NOV10MILDAL-MIL,Milwaukee vs Dallas Winner?,Milwaukee,yes,2025-11-11T04:34:29.344952Z
KXNBAGAME-25NOV10ATLLAC-LAC,Atlanta vs Los Angeles C Winner?,Los Angeles C,no,2025-11-11T06:09:27.784284Z
KXNBAGAME-25NOV10SASCHI-SAS,San Antonio vs Chicago Winner?,San Antonio,yes,2025-11-11T03:34:34.404976Z
KXNBAGAME-25NOV10CLEMIA-MIA,Cleveland vs Miami Winner?,Miami,yes,2025-11-11T04:09:32.029383Z
KXNBAGAME-25NOV10WASDET-WAS,Washington vs Detroit Winner?,Washington,no,2025-11-11T03:24:34.929716Z
KXNBAGAME-25NOV10LALCHA-LAL,Los Angeles L vs Charlotte Winner?,Los Angeles L,yes,2025-11-11T02:44:47.236093Z
KXNBAGAME-25NOV10PORORL-POR,Portland vs Orlando Winner?,Portland,no,2025-11-11T03:04:39.084448Z
KXNBAGAME-25NOV09MINSAC-SAC,Minnesota vs Sacramento Winner?,Sacramento,no,2025-11-10T05:04:25.050772Z
KXNBAGAME-25NOV09INDGSW-IND,Indiana vs Golden State Winner?,Indiana,no,2025-11-10T04:14:36.778502Z
KXNBAGAME-25NOV09DETPHI-PHI,Detroit vs Philadelphia Winner?,Philadelphia,no,2025-11-10T03:19:25.791378Z
KXNBAGAME-25NOV09BKNNYK-NYK,Brooklyn vs New York K Winner?,New York K,yes,2025-11-10T01:54:27.936737Z
KXNBAGAME-25NOV09OKCMEM-OKC,Oklahoma City vs Memphis Winner?,Oklahoma City,yes,2025-11-10T01:39:32.696694Z
KXNBAGAME-25NOV09BOSORL-ORL,Boston vs Orlando Winner?,Orlando,no,2025-11-10T01:59:35.441059Z
KXNBAGAME-25NOV09HOUMIL-MIL,Houston vs Milwaukee Winner?,Milwaukee,no,2025-11-09T23:24:36.321072Z
KXNBAGAME-25NOV08PHXLAC-PHX,Phoenix vs Los Angeles C Winner?,Phoenix,yes,2025-11-09T06:14:26.510704Z
KXNBAGAME-25NOV08INDDEN-IND,Indiana vs Denver Winner?,Indiana,no,2025-11-09T04:49:27.588344Z
KXNBAGAME-25NOV08NOPSAS-SAS,New Orleans vs San Antonio Winner?,San Antonio,yes,2025-11-09T03:44:38.296093Z
KXNBAGAME-25NOV08PORMIA-POR,Portland vs Miami Winner?,Portland,no,2025-11-09T04:04:26.651655Z
KXNBAGAME-25NOV08DALWAS-WAS,Dallas vs Washington Winner?,Washington,no,2025-11-09T02:49:37.620134Z
KXNBAGAME-25NOV08LALATL-LAL,Los Angeles L vs Atlanta Winner?,Los Angeles L,no,2025-11-09T03:19:35.973177Z
KXNBAGAME-25NOV08TORPHI-TOR,Toronto vs Philadelphia Winner?,Toronto,no,2025-11-09T03:19:35.71697Z
KXNBAGAME-25NOV08CHICLE-CLE,Chicago vs Cleveland Winner?,Cleveland,yes,2025-11-09T03:49:33.619523Z
KXNBAGAME-25NOV07OKCSAC-SAC,Oklahoma City vs Sacramento Winner?,Sacramento,no,2025-11-08T05:34:25.35006Z
KXNBAGAME-25NOV07GSWDEN-GSW,Golden State vs Denver Winner?,Golden State,no,2025-11-08T05:34:25.19606Z
KXNBAGAME-25NOV07DALMEM-MEM,Dallas vs Memphis Winner?,Memphis,yes,2025-11-08T03:44:31.362961Z
KXNBAGAME-25NOV07CHIMIL-MIL,Chicago vs Milwaukee Winner?,Milwaukee,yes,2025-11-08T03:49:27.94296Z
KXNBAGAME-25NOV07CHAMIA-MIA,Charlotte vs Miami Winner?,Miami,yes,2025-11-08T03:49:27.793791Z
KXNBAGAME-25NOV07UTAMIN-UTA,Utah vs Minnesota Winner?,Utah,no,2025-11-08T03:44:31.940227Z
KXNBAGAME-25NOV07TORATL-TOR,Toronto vs Atlanta Winner?,Toronto,yes,2025-11-08T03:19:41.27309Z
KXNBAGAME-25NOV07HOUSAS-SAS,Houston vs San Antonio Winner?,San Antonio,yes,2025-11-08T03:34:35.071862Z
KXNBAGAME-25NOV07CLEWAS-WAS,Cleveland vs Washington Winner?,Washington,no,2025-11-08T02:44:49.46903Z
KXNBAGAME-25NOV07DETBKN-DET,Detroit vs Brooklyn Winner?,Detroit,yes,2025-11-08T03:24:35.047494Z
KXNBAGAME-25NOV07BOSORL-ORL,Boston vs Orlando Winner?,Orlando,yes,2025-11-08T02:59:49.425185Z
KXNBAGAME-25NOV06LACPHX-PHX,LA vs Phoenix Winner?,Phoenix,yes,2025-11-07T04:44:59.625679Z
KXNBAGAME-25NOV05GSWSAC-SAC,Golden State vs Sacramento Winner?,Sacramento,yes,2025-11-06T05:49:55.145384Z
KXNBAGAME-25NOV05SASLAL-SAS,San Antonio vs Los Angeles Winner?,San Antonio,no,2025-11-06T06:19:48.268222Z
KXNBAGAME-25NOV05OKCPOR-POR,Oklahoma City vs Portland Winner?,Portland,yes,2025-11-06T06:04:55.074866Z
KXNBAGAME-25NOV05MIADEN-MIA,Miami vs Denver Winner?,Miami,no,2025-11-06T05:00:25.199318Z
KXNBAGAME-25NOV05HOUMEM-MEM,Houston vs Memphis Winner?,Memphis,no,2025-11-06T03:40:11.626647Z
KXNBAGAME-25NOV05NOPDAL-NOP,New Orleans vs Dallas Winner?,New Orleans,yes,2025-11-06T04:00:21.0095Z
KXNBAGAME-25NOV05MINNYK-NYK,Minnesota vs New York K Winner?,New York K,yes,2025-11-06T03:15:14.427906Z
KXNBAGAME-25NOV05UTADET-UTA,Utah vs Detroit Winner?,Utah,no,2025-11-06T02:50:26.416671Z
KXNBAGAME-25NOV05WASBOS-WAS,Washington vs Boston Winner?,Washington,no,2025-11-06T03:05:14.907609Z
KXNBAGAME-25NOV05BKNIND-IND,Brooklyn vs Indiana Winner?,Indiana,no,2025-11-06T02:55:15.930779Z
KXNBAGAME-25NOV05PHICLE-PHI,Philadelphia vs Cleveland Winner?,Philadelphia,no,2025-11-06T02:45:39.61635Z
KXNBAGAME-25NOV04OKCLAC-OKC,Oklahoma City vs LA Winner?,Oklahoma City,yes,2025-11-05T06:44:56.102453Z
KXNBAGAME-25NOV04PHXGSW-PHX,Phoenix vs Golden State Winner?,Phoenix,no,2025-11-05T05:44:58.222264Z
KXNBAGAME-25NOV04PHICHI-PHI,Philadelphia vs Chicago Winner?,Philadelphia,no,2025-11-05T03:45:11.22461Z
KXNBAGAME-25NOV04ORLATL-ORL,Orlando vs Atlanta Winner?,Orlando,no,2025-11-05T04:09:58.191137Z
KXNBAGAME-25NOV04MILTOR-TOR,Milwaukee vs Toronto Winner?,Toronto,yes,2025-11-05T03:10:13.263851Z
KXNBAGAME-25NOV04CHANOP-NOP,Charlotte vs New Orleans Winner?,New Orleans,yes,2025-11-05T03:45:11.208375Z
KXNBAGAME-25NOV03MIALAC-MIA,Miami vs LA Winner?,Miami,yes,2025-11-04T06:09:52.367704Z
KXNBAGAME-25NOV03SACDEN-SAC,Sacramento vs Denver Winner?,Sacramento,no,2025-11-04T04:45:04.753085Z
KXNBAGAME-25NOV03LALPOR-POR,Los Angeles vs Portland Winner?,Portland,no,2025-11-04T05:39:53.430103Z
KXNBAGAME-25NOV03DALHOU-HOU,Dallas vs Houston Winner?,Houston,yes,2025-11-04T04:05:14.499747Z
KXNBAGAME-25NOV03DETMEM-MEM,Detroit vs Memphis Winner?,Memphis,no,2025-11-04T04:05:14.305653Z
KXNBAGAME-25NOV03WASNYK-WAS,Washington vs New York K Winner?,Washington,no,2025-11-04T03:30:34.793683Z
KXNBAGAME-25NOV03UTABOS-UTA,Utah vs Boston Winner?,Utah,yes,2025-11-04T03:35:20.987826Z
KXNBAGAME-25NOV03MILIND-MIL,Milwaukee vs Indiana Winner?,Milwaukee,yes,2025-11-04T02:56:11.599185Z
KXNBAGAME-25NOV03MINBKN-MIN,Minnesota vs Brooklyn Winner?,Minnesota,yes,2025-11-04T03:01:53.418389Z
KXNBAGAME-25NOV02MIALAL-MIA,Miami vs Los Angeles Winner?,Miami,no,2025-11-03T05:19:56.983983Z
KXNBAGAME-25NOV02SASPHX-SAS,San Antonio vs Phoenix Winner?,San Antonio,no,2025-11-03T03:39:53.748952Z
KXNBAGAME-25NOV02CHINYK-NYK,Chicago vs New York K Winner?,New York K,yes,2025-11-03T02:40:01.392695Z
KXNBAGAME-25NOV02PHIBKN-PHI,Philadelphia vs Brooklyn Winner?,Philadelphia,yes,2025-11-03T01:40:25.971029Z
KXNBAGAME-25NOV02MEMTOR-TOR,Memphis vs Toronto Winner?,Toronto,yes,2025-11-03T01:40:25.787557Z
KXNBAGAME-25NOV02ATLCLE-CLE,Atlanta vs Cleveland Winner?,Cleveland,yes,2025-11-03T01:55:00.450971Z
KXNBAGAME-25NOV02UTACHA-UTA,Utah vs Charlotte Winner?,Utah,no,2025-11-03T01:50:21.314415Z
KXNBAGAME-25NOV02NOPOKC-OKC,New Orleans vs Oklahoma City Winner?,Oklahoma City,yes,2025-11-02T23:11:13.267836Z
KXNBAGAME-25NOV01DALDET-DET,Dallas vs Detroit Winner?,Detroit,yes,2025-11-02T05:04:47.638836Z
KXNBAGAME-25NOV01GSWIND-IND,Golden State vs Indiana Winner?,Indiana,yes,2025-11-02T01:45:09.260227Z
KXNBAGAME-25NOV01HOUBOS-HOU,Houston vs Boston Winner?,Houston,yes,2025-11-02T02:30:11.596401Z
KXNBAGAME-25NOV01ORLWAS-WAS,Orlando vs Washington Winner?,Washington,no,2025-11-02T01:30:17.770687Z
KXNBAGAME-25NOV01MINCHA-MIN,Minnesota vs Charlotte Winner?,Minnesota,yes,2025-11-02T00:45:15.522714Z
KXNBAGAME-25NOV01SACMIL-SAC,Sacramento vs Milwaukee Winner?,Sacramento,yes,2025-11-02T00:05:33.881643Z
KXNBAGAME-25OCT31UTAPHX-UTA,Utah vs Phoenix Winner?,Utah,no,2025-11-01T04:44:54.266804Z
KXNBAGAME-25OCT31NOPLAC-NOP,New Orleans vs Los Angeles C Winner?,New Orleans,no,2025-11-01T05:09:51.414932Z
KXNBAGAME-25OCT31DENPOR-POR,Denver vs Portland Winner?,Portland,yes,2025-11-01T05:04:57.114621Z
KXNBAGAME-25OCT31LALMEM-MEM,Los Angeles L vs Memphis Winner?,Memphis,no,2025-11-01T04:20:16.553297Z
KXNBAGAME-25OCT31TORCLE-TOR,Toronto vs Cleveland Winner?,Toronto,yes,2025-11-01T02:15:09.277464Z
KXNBAGAME-25OCT31NYKCHI-NYK,New York vs Chicago Winner?,New York,no,2025-11-01T02:50:06.531383Z
KXNBAGAME-25OCT31ATLIND-IND,Atlanta vs Indiana Winner?,Indiana,no,2025-11-01T01:50:17.734932Z
KXNBAGAME-25OCT31BOSPHI-PHI,Boston vs Philadelphia Winner?,Philadelphia,no,2025-11-01T02:00:28.851247Z
KXNBAGAME-25OCT30MIASAS-SAS,Miami vs San Antonio Winner?,San Antonio,yes,2025-10-31T03:09:54.128929Z
KXNBAGAME-25OCT30WASOKC-WAS,Washington vs Oklahoma City Winner?,Washington,no,2025-10-31T02:30:08.667107Z
KXNBAGAME-25OCT30GSWMIL-MIL,Golden State vs Milwaukee Winner?,Milwaukee,yes,2025-10-31T03:00:09.967816Z
KXNBAGAME-25OCT30ORLCHA-ORL,Orlando vs Charlotte Winner?,Orlando,yes,2025-10-31T01:30:08.625258Z
KXNBAGAME-25OCT29MEMPHX-PHX,Memphis vs Phoenix Winner?,Phoenix,no,2025-10-30T04:39:45.623344Z
KXNBAGAME-25OCT29LALMIN-MIN,Los Angeles L vs Minnesota Winner?,Minnesota,no,2025-10-30T04:19:54.089461Z
KXNBAGAME-25OCT29PORUTA-UTA,Portland vs Utah Winner?,Utah,no,2025-10-30T04:04:56.243808Z
KXNBAGAME-25OCT29SACCHI-SAC,Sacramento vs Chicago Winner?,Sacramento,no,2025-10-30T02:35:00.694688Z
KXNBAGAME-25OCT29NOPDEN-NOP,New Orleans vs Denver Winner?,New Orleans,no,2025-10-30T03:34:57.195666Z
KXNBAGAME-25OCT29ORLDET-ORL,Orlando vs Detroit Winner?,Orlando,no,2025-10-30T02:15:17.063098Z
KXNBAGAME-25OCT29INDDAL-IND,Indiana vs Dallas Winner?,Indiana,no,2025-10-30T03:24:59.12102Z
KXNBAGAME-25OCT29CLEBOS-CLE,Cleveland vs Boston Winner?,Cleveland,no,2025-10-30T01:55:10.265996Z
KXNBAGAME-25OCT29ATLBKN-BKN,Atlanta vs Brooklyn Winner?,Brooklyn,no,2025-10-30T02:20:11.100778Z
KXNBAGAME-25OCT29HOUTOR-TOR,Houston vs Toronto Winner?,Toronto,no,2025-10-30T01:15:26.096347Z
KXNBAGAME-25OCT28LACGSW-LAC,Los Angeles C vs Golden State Winner?,Los Angeles C,no,2025-10-29T05:39:48.076391Z
KXNBAGAME-25OCT28SACOKC-SAC,Sacramento vs Oklahoma City Winner?,Sacramento,no,2025-10-29T02:30:11.030265Z
KXNBAGAME-25OCT28NYKMIL-NYK,New York vs Milwaukee Winner?,New York,no,2025-10-29T03:00:08.111465Z
KXNBAGAME-25OCT28CHAMIA-MIA,Charlotte vs Miami Winner?,Miami,yes,2025-10-29T02:16:07.727527Z
KXNBAGAME-25OCT28PHIWAS-WAS,Philadelphia vs Washington Winner?,Washington,no,2025-10-29T02:05:58.457868Z
KXNBAGAME-25OCT27PORLAL-POR,Portland vs Los Angeles L Winner?,Portland,yes,2025-10-28T05:15:51.580998Z
KXNBAGAME-25OCT27MEMGSW-MEM,Memphis vs Golden State Winner?,Memphis,no,2025-10-28T04:55:29.665314Z
KXNBAGAME-25OCT27DENMIN-MIN,Denver vs Minnesota Winner?,Minnesota,no,2025-10-28T04:21:44.327508Z
KXNBAGAME-25OCT27OKCDAL-OKC,Oklahoma City vs Dallas Winner?,Oklahoma City,yes,2025-10-28T03:07:37.635614Z
KXNBAGAME-25OCT27PHXUTA-UTA,Phoenix vs Utah Winner?,Utah,yes,2025-10-28T04:11:39.556095Z
KXNBAGAME-25OCT27BKNHOU-HOU,Brooklyn vs Houston Winner?,Houston,yes,2025-10-28T02:57:04.013551Z
KXNBAGAME-25OCT27ATLCHI-CHI,Atlanta vs Chicago Winner?,Chicago,yes,2025-10-28T02:32:53.678531Z
KXNBAGAME-25OCT27TORSAS-TOR,Toronto vs San Antonio Winner?,Toronto,no,2025-10-28T02:51:53.720203Z
KXNBAGAME-25OCT27BOSNOP-NOP,Boston vs New Orleans Winner?,New Orleans,no,2025-10-28T02:36:39.276157Z
KXNBAGAME-25OCT27CLEDET-DET,Cleveland vs Detroit Winner?,Detroit,no,2025-10-28T01:56:59.800691Z
KXNBAGAME-25OCT27ORLPHI-PHI,Orlando vs Philadelphia Winner?,Philadelphia,yes,2025-10-28T02:01:36.270587Z
KXNBAGAME-25OCT26LALSAC-SAC,Los Angeles L vs Sacramento Winner?,Sacramento,no,2025-10-27T04:00:33.538795Z
KXNBAGAME-25OCT26TORDAL-TOR,Toronto vs Dallas Winner?,Toronto,no,2025-10-27T02:20:14.497963Z
KXNBAGAME-25OCT26PORLAC-POR,Portland vs Los Angeles C Winner?,Portland,no,2025-10-27T03:50:21.753289Z
KXNBAGAME-25OCT26MILCLE-MIL,Milwaukee vs Cleveland Winner?,Milwaukee,no,2025-10-27T01:15:49.415991Z
KXNBAGAME-25OCT26INDMIN-MIN,Indiana vs Minnesota Winner?,Minnesota,yes,2025-10-27T02:00:18.338426Z
KXNBAGAME-25OCT26NYKMIA-NYK,New York vs Miami Winner?,New York,no,2025-10-27T01:10:25.980116Z
KXNBAGAME-25OCT26BOSDET-DET,Boston vs Detroit Winner?,Detroit,yes,2025-10-26T22:47:48.326872Z
KXNBAGAME-25OCT26CHAWAS-WAS,Charlotte vs Washington Winner?,Washington,no,2025-10-27T01:05:38.783368Z
KXNBAGAME-25OCT26BKNSAS-SAS,Brooklyn vs San Antonio Winner?,San Antonio,yes,2025-10-26T20:56:05.13102Z
KXNBAGAME-25OCT25PHXDEN-PHX,Phoenix vs Denver Winner?,Phoenix,no,2025-10-26T04:17:22.4608Z
KXNBAGAME-25OCT25CHIORL-ORL,Chicago vs Orlando Winner?,Orlando,no,2025-10-26T01:58:53.195366Z
KXNBAGAME-25OCT25INDMEM-MEM,Indiana vs Memphis Winner?,Memphis,yes,2025-10-26T02:42:30.464754Z
KXNBAGAME-25OCT25OKCATL-OKC,Oklahoma City vs Atlanta Winner?,Oklahoma City,yes,2025-10-26T02:02:12.762059Z
KXNBAGAME-25OCT25CHAPHI-PHI,Charlotte vs Philadelphia Winner?,Philadelphia,yes,2025-10-26T02:45:06.551199Z
KXNBAGAME-25OCT24GSWPOR-POR,Golden State vs Portland Winner?,Portland,yes,2025-10-25T04:52:05.768602Z
KXNBAGAME-25OCT24MINLAL-MIN,Minnesota vs Los Angeles L Winner?,Minnesota,no,2025-10-25T05:06:50.219976Z
KXNBAGAME-25OCT24UTASAC-UTA,Utah vs Sacramento Winner?,Utah,no,2025-10-25T04:56:19.26832Z
KXNBAGAME-25OCT24PHXLAC-PHX,Phoenix vs Los Angeles C Winner?,Phoenix,no,2025-10-25T05:32:32.679611Z
KXNBAGAME-25OCT24WASDAL-WAS,Washington vs Dallas Winner?,Washington,yes,2025-10-25T03:36:16.124126Z
KXNBAGAME-25OCT24DETHOU-HOU,Detroit vs Houston Winner?,Houston,no,2025-10-25T03:17:11.890996Z
KXNBAGAME-25OCT24MIAMEM-MIA,Miami vs Memphis Winner?,Miami,yes,2025-10-25T02:46:47.078156Z
KXNBAGAME-25OCT24SASNOP-SAS,San Antonio vs New Orleans Winner?,San Antonio,yes,2025-10-25T03:32:12.04265Z
KXNBAGAME-25OCT24BOSNYK-NYK,Boston vs New York Winner?,New York,yes,2025-10-25T02:26:25.973002Z
KXNBAGAME-25OCT24CLEBKN-CLE,Cleveland vs Brooklyn Winner?,Cleveland,yes,2025-10-25T02:46:58.843658Z
KXNBAGAME-25OCT24ATLORL-ORL,Atlanta vs Orlando Winner?,Orlando,no,2025-10-25T01:51:26.695989Z
KXNBAGAME-25OCT24MILTOR-TOR,Milwaukee vs Toronto Winner?,Toronto,no,2025-10-25T01:35:58.693331Z
KXNBAGAME-25OCT23OKCIND-OKC,Oklahoma City vs Indiana Winner?,Oklahoma City,yes,2025-10-24T03:09:59.121008Z
KXNBAGAME-25OCT23DENGSW-GSW,Denver vs Golden State Winner?,Golden State,yes,2025-10-24T05:04:43.838283Z
KXNBAGAME-25OCT22MINPOR-POR,Minnesota vs Portland Winner?,Portland,no,2025-10-23T06:29:47.781837Z
KXNBAGAME-25OCT22SASDAL-SAS,San Antonio vs Dallas Winner?,San Antonio,yes,2025-10-23T06:29:47.13818Z
KXNBAGAME-25OCT22PHIBOS-PHI,Philadelphia vs Boston Winner?,Philadelphia,yes,2025-10-23T02:30:05.063282Z
KXNBAGAME-25OCT22SACPHX-SAC,Sacramento vs Phoenix Winner?,Sacramento,no,2025-10-23T06:29:47.458822Z
KXNBAGAME-25OCT22NOPMEM-NOP,New Orleans vs Memphis Winner?,New Orleans,no,2025-10-23T03:04:47.695764Z
KXNBAGAME-25OCT22DETCHI-DET,Detroit vs Chicago Winner?,Detroit,no,2025-10-23T03:00:08.566459Z
KXNBAGAME-25OCT22TORATL-TOR,Toronto vs Atlanta Winner?,Toronto,yes,2025-10-23T02:29:59.45035Z
KXNBAGAME-25OCT22MIAORL-ORL,Miami vs Orlando Winner?,Orlando,yes,2025-10-23T02:00:23.968287Z
KXNBAGAME-25OCT22BKNCHA-CHA,Brooklyn vs Charlotte Winner?,Charlotte,yes,2025-10-23T02:00:23.999467Z
KXNBAGAME-25OCT22LACUTA-UTA,Los Angeles C vs Utah Winner?,Utah,yes,2025-10-23T06:07:04.623075Z
KXNBAGAME-25OCT22WASMIL-WAS,Washington vs Milwaukee Winner?,Washington,no,2025-10-23T03:04:47.482443Z
KXNBAGAME-25OCT22CLENYK-NYK,Cleveland vs New York Winner?,New York,yes,2025-10-23T02:00:23.367911Z
KXNBAGAME-25OCT21GSWLAL-LAL,Golden State vs Los Angeles L Winner?,Los Angeles L,no,2025-10-22T04:59:50.45782Z
KXNBAGAME-25OCT21HOUOKC-OKC,Houston vs Oklahoma City Winner?,Oklahoma City,yes,2025-10-22T03:19:37.795636Z
