code,player,bid,ask,won,pre,lag,start,t_end
26SEP28CUIALT,Jie Cui,0.47,0.48,True,0.2775,86,1790590740,1790593354
26SEP28MEDSAF,Daniil Medvedev,0.7,0.71,True,0.665,117,1790596080,1790599623
26SEP28HURSHA,Denis Shapovalov,0.65,0.66,False,0.405,105,1790594940,1790599335
26SEP27VALDAN,Adolfo Daniel Vallejo,0.78,0.79,True,0.46499999999999997,81,1790585220,1790587299
26SEP27TSINIS,Stefanos Tsitsipas,0.98,0.99,True,0.885,99,1790561580,1790564781
26SEP27SVAKOV,Zachary Svajda,0.58,0.59,False,0.615,110,1790563500,1790570530
26SEP27SONMAJ,Kamil Majchrzak,0.77,0.79,True,0.59,96,1790586180,1790588784
26SEP27MUNGIR,Marcos Giron,0.62,0.64,False,0.38,100,1790575860,1790579780
26SEP27MOCFAR,Jaime Faria,0.86,0.87,True,0.695,72,1790567880,1790581308
26SEP27HIJUGO,Rinky Hijikata,0.9,0.91,True,0.7024999999999999,102,1790560440,1790563578
26SEP27FILDAM,Martin Damm Jr,0.52,0.53,False,0.185,94,1790568180,1790569586
26SEP27HANMAC,Tomas Machac,0.72,0.73,True,0.49,107,1790568120,1790569933
26SEP27JACRUB,Andrey Rublev,0.92,0.94,True,0.735,71,1790584860,1790592109
26SEP28BASDAV,Nikoloz Basilashvili,0.37,0.38,False,0.315,110,1790585100,1790589370
26SEP26MEDWON,Daniil Medvedev,0.91,0.92,True,0.805,119,1790512620,1790514901
26SEP27HARHUR,Hubert Hurkacz,0.94,0.95,True,0.6225,100,1790509200,1790513420
26SEP27MULDAV,Alejandro Davidovich Fokina,0.89,0.9,True,0.735,101,1790492520,1790494219
26SEP27MARJAC,Kyrian Jacquet,0.67,0.69,True,0.5,99,1790489580,1790491821
26SEP27GASRUB,Hugo Gaston,0.3,0.32,False,0.15000000000000002,105,1790496720,1790499015
26SEP27MANSHA,Adrian Mannarino,0.45,0.47,False,0.28500000000000003,103,1790498760,1790502617
26SEP27BROBAS,Nikoloz Basilashvili,0.86,0.87,True,0.46499999999999997,118,1790485380,1790488502
26SEP26YUNMAJ,Yunchaokete Bu,0.63,0.64,True,0.45999999999999996,94,1790411460,1790415626
26SEP26WONVAL,Coleman Wong,0.89,0.9,True,0.605,112,1790430180,1790433908
26SEP25VACHAR,Lloyd Harris,0.83,0.84,True,0.485,68,1790410740,1790416252
26SEP25DAMHUR,Martin Damm Jr,0.53,0.58,False,0.325,95,1790405940,1790408425
26SEP25CERDAV,Alejandro Davidovich Fokina,0.8,0.81,True,0.595,76,1790399760,1790402444
26SEP24HALSAF,Quentin Halys,0.79,0.8,False,0.425,118,1790401800,1790404262
26SEP25TABMAN,Adrian Mannarino,0.58,0.61,True,0.385,70,1790317080,1790321450
26SEP25CINMUL,Alexandre Muller,0.85,0.86,True,0.545,102,1790404380,1790408118
26SEP25HIJRUB,Andrey Rublev,0.93,0.95,True,0.735,110,1790324580,1790335510
26SEP25BROSON,Lorenzo Sonego,0.74,0.75,False,0.485,79,1790313480,1790317241
26SEP24MARDAN,Taro Daniel,0.66,0.69,False,0.32,96,1790322180,1790325324
26SEP24FARGAS,Jaime Faria,0.8,0.81,False,0.745,101,1790339940,1790342119
26SEP25JACETC,Kyrian Jacquet,0.6,0.61,True,0.375,88,1790315100,1790318132
26SEP24HARKOV,Lloyd Harris,0.81,0.82,True,0.77,88,1790248320,1790249132
26SEP24DAMMOC,Martin Damm Jr,0.96,0.97,True,0.665,70,1790247660,1790248850
26SEP24SWEDAN,Taro Daniel,0.92,0.93,True,0.585,119,1790227140,1790231161
26SEP24SUNSAF,Roman Safiullin,0.95,0.96,True,0.8925000000000001,72,1790246640,1790247048
26SEP24HIJSVR,Rinky Hijikata,0.69,0.7,True,0.425,91,1790240460,1790240489
26SEP23BASCIN,Nikoloz Basilashvili,0.77,0.8,True,0.385,103,1790145420,1790148977
26SEP22MOCKOT,Shintaro Mochizuki,0.67,0.68,True,0.425,76,1790146260,1790149904
26SEP22HARGAL,Lloyd Harris,0.93,0.94,True,0.735,61,1790140380,1790143319
26SEP23DANMAT,Taro Daniel,0.8,0.81,True,0.625,61,1790137140,1790139719
26SEP23BOLSAN,Alex Bolt,0.65,0.66,True,0.645,73,1790136900,1790138507
26SEP22MOCXIA,Shintaro Mochizuki,0.83,0.84,True,0.885,85,1790063220,1790066795
26SEP22UCHCIN,Federico Cina,0.98,0.99,True,0.905,99,1790067000,1790068281
26SEP22HARMIY,Lloyd Harris,0.91,0.92,True,0.765,74,1790060760,1790062906
26SEP22CASKOT,Luca Castelnuovo,0.56,0.6,False,0.295,99,1790065200,1790066481
26SEP22BARILA,Petr Bar Biryukov,0.56,0.6,True,0.295,76,1790047980,1790056904
26SEP22TOMRIG,Rigele TE,0.41,0.42,False,0.16,84,1790055840,1790059896
26SEP22SVRSEK,Dalibor Svrcina,0.97,0.99,True,0.795,108,1790056800,1790058972
26SEP22SUNDEL,Matthew Dellavedova,0.6,0.64,False,0.385,90,1790066700,1790068890
26SEP22IMANOG,Rio Noguchi,0.97,0.98,True,0.71,96,1790062500,1790063484
26SEP22BOLJAS,Alex Bolt,0.82,0.83,True,0.615,70,1790051280,1790053610
26SEP21SHEHUR,Hubert Hurkacz,0.93,0.94,True,0.815,113,1790248020,1790250067
26SEP21KOPJIA,Vit Kopriva,0.97,0.98,True,0.935,69,1790147400,1790150511
26SEP21DUCSON,Lorenzo Sonego,0.98,0.99,True,0.565,93,1790240460,1790240487
26SEP21CERZHO,Juan Manuel Cerundolo,0.92,0.93,True,0.675,89,1790254620,1790257531
26SEP21ZHAWON,Coleman Wong,0.86,0.87,True,0.865,103,1790257920,1790258717
26SEP21VUKJAC,Kyrian Jacquet,0.73,0.75,True,0.505,65,1790151900,1790156755
26SEP21SHIGAS,Hugo Gaston,0.66,0.67,True,0.565,79,1790227440,1790229701
26SEP21ROYWAL,Valentin Royer,0.61,0.66,True,0.535,104,1790165640,1790166076
26SEP21FARATM,Terence Atmane,0.78,0.79,False,0.555,67,1790228580,1790230853
26SEP21CUIVAL,Adolfo Daniel Vallejo,0.93,0.94,True,0.7075,76,1790245680,1790247344
26SEP13ZVESHE,Alexander Zverev,0.74,0.75,True,0.585,84,1789323420,1789326696
26SEP11ZVEKHA,Alexander Zverev,0.94,0.95,True,0.795,90,1789147980,1789157130
26SEP11TIASHE,Frances Tiafoe,0.32,0.33,False,0.275,118,1789167900,1789173302
26SEP09KHABLO,Karen Khachanov,0.8,0.81,True,0.635,66,1788987960,1788990654
26SEP08SHEALC,Carlos Alcaraz,0.84,0.85,False,0.755,86,1788922020,1788926914
26SEP08TIAMIC,Alex Michelsen,0.67,0.68,False,0.405,80,1788886320,1788895360
26SEP07KHATIE,Karen Khachanov,0.55,0.56,True,0.365,107,1788816240,1788820873
26SEP07ZVEDAR,Alexander Zverev,0.97,0.98,True,0.875,70,1788829980,1788833450
26SEP07GEAVAN,Arthur Gea,0.4,0.41,False,0.405,62,1788814620,1788817258
26SEP06SHETSI,Ben Shelton,0.87,0.88,True,0.735,89,1788736740,1788739291
26SEP06MEDTIA,Frances Tiafoe,0.56,0.58,True,0.395,96,1788721140,1788728484
26SEP06PAUALC,Carlos Alcaraz,0.92,0.93,True,0.805,100,1788718140,1788721580
26SEP05ZVETAB,Alexander Zverev,0.96,0.97,True,0.825,80,1788661680,1788665500
26SEP05BERVAN,Zizou Bergs,0.52,0.53,False,0.365,74,1788644520,1788647506
26SEP05MENTIE,Learner Tien,0.72,0.73,True,0.565,109,1788661020,1788663371
26SEP05BLOCOB,Flavio Cobolli,0.7,0.71,False,0.535,81,1788627420,1788631899
26SEP05DARSWE,Luciano Darderi,0.89,0.9,True,0.765,94,1788635760,1788638186
26SEP04YIBALC,Carlos Alcaraz,0.96,0.97,True,0.925,82,1788543720,1788549398
26SEP04VACTIA,Frances Tiafoe,0.87,0.88,True,0.635,69,1788555660,1788565911
26SEP04ETCNAV,Tomas Martin Etcheverry,0.7,0.71,True,0.535,76,1788552840,1788561704
26SEP04SHESHA,Ben Shelton,0.93,0.94,True,0.795,84,1788576120,1788580296
26SEP03BERDEJ,Zizou Bergs,0.83,0.84,True,0.565,115,1788475680,1788479225
26SEP03YUNZHE,Michael Zheng,0.63,0.64,True,0.625,85,1788478980,1788482555
26SEP03VANDE,Botic Van de Zandschulp,0.43,0.44,True,0.24,111,1788474120,1788476829
26SEP04MEDRIN,Daniil Medvedev,0.84,0.85,True,0.735,61,1788540180,1788543719
26SEP03ZVEHAL,Alexander Zverev,0.91,0.92,True,0.845,117,1788483540,1788489123
26SEP03MONTIE,Learner Tien,0.9,0.91,True,0.825,62,1788470160,1788480418
26SEP02SCHCOB,Tristan Schoolkate,0.36,0.37,False,0.185,67,1788462480,1788465173
26SEP02STRCER,Jan-Lennard Struff,0.61,0.62,False,0.405,79,1788444900,1788452261
26SEP01JODYUN,Yunchaokete Bu,0.51,0.52,True,0.09,104,1788370560,1788372856
26SEP02SAKTIA,Frances Tiafoe,0.82,0.83,True,0.785,77,1788391200,1788393463
26SEP02POPTAB,Alexei Popyrin,0.63,0.64,False,0.395,102,1788461820,1788464238
26SEP02SHEHUR,Ben Shelton,0.85,0.86,True,0.695,60,1788368460,1788371640
26SEP02BLOTRU,Alexander Blockx,0.94,0.95,True,0.835,87,1788463440,1788466353
26SEP02BERNAV,Matteo Berrettini,0.73,0.74,False,0.5974999999999999,102,1788383040,1788392598
26SEP02ETCFEA,Tomas Martin Etcheverry,0.86,0.87,True,0.575,62,1788367200,1788374038
26SEP02DUCYIB,Yibing Wu,0.85,0.86,True,0.575,100,1788389400,1788392600
26SEP02FARALC,Jaime Faria,0.17,0.18,False,0.08499999999999999,108,1788396300,1788399192
26SEP02MERRUB,Andrey Rublev,0.56,0.57,False,0.585,92,1788360180,1788365668
26SEP02HARTSI,Lloyd Harris,0.59,0.6,False,0.41500000000000004,62,1788387180,1788388078
26SEP02VACMAJ,Valentin Vacherot,0.69,0.7,True,0.545,98,1788390720,1788395302
26SEP02SHAVAN,Denis Shapovalov,0.79,0.81,True,0.575,80,1788382560,1788384520
26SEP02LEHSAM,Jiri Lehecka,0.92,0.93,True,0.72,76,1788386940,1788390224
26AUG31VIRRUB,Otto Virtanen,0.27,0.28,False,0.165,73,1788189240,1788192947
26SEP01CERGEA,Arthur Gea,0.52,0.53,True,0.565,79,1788288960,1788296381
26AUG30WONPAU,Coleman Wong,0.25,0.26,False,0.155,105,1788110280,1788114015
26AUG30VUKSAK,Rei Sakamoto,0.8,0.81,True,0.745,82,1788126300,1788126638
26AUG30SAMMAC,Toby Samuel,0.93,0.94,True,0.585,65,1788112140,1788119455
26AUG30MICCIN,Alex Michelsen,0.9,0.91,True,0.825,69,1788127680,1788134391
26AUG30MENMOC,Jakub Mensik,0.94,0.95,True,0.895,92,1788218940,1788221128
26AUG30LANFEA,Martin Landaluce,0.66,0.69,False,0.715,85,1788199500,1788199475
26AUG30HARKEN,Lloyd Harris,0.97,0.98,True,0.855,115,1788109680,1788112925
26AUG30DIMPOP,Grigor Dimitrov,0.83,0.84,False,0.655,101,1788219300,1788221119
26AUG30DEJPAS,Francesco Passaro,0.69,0.7,False,0.415,99,1788297900,1788299961
26AUG30BLOBAR,Alexander Blockx,0.88,0.9,True,0.835,100,1788209640,1788212720
26AUG30BASSCH,Tristan Schoolkate,0.43,0.44,True,0.255,98,1788290700,1788293122
26AUG28DUCFER,Arthur Fery,0.82,0.83,True,0.595,106,1787958240,1787961974
26AUG30ZVESON,Alexander Zverev,0.95,0.96,True,0.935,112,1788305100,1788314648
26AUG30VANNOR,Cameron Norrie,0.52,0.53,False,0.675,118,1788111360,1788117662
26AUG30VALMON,Adolfo Daniel Vallejo,0.62,0.63,False,0.565,63,1788304440,1788307137
26AUG30UGOSTR,Jan-Lennard Struff,0.81,0.82,True,0.665,119,1788291180,1788294841
26AUG30TSIFIL,Arthur Fils,0.97,0.98,False,0.835,76,1788183480,1788192944
26AUG30SWEMOU,Dane Sweeny,0.51,0.53,True,0.315,60,1788288420,1788294840
26AUG30SVAALT,Zachary Svajda,0.88,0.9,True,0.5925,64,1788368580,1788370616
26AUG30SHEGRI,Tallon Griekspoor,0.2,0.21,False,0.125,90,1788218580,1788221130
26AUG30SHATRU,Juncheng Shang,0.72,0.73,False,0.645,93,1788212220,1788215007
26AUG30PRISHE,Alexander Shevchenko,0.45,0.46,False,0.275,100,1788101280,1788105020
26AUG30NAKBAE,Brandon Nakashima,0.98,0.99,True,0.865,95,1788204420,1788207145
26AUG30MUNATM,Terence Atmane,0.72,0.73,False,0.635,71,1788110640,1788115189
26AUG30MISCER,Francisco Cerundolo,0.84,0.85,True,0.925,68,1788289500,1788292552
26AUG30MARZHE,Michael Zheng,0.59,0.6,True,0.6,116,1788374340,1788383464
26AUG30MAJMED,Kamil Majchrzak,0.9,0.91,True,0.57,105,1788104340,1788105015
26AUG30KECSHA,Denis Shapovalov,0.77,0.78,True,0.575,94,1788119820,1788122426
26AUG30HANTAB,Alejandro Tabilo,0.92,0.93,True,0.565,112,1788206400,1788208748
26AUG30GORCOL,Raphael Collignon,0.89,0.9,False,0.865,118,1788130020,1788130742
26AUG30GIRBUS,Marcos Giron,0.45,0.46,False,0.385,71,1788368160,1788371629
26AUG30FERMUS,Lorenzo Musetti,0.93,0.94,True,0.745,116,1788292980,1788297244
26AUG30ETCKOP,Tomas Martin Etcheverry,0.87,0.88,True,0.635,65,1788125220,1788127855
26AUG30DAMTIA,Frances Tiafoe,0.82,0.83,True,0.785,100,1788223980,1788227720
26AUG30COMCOB,Francisco Comesana,0.55,0.56,False,0.175,111,1788275880,1788279849
26AUG30BURKHA,Karen Khachanov,0.94,0.95,True,0.775,84,1788212880,1788215676
26AUG30BUBWOL,Alexander Bublik,0.8,0.81,True,0.685,65,1788135660,1788142795
26AUG30BERWAW,Matteo Berrettini,0.85,0.86,True,0.885,69,1788207600,1788209991
26AUG30AUGHIJ,Felix Auger-Aliassime,0.93,0.94,True,0.89,117,1788218520,1788221703
26AUG30ARNDUC,Matteo Arnaldi,0.78,0.79,False,0.615,85,1788196620,1788200075
26AUG27YUNCIN,Yunchaokete Bu,0.67,0.69,False,0.625,102,1787937720,1787940438
26AUG27DRASCH,Liam Draxl,0.81,0.85,False,0.545,79,1787933760,1787936741
26AUG27HARLLA,Lloyd Harris,0.86,0.88,True,0.635,93,1787930340,1787934267
26AUG27FERKOV,Aleksandar Kovacevic,0.77,0.78,False,0.505,80,1787869140,1787879740
26AUG27NISSAK,Rei Sakamoto,0.79,0.8,True,0.605,80,1787934000,1787936740
26AUG27CERBUS,Ignacio Buse,0.54,0.55,True,0.46499999999999997,81,1787862180,1787870439
26AUG27MOCPAS,Francesco Passaro,0.88,0.89,True,0.4175,93,1787931180,1787933667
26AUG27GAUWEN,Vilius Gaubas,0.79,0.8,False,0.575,63,1787842740,1787850117
26AUG27SAMGAR,Cristian Garin,0.57,0.58,False,0.33,68,1787846100,1787848612
26AUG27WONLAJ,Coleman Wong,0.83,0.84,True,0.665,67,1787846040,1787848613
26AUG27FEAROD,Jacob Fearnley,0.87,0.88,False,0.705,70,1787838960,1787848610
26AUG27RINBAR,Marcelo Tomas Barrios Vera,0.75,0.76,True,0.525,112,1787845860,1787849528
26AUG26SCHHON,Tristan Schoolkate,0.89,0.9,True,0.665,63,1787785320,1787788317
26AUG26DRAJOH,Liam Draxl,0.88,0.9,True,0.72,116,1787781900,1787784904
26AUG26DAMMAR,Martin Damm Jr,0.74,0.75,False,0.445,100,1787789820,1787792780
26AUG26YUNGOJ,Yunchaokete Bu,0.8,0.81,True,0.59,87,1787779860,1787781753
26AUG26CINDEL,Federico Cina,0.88,0.9,True,0.905,114,1787787660,1787787126
26AUG26FERROT,Arthur Fery,0.96,0.97,True,0.67,113,1787773140,1787776927
26AUG26HIJBON,Benjamin Bonzi,0.93,0.94,True,0.485,61,1787767860,1787769899
26AUG26BUDOCO,Christopher O'Connell,0.95,0.96,True,0.635,85,1787776680,1787781395
26AUG26KOVTSI,Aleksandar Kovacevic,0.62,0.63,True,0.31,61,1787784720,1787786519
26AUG26PIRGLI,Zsombor Piros,0.93,0.94,True,0.615,96,1787779200,1787781144
26AUG26SACLLA,Pablo Llamas Ruiz,0.93,0.94,True,0.655,117,1787782500,1787784903
26AUG26ROCHAR,Henrique Rocha,0.7,0.71,False,0.5700000000000001,119,1787780820,1787782861
26AUG26ALTBUS,Ignacio Buse,0.74,0.75,True,0.5549999999999999,93,1787768340,1787772867
26AUG26SKADIM,Grigor Dimitrov,0.91,0.92,True,0.845,84,1787764380,1787769156
26AUG26JORLAJ,Dusan Lajovic,0.89,0.91,True,0.795,85,1787765640,1787768675
26AUG26NISANT,Kei Nishikori,0.98,0.99,True,0.615,119,1787778180,1787782021
26AUG26VIRPIN,Jack Pinnington Jones,0.79,0.8,False,0.45499999999999996,66,1787765340,1787767374
26AUG26WONNEU,Coleman Wong,0.97,0.98,True,0.655,79,1787764020,1787766161
26AUG26SAKMUL,Rei Sakamoto,0.98,0.99,True,0.61,116,1787778000,1787779324
26AUG26SVRGAL,Dalibor Svrcina,0.85,0.86,True,0.7675000000000001,114,1787772960,1787775426
26AUG26SEYMCD,Mackenzie McDonald,0.82,0.83,True,0.595,82,1787766300,1787771858
26AUG25ROTMAC,Mees Rottgering,0.74,0.76,True,0.345,87,1787696640,1787699373
26AUG25MEDDAM,Martin Damm Jr,0.49,0.51,True,0.225,111,1787697960,1787700789
26AUG25FERHEW,Arthur Fery,0.82,0.84,True,0.825,119,1787691300,1787693041
26AUG26SAMHAR,Billy Harris,0.35,0.36,False,0.21250000000000002,70,1787767140,1787770370
26AUG26GUESCH,Joel Schwaerzler,0.89,0.91,False,0.58,106,1787756400,1787760194
26AUG26YMEGAR,Cristian Garin,0.89,0.9,True,0.585,64,1787764860,1787766776
26AUG26JACDOU,Aziz Dougaz,0.46,0.52,True,0.46499999999999997,102,1787758380,1787760498
26AUG26OLIBAR,Marcelo Tomas Barrios Vera,0.86,0.87,True,0.785,102,1787757300,1787760198
26AUG25DUCNAV,James Duckworth,0.65,0.67,True,0.41000000000000003,63,1787694060,1787696577
26AUG25CERSUR,Juan Manuel Cerundolo,0.96,0.97,True,0.625,116,1787692920,1787694184
26AUG25RINLEE,Daniel Rincon,0.78,0.79,True,0.635,104,1787756820,1787759896
26AUG25FEAPAV,Jacob Fearnley,0.94,0.97,True,0.795,105,1787757240,1787759895
26AUG25VANVAL,Botic Van de Zandschulp,0.94,0.95,True,0.585,116,1787681700,1787684644
26AUG25KECMAR,Fabian Marozsan,0.85,0.86,True,0.46749999999999997,73,1787704380,1787707367
26AUG25BELDAR,Mattia Bellucci,0.54,0.55,False,0.46499999999999997,118,1787675520,1787684642
26AUG24NEUMCC,Lukas Neumayer,0.8,0.81,True,0.7124999999999999,60,1787608860,1787609640
26AUG24ALTCOM,Daniel Altmaier,0.85,0.86,True,0.495,109,1787619240,1787621351
26AUG24CHOROT,Mees Rottgering,0.75,0.76,True,0.4275,111,1787607000,1787609049
26AUG24GORHEW,Sebastian Gorzny,0.64,0.65,False,0.505,71,1787600520,1787602309
26AUG24VANDUC,James Duckworth,0.98,0.99,True,0.775,92,1787596200,1787598628
26AUG24SURGIR,Dhakshineswar Suresh,0.61,0.62,True,0.28500000000000003,66,1787595360,1787597394
26AUG24SAFGRE,Hugo Grenier,0.55,0.56,True,0.155,108,1787609760,1787613852
26AUG24WONMOL,Elmer Moller,0.48,0.49,False,0.185,69,1787608320,1787612691
26AUG24VIRBLA,Otto Virtanen,0.95,0.96,True,0.645,92,1787608740,1787610868
26AUG24TOMHAR,Lloyd Harris,0.4,0.43,True,0.71,88,1787678640,1787680112
26AUG24SVRMEL,Dalibor Svrcina,0.77,0.78,True,0.845,114,1787603340,1787605206
26AUG24SKAARN,Timofey Skatov,0.76,0.77,True,0.58,66,1787662320,1787674734
26AUG24SECSCH,Tristan Schoolkate,0.91,0.92,True,0.875,92,1787699820,1787702008
26AUG24SCHHEI,Gustavo Heide,0.51,0.53,False,0.4475,115,1787594340,1787596805
26AUG24SAMMAE,Francesco Maestrelli,0.33,0.34,False,0.1925,90,1787598840,1787601630
26AUG24RONYME,Elias Ymer,0.85,0.87,True,0.8275,109,1787598840,1787600411
26AUG24ROCMMO,Henrique Rocha,0.75,0.76,True,0.605,61,1787674680,1787684639
26AUG24PIRALC,Zsombor Piros,0.97,0.98,True,0.8625,89,1787688900,1787689411
26AUG24PINSVA,Jack Pinnington Jones,0.53,0.56,True,0.515,118,1787615100,1787618642
26AUG24PASGIL,Francesco Passaro,0.91,0.92,True,0.545,64,1787606520,1787609636
26AUG24ONCSAC,Vitaliy Sachko,0.55,0.56,True,0.28750000000000003,92,1787679300,1787681668
26AUG24NARCIN,Federico Cina,0.91,0.93,True,0.7875000000000001,113,1787692740,1787694787
26AUG24NAPMCD,Mackenzie McDonald,0.88,0.89,True,0.805,102,1787608380,1787612118
26AUG24MIKSAI,Luka Mikrut,0.88,0.9,True,0.545,100,1787677200,1787680700
26AUG24MARGLI,Daniil Glinka,0.92,0.93,True,0.435,90,1787684760,1787689410
26AUG24MARGEN,Tom Gentzsch,0.9,0.91,True,0.685,104,1787608500,1787612116
26AUG24LAJLEE,Mark Lajal,0.82,0.83,False,0.875,83,1787584140,1787587357
26AUG24KWONLAJ,Soonwoo Kwon,0.88,0.89,False,0.655,73,1787664180,1787673527
26AUG24KOLGOJ,Borna Gojo,0.92,0.93,True,0.805,116,1787690580,1787692384
26AUG24KASBUD,Nicolai Budkov Kjaer,0.66,0.68,True,0.625,90,1787683560,1787688810
26AUG24JACMID,Kyrian Jacquet,0.92,0.93,True,0.825,75,1787596860,1787599245
26AUG24ILABOY,Andre Ilagan,0.72,0.75,True,0.695,91,1787687160,1787689409
26AUG24GUEHOL,Andrea Guerrieri,0.72,0.73,True,0.7124999999999999,93,1787599200,1787599827
26AUG24GOMDOU,Aziz Dougaz,0.93,0.94,True,0.545,74,1787589660,1787593906
26AUG24GEANAG,Arthur Gea,0.96,0.97,True,0.855,79,1787679120,1787682221
26AUG24GAUFEL,Vilius Gaubas,0.76,0.77,True,0.535,72,1787589660,1787595048
26AUG24FEACAR,Jacob Fearnley,0.93,0.94,True,0.695,65,1787587920,1787589355
26AUG24DRORIN,Titouan Droguet,0.87,0.88,False,0.825,109,1787584500,1787588771
26AUG24DJEMUL,Alexandre Muller,0.9,0.91,True,0.36250000000000004,75,1787614200,1787615025
26AUG24DENOLI,Guy Den Ouden,0.87,0.88,False,0.815,74,1787591280,1787595046
26AUG24DANJOH,Taro Daniel,0.95,0.96,False,0.84,88,1787699160,1787701052
26AUG24CHICOR,Clement Chidekh,0.96,0.97,True,0.895,94,1787680320,1787683406
26AUG24CECBRO,Marco Cecchinato,0.65,0.69,True,0.235,78,1787595720,1787597382
26AUG24BUEHAR,Billy Harris,0.97,0.98,True,0.615,99,1787590260,1787601621
26AUG24BOLLLA,Pablo Llamas Ruiz,0.86,0.87,True,0.715,81,1787678700,1787682219
26AUG24BERMOR,Remy Bertola,0.6,0.61,True,0.36,117,1787597760,1787600403
26AUG23FILTIA,Arthur Fils,0.66,0.67,True,0.665,94,1787514180,1787519966
26AUG23BALGOR,Sebastian Gorzny,0.66,0.67,False,0.395,105,1787505420,1787507775
26AUG23GREROT,Mees Rottgering,0.86,0.87,True,0.635,109,1787505780,1787509571
26AUG23WALDEJ,Adam Walton,0.77,0.78,True,0.625,117,1787592120,1787603403
26AUG23MAJBON,Benjamin Bonzi,0.88,0.89,True,0.19,105,1787597040,1787598615
26AUG23LANBEL,Mattia Bellucci,0.84,0.87,True,0.46499999999999997,112,1787518860,1787522348
26AUG23COMYIB,Francisco Comesana,0.78,0.79,True,0.42,107,1787517180,1787519353
26AUG22TULVAN,Quinn Vandecasteele,0.94,0.95,True,0.565,84,1787417220,1787419296
26AUG22PASSUR,Roger Pascual Ferra,0.57,0.58,False,0.335,83,1787427540,1787430697
26AUG22HERMIY,Pierre-Hugues Herbert,0.82,0.85,True,0.435,99,1787411700,1787413881
26AUG22HECROT,Mees Rottgering,0.99,1.0,True,0.795,103,1787419380,1787420777
26AUG22GREOBE,Hugo Grenier,0.95,0.96,True,0.8099999999999999,105,1787414280,1787414175
26AUG22BALPOW,Felix Balshaw,0.84,0.85,True,0.725,99,1787411640,1787415081
26AUG22COBFIL,Arthur Fils,0.92,0.93,True,0.695,85,1787422980,1787425295
26AUG21FRINAK,Brandon Nakashima,0.57,0.58,True,0.375,76,1787342880,1787346044
26AUG20TIRFIL,Arthur Fils,0.92,0.93,True,0.765,79,1787270220,1787275241
26AUG19TIAAUG,Frances Tiafoe,0.63,0.65,True,0.335,78,1787188980,1787192442
26AUG19BORNAK,Brandon Nakashima,0.8,0.81,True,0.625,78,1787178120,1787181642
26AUG19FRIOCO,Taylor Fritz,0.93,0.94,True,0.895,73,1787184840,1787188847
26AUG19TIRMEN,Jakub Mensik,0.83,0.84,False,0.665,75,1787161500,1787162145
26AUG19JODCOB,Rafael Jodar,0.87,0.88,False,0.735,111,1787152320,1787155869
26AUG18ZHEMUS,Lorenzo Musetti,0.95,0.96,True,0.645,68,1787069400,1787074552
26AUG18TIETIA,Frances Tiafoe,0.7,0.71,True,0.46499999999999997,99,1787090820,1787101281
26AUG18NAKMED,Daniil Medvedev,0.78,0.79,False,0.565,66,1787070840,1787083554
26AUG18FRIMER,Taylor Fritz,0.89,0.9,True,0.805,60,1787071560,1787073960
26AUG18CERAUG,Felix Auger-Aliassime,0.95,0.96,True,0.815,77,1787094180,1787098543
26AUG17ZVEATM,Alexander Zverev,0.91,0.92,True,0.845,67,1787011200,1787015153
26AUG17TIRLAN,Thiago Agustin Tirante,0.78,0.79,True,0.575,88,1786978560,1786985012
26AUG17LEHFIL,Arthur Fils,0.86,0.87,True,0.595,101,1787009520,1787017279
26AUG17JODTAB,Rafael Jodar,0.92,0.93,True,0.685,104,1787000520,1787007676
26AUG17FERDE,Alex de Minaur,0.92,0.94,True,0.745,101,1786993140,1787000059
26AUG17BLOCOB,Flavio Cobolli,0.72,0.74,True,0.485,102,1786978440,1786982778
26AUG16TRUMED,Daniil Medvedev,0.81,0.82,True,0.845,113,1786892640,1786896427
26AUG16SONTIA,Frances Tiafoe,0.94,0.95,True,0.595,93,1786932300,1786934787
26AUG16RINCER,Arthur Rinderknech,0.81,0.82,False,0.615,62,1786897020,1786903018
26AUG16NAKKOV,Brandon Nakashima,0.93,0.94,True,0.745,72,1786906740,1786909308
26AUG16MERBER,Daniel Merida,0.89,0.9,True,0.545,102,1786913520,1786917078
26AUG16HUMZHE,Michael Zheng,0.67,0.68,True,0.485,63,1786891620,1786896117
26AUG16FONVAN,Joao Fonseca,0.87,0.88,True,0.715,84,1786899600,1786902396
26AUG16BORCER,Nuno Borges,0.93,0.94,True,0.565,97,1786907940,1786910183
26AUG15FERDUC,Arthur Fery,0.56,0.57,True,0.525,117,1786829640,1786833123
26AUG15RUBCAR,Andrey Rublev,0.74,0.77,True,0.685,115,1786908900,1786912325
26AUG15HANFIL,Arthur Fils,0.86,0.87,True,0.775,95,1786839840,1786843585
26AUG15ALTMUS,Lorenzo Musetti,0.96,0.97,True,0.895,79,1786905300,1786905701
26AUG15HALDE,Quentin Halys,0.69,0.7,False,0.295,84,1786824300,1786825956
26AUG15PAUHUR,Tommy Paul,0.68,0.71,True,0.525,80,1786829400,1786832200
26AUG14VANSHE,Botic Van de Zandschulp,0.88,0.89,True,0.65,118,1786733760,1786736822
26AUG15ZVENOR,Cameron Norrie,0.31,0.32,False,0.185,76,1786851780,1786854704
26AUG15LANARN,Martin Landaluce,0.82,0.83,True,0.55,65,1786805280,1786810015
26AUG15KECCOB,Flavio Cobolli,0.84,0.85,True,0.535,100,1786805640,1786809140
26AUG15DJOTIR,Novak Djokovic,0.9,0.91,False,0.775,98,1786817880,1786821142
26AUG15DARHIJ,Rinky Hijikata,0.63,0.64,True,0.395,115,1786826640,1786828925
26AUG15BELMEN,Jakub Mensik,0.84,0.85,True,0.775,73,1786818360,1786822367
26AUG15ATMETC,Terence Atmane,0.75,0.76,True,0.625,105,1786827480,1786831935
26AUG14WOLDUC,James Duckworth,0.76,0.77,True,0.42,103,1786732200,1786735337
26AUG14WALMEJ,Adam Walton,0.98,0.99,True,0.635,103,1786740000,1786744697
26AUG14MEDTRU,Marco Trungelliti,0.72,0.73,True,0.41000000000000003,112,1786744140,1786745528
26AUG14LAJCER,Juan Manuel Cerundolo,0.89,0.9,True,0.495,85,1786733400,1786735955
26AUG14KOPHAL,Quentin Halys,0.84,0.85,True,0.715,61,1786718940,1786724579
26AUG14HANVAN,Yannick Hanfmann,0.92,0.93,True,0.79,60,1786728240,1786728480
26AUG14DROBER,Titouan Droguet,0.68,0.71,False,0.475,109,1786727040,1786728131
26AUG13VUKLAJ,Aleksandar Vukic,0.74,0.75,False,0.605,71,1786641420,1786643509
26AUG13ROCMEJ,Nicolas Mejia,0.75,0.76,True,0.495,84,1786643640,1786648296
26AUG13SHENAK,Ben Shelton,0.87,0.88,True,0.695,111,1786664760,1786669209
26AUG12SAKDRO,Titouan Droguet,0.86,0.87,True,0.7,63,1786591980,1786594317
26AUG12BUDJAC,Kyrian Jacquet,0.66,0.67,True,0.6799999999999999,115,1786592820,1786595525
26AUG12SVAZHE,Trevor Svajda,0.67,0.68,False,0.295,74,1786585920,1786588366
26AUG12FARYIB,Jaime Faria,0.79,0.8,True,0.7124999999999999,104,1786588080,1786588636
26AUG12TIESHE,Ben Shelton,0.96,0.97,True,0.675,71,1786580460,1786584169
26AUG12VANLAJ,Luca Van Assche,0.78,0.79,True,0.725,83,1786582920,1786587157
26AUG12JODNAK,Brandon Nakashima,0.88,0.89,True,0.305,74,1786573020,1786576666
26AUG12TIRCHO,Thiago Agustin Tirante,0.65,0.66,True,0.655,107,1786649040,1786653973
26AUG12SHASON,Lorenzo Sonego,0.71,0.73,True,0.425,84,1786739400,1786741956
26AUG12SHAMAN,Denis Shapovalov,0.69,0.7,True,0.565,108,1786652460,1786653972
26AUG12NORPRI,Dino Prizmic,0.41,0.42,False,0.345,79,1786643460,1786645901
26AUG12NAVCOL,Mariano Navone,0.87,0.88,True,0.48,95,1786656180,1786657585
26AUG12MERCIL,Marin Cilic,0.63,0.64,False,0.395,67,1786746360,1786749113
26AUG12MACCAR,Pablo Carreno Busta,0.98,0.99,True,0.515,118,1786728000,1786730882
26AUG12KOVKHA,Karen Khachanov,0.84,0.85,False,0.705,64,1786756800,1786760516
26AUG12BURSTR,Jan-Lennard Struff,0.73,0.74,True,0.545,90,1786644060,1786653690
26AUG12BORKOK,Thanasi Kokkinakis,0.76,0.77,False,0.33,110,1786736220,1786738330
26AUG12SHEOCO,Christopher O'Connell,0.9,0.91,True,0.705,74,1786583940,1786584166
26AUG12WONVIR,Coleman Wong,0.51,0.52,True,0.45,109,1786584420,1786587431
26AUG11WONHON,Coleman Wong,0.97,0.98,True,0.825,84,1786464540,1786467756
26AUG11VUKBLA,Aleksandar Vukic,0.81,0.82,True,0.61,115,1786575300,1786577585
26AUG11TRUOFN,Sebastian Ofner,0.79,0.8,False,0.62,66,1786496220,1786498374
26AUG11SHIDEL,Sho Shimabukuro,0.98,0.99,True,0.825,105,1786502760,1786504635
26AUG11POPDRO,Titouan Droguet,0.98,0.99,True,0.46499999999999997,110,1786497720,1786501030
26AUG11OCOSWE,Dane Sweeny,0.8,0.81,False,0.375,60,1786464960,1786468320
26AUG11MPESVA,Trevor Svajda,0.79,0.8,True,0.385,77,1786470060,1786471603
26AUG11MCDYIB,Yibing Wu,0.59,0.6,True,0.615,80,1786494060,1786495060
26AUG11MAEYUN,Yunchaokete Bu,0.88,0.89,True,0.765,67,1786492560,1786495973
26AUG11LAJSVR,Dalibor Svrcina,0.78,0.79,False,0.51,118,1786575600,1786579082
26AUG11HARJAC,Kyrian Jacquet,0.94,0.95,True,0.7525,111,1786500060,1786501029
26AUG11HALKWON,Soonwoo Kwon,0.69,0.7,False,0.405,60,1786474740,1786488480
26AUG11GIRROC,Henrique Rocha,0.58,0.59,True,0.315,73,1786575240,1786578167
26AUG11GASBUD,Nicolai Budkov Kjaer,0.81,0.82,True,0.435,64,1786495380,1786498016
26AUG11ECHZHE,Moez Echargui,0.25,0.26,False,0.11499999999999999,89,1786493400,1786496851
26AUG11MENSHE,Ben Shelton,0.96,0.97,True,0.575,93,1786485840,1786489407
26AUG10JODFIL,Rafael Jodar,0.74,0.75,True,0.575,84,1786470780,1786480296
26AUG10DARNAK,Brandon Nakashima,0.89,0.9,True,0.695,119,1786454280,1786468621
26AUG09TIETIR,Learner Tien,0.87,0.88,True,0.665,97,1786299960,1786302923
26AUG09FONSHE,Ben Shelton,0.6,0.62,True,0.555,103,1786313340,1786316717
26AUG08RINNAK,Brandon Nakashima,0.8,0.81,True,0.655,80,1786216140,1786221640
26AUG08LEHJOD,Rafael Jodar,0.92,0.94,True,0.545,90,1786225260,1786237530
26AUG08FILNOR,Arthur Fils,0.89,0.9,True,0.685,90,1786240260,1786243230
26AUG07VANHUR,Hubert Hurkacz,0.72,0.73,False,0.635,66,1786129200,1786132254
26AUG07MERMIC,Daniel Merida,0.71,0.72,True,0.275,61,1786120740,1786123259
26AUG07GRIARN,Matteo Arnaldi,0.58,0.59,False,0.345,115,1786120800,1786123865
26AUG06NAKDRO,Titouan Droguet,0.44,0.45,False,0.225,86,1786061220,1786064134
26AUG06JODMUS,Rafael Jodar,0.9,0.91,True,0.545,67,1786055520,1786061813
26AUG05DROFAR,Titouan Droguet,0.76,0.77,True,0.26,115,1785977940,1785981065
26AUG06NAVFIL,Arthur Fils,0.9,0.91,True,0.765,103,1786039320,1786041977
26AUG06BERSHE,Ben Shelton,0.87,0.88,True,0.74,76,1786129080,1786132544
26AUG06RUUFON,Joao Fonseca,0.93,0.94,True,0.565,76,1786141980,1786149044
26AUG06HANBOR,Nuno Borges,0.78,0.79,True,0.605,70,1786047360,1786050350
26AUG06DARSHA,Juncheng Shang,0.73,0.74,False,0.515,103,1786033620,1786041677
26AUG05MARARN,Matteo Arnaldi,0.44,0.45,True,0.415,94,1785967380,1785970286
26AUG05ZVEGRI,Alexander Zverev,0.75,0.76,False,0.855,79,1785956700,1785962501
26AUG05KHAATM,Terence Atmane,0.7,0.71,True,0.435,110,1785968340,1785971770
26AUG05HUMMER,Daniel Merida,0.77,0.78,True,0.305,109,1785970920,1785973871
26AUG05ROYPAU,Tommy Paul,0.94,0.95,True,0.825,75,1785976980,1785980145
26AUG05SVAFIL,Arthur Fils,0.88,0.91,True,0.735,91,1785951840,1785954389
26AUG05TIRFRI,Thiago Agustin Tirante,0.5,0.51,True,0.14500000000000002,100,1785957660,1785960260
26AUG05HURTAB,Hubert Hurkacz,0.6,0.61,True,0.585,101,1785957420,1785960259
26AUG05BERBAE,Sebastian Baez,0.6,0.61,False,0.415,71,1785941940,1785945109
26AUG05MICCER,Alex Michelsen,0.72,0.73,True,0.585,86,1785963180,1785967294
26AUG05JODMOU,Corentin Moutet,0.55,0.56,False,0.255,81,1785959220,1785962499
26AUG04NAKALT,Brandon Nakashima,0.93,0.94,True,0.755,96,1785883320,1785885384
26AUG04DARDIA,Luciano Darderi,0.67,0.68,True,0.415,94,1785894840,1785897686
26AUG04KECRIN,Miomir Kecmanovic,0.71,0.72,False,0.515,92,1785940980,1785954148
26AUG04COBHAN,Yannick Hanfmann,0.49,0.5,True,0.405,83,1785894480,1785898897
26AUG04MEJMUS,Lorenzo Musetti,0.98,0.99,True,0.865,65,1785942840,1785948115
26AUG04BORETC,Nuno Borges,0.96,0.97,True,0.63,73,1785944340,1785946307
26AUG04DUCDE,Alex de Minaur,0.98,0.99,True,0.885,68,1785887040,1785889492
26AUG03SHARUB,Juncheng Shang,0.44,0.45,True,0.225,75,1785874980,1785878205
26AUG03MOCMAR,Fabian Marozsan,0.9,0.93,True,0.67,71,1785878640,1785878809
26AUG03HURGIR,Hubert Hurkacz,0.7,0.71,True,0.625,90,1785856560,1785859350
26AUG03DAMTSI,Stefanos Tsitsipas,0.7,0.71,True,0.655,99,1785853920,1785859041
26AUG02FRIJOD,Taylor Fritz,0.78,0.79,True,0.625,61,1785776340,1785782459
26AUG02BONHAN,Yannick Hanfmann,0.81,0.82,True,0.525,62,1785788580,1785799918
26AUG02SHICIL,Marin Cilic,0.7,0.71,True,0.5325,104,1785803340,1785805936
26AUG02VANDRO,Titouan Droguet,0.72,0.73,True,0.46499999999999997,105,1785786420,1785795735
26AUG02MEJLAN,Martin Landaluce,0.77,0.78,False,0.6725000000000001,69,1785786900,1785795111
26AUG02DUCOCO,James Duckworth,0.81,0.82,True,0.40750000000000003,83,1785786840,1785788917
26AUG01TSIRIC,Stefanos Tsitsipas,0.98,0.99,True,0.905,94,1785615360,1785618146
26AUG01GEASHA,Arthur Gea,0.82,0.83,True,0.405,98,1785640440,1785643582
26AUG01MOCSWE,Dane Sweeny,0.66,0.68,False,0.405,90,1785612240,1785614190
26AUG01FAROCO,Jaime Faria,0.68,0.69,False,0.635,74,1785611160,1785614506
26AUG01VUKBAR,Aleksandar Vukic,0.89,0.9,True,0.675,116,1785604020,1785609124
26AUG01SVRDRO,Dalibor Svrcina,0.48,0.49,False,0.495,68,1785616920,1785619912
26AUG01GASCHA,Hugo Gaston,0.91,0.92,False,0.755,115,1785607260,1785609125
26AUG01WALBOU,Adam Walton,0.96,0.97,True,0.85,76,1785602700,1785605204
26AUG01FEAOFN,Jacob Fearnley,0.84,0.85,True,0.64,74,1785603840,1785607606
26AUG01ZHENIS,Michael Zheng,0.97,0.98,True,0.685,66,1785595920,1785598014
26AUG01SHEJAC,Alexander Shevchenko,0.8,0.81,False,0.435,67,1785595500,1785598013
26AUG01GIRLLA,Pablo Llamas Ruiz,0.73,0.74,False,0.405,68,1785595680,1785598012
26AUG01NAKFRI,Taylor Fritz,0.65,0.66,True,0.615,92,1785616380,1785627088
26AUG01VALSHA,Juncheng Shang,0.67,0.68,True,0.575,71,1785683520,1785686209
26AUG01UGONOR,Cameron Norrie,0.85,0.86,True,0.75,68,1785809880,1785813712
26AUG01SONGRI,Tallon Griekspoor,0.76,0.78,True,0.55,102,1785869760,1785877938
26AUG01MUNHIJ,Jaume Munar,0.63,0.64,True,0.575,66,1785683580,1785688014
26AUG01MICSTR,Alex Michelsen,0.88,0.89,True,0.745,68,1785805860,1785808012
26AUG01MAJMON,Gael Monfils,0.61,0.62,True,0.255,92,1785810060,1785813088
26AUG01KOVBOR,Aleksandar Kovacevic,0.59,0.6,False,0.315,73,1785684720,1785687767
26AUG01GALKOP,Vit Kopriva,0.78,0.83,True,0.45,85,1785786360,1785788915
26AUG01CERMED,Juan Manuel Cerundolo,0.93,0.94,True,0.385,60,1785870720,1785873420
26AUG01CARROY,Pablo Carreno Busta,0.89,0.9,False,0.675,65,1785862920,1785865615
26AUG01BAEBEL,Sebastian Baez,0.8,0.82,True,0.53,101,1785854700,1785859039
26AUG01ATMDRA,Terence Atmane,0.45,0.48,True,0.3525,61,1785872460,1785873419
26AUG01NORSHA,Denis Shapovalov,0.57,0.58,True,0.415,87,1785559740,1785562893
26JUL31TABSHE,Ben Shelton,0.85,0.86,False,0.755,90,1785547140,1785549990
26JUL31DENAK,Brandon Nakashima,0.59,0.6,True,0.385,100,1785521460,1785525380
26JUL31JODMUS,Lorenzo Musetti,0.59,0.6,False,0.395,106,1785537120,1785540134
26JUL31NORTOM,Cameron Norrie,0.97,0.98,True,0.705,90,1785476700,1785480030
26JUL30SHASVR,Denis Shapovalov,0.91,0.92,True,0.675,103,1785471540,1785474317
26JUL30DEHEW,Alex de Minaur,0.95,0.96,True,0.905,83,1785429720,1785435637
26JUL30HUMSHE,Ugo Humbert,0.54,0.55,False,0.315,81,1785451620,1785455439
26JUL29GEAZHE,Michael Zheng,0.83,0.84,False,0.615,90,1785380820,1785383130
26JUL29NORDUC,Cameron Norrie,0.92,0.94,True,0.73,91,1785389220,1785392129
26JUL29TOMKHA,Bernard Tomic,0.62,0.63,True,0.265,96,1785382920,1785385524
26JUL29LEHWON,Jiri Lehecka,0.94,0.95,False,0.795,82,1785375000,1785376238
26JUL29CERBOY,Tristan Boyer,0.49,0.5,False,0.315,114,1785374640,1785378666
26JUL29MICMAN,Alex Michelsen,0.84,0.85,True,0.725,78,1785369360,1785371802
26JUL29FRIMAJ,Taylor Fritz,0.93,0.94,True,0.755,84,1785349320,1785356736
26JUL29VUKMUS,Lorenzo Musetti,,,True,,109,1785333420,1785347771
26JUL29ATMTAB,Alejandro Tabilo,0.77,0.78,True,0.46499999999999997,99,1785439080,1785450321
26JUL28KWONGEA,Arthur Gea,0.75,0.78,True,0.45999999999999996,60,1785296340,1785299460
26JUL28MAYDUC,Aidan Mayo,,,False,,104,1785276120,1785290476
26JUL28KOUWIN,Edward Winter,0.62,0.63,True,0.295,111,1785287520,1785289869
26JUL27HERTOM,Bernard Tomic,,,True,,103,1785189120,1785203477
26JUL27DIABOY,Tristan Boyer,0.65,0.68,True,0.3325,90,1785203220,1785204690
26JUL27VUKSVA,Aleksandar Vukic,0.75,0.76,True,0.395,92,1785189960,1785191488
26JUL27SVAMEN,Jakub Mensik,0.89,0.9,True,0.815,107,1785272820,1785274873
26JUL27HUMMAR,Ugo Humbert,,,True,,113,1785239580,1785253927
26JUL27GIRHEW,Cruz Hewitt,0.66,0.67,True,0.165,109,1785264000,1785266471
26JUL27DAMSHE,Ben Shelton,0.89,0.9,True,0.735,101,1785264300,1785273079
26JUL27TIAATM,Frances Tiafoe,0.85,0.86,False,0.755,117,1785194940,1785203763
26JUL27TABGRI,Alejandro Tabilo,,,True,,77,1785154920,1785169303
26JUL27NISSHA,Juncheng Shang,0.74,0.75,False,0.575,96,1785186660,1785190884
26JUL27NAKETC,Brandon Nakashima,0.82,0.83,True,0.695,119,1785266880,1785269761
26JUL27MANTIE,Adrian Mannarino,0.49,0.5,True,0.175,104,1785260760,1785263476
26JUL27MAJPAU,Kamil Majchrzak,,,True,,110,1785241320,1785255670
26JUL27FRIBER,Taylor Fritz,0.92,0.93,True,0.805,71,1785177900,1785182509
26JUL27FILJOD,Rafael Jodar,0.62,0.63,True,0.405,97,1785259800,1785264083
26JUL27DETSI,Alex de Minaur,,,True,,63,1785334260,1785348657
26JUL27ARNMUS,Lorenzo Musetti,0.88,0.89,True,0.615,91,1785175080,1785176489
26JUL26MAYPAS,Aidan Mayo,0.94,0.95,True,0.5375000000000001,108,1785118140,1785120372
26JUL26KWONWIN,Soonwoo Kwon,,,True,,107,1785104280,1785118573
26JUL26HERMAG,Alex Hernandez,0.55,0.56,True,0.42,107,1785121500,1785124573
26JUL25KINMAY,Aidan Mayo,0.94,0.95,True,0.6775,66,1785042660,1785045654
26JUL26ZHELAN,Michael Zheng,0.75,0.79,True,0.5575000000000001,72,1785307200,1785310848
26JUL26WONBLA,Coleman Wong,,,True,,68,1785200100,1785213952
26JUL26SVRWAL,Adam Walton,0.94,0.95,False,0.6375,75,1785306600,1785310545
26JUL26SHIPAC,Sho Shimabukuro,0.72,0.73,False,0.545,101,1785288720,1785291679
26JUL26SHAHIJ,Rinky Hijikata,,,False,,99,1785286920,1785301281
26JUL26NORKOV,Cameron Norrie,0.88,0.89,True,0.585,65,1785206220,1785209155
26JUL26MARECH,Andres Martin,0.79,0.8,True,0.5125,68,1785082500,1785085012
26JUL26VANBLO,Luca Van Assche,,,True,,80,1785073620,1785088000
26JUL26MCDSVA,Trevor Svajda,0.69,0.7,True,0.365,77,1785092160,1785094903
26JUL26GIRILA,Marcos Giron,0.92,0.93,True,0.845,69,1785084240,1785087111
26JUL26SVAHEW,Zachary Svajda,0.98,0.99,False,0.87,85,1785080040,1785086795
26JUL26DAMSHE,Abdullah Shelbayh,0.58,0.59,False,0.235,114,1785075180,1785077766
26JUL26VUKBOL,Aleksandar Vukic,,,True,,77,1785062520,1785076903
26JUL25PASSMI,Colton Smith,0.72,0.75,False,0.72,118,1785044760,1785047462
26JUL25MEJHER,Alex Hernandez,,,True,,61,1785024660,1785039059
26JUL25KWONRUB,Soonwoo Kwon,0.92,0.93,True,0.8875,67,1785039300,1785041453
26JUL25BOYCLA,Tristan Boyer,0.88,0.9,True,0.81,69,1785039480,1785042651
26JUL25TOBTOM,Miguel Tobon,,,False,,64,1785017520,1785031856
26JUL25MAGJOH,Garrett Johns,0.7,0.71,False,0.485,82,1785028500,1785030338
26JUL25ALVAWIN,Luis Carlos Alvarez Valdes,0.7,0.71,False,0.445,85,1785028260,1785032135
26JUL25VUKDOU,Aleksandar Vukic,,,True,,109,1784977140,1784991371
26JUL25SVAYME,Trevor Svajda,0.89,0.9,True,0.565,64,1785007140,1785008456
26JUL25SVAKOZ,Zachary Svajda,0.94,0.96,True,0.835,114,1784993220,1784997666
26JUL25SHEHAR,Abdullah Shelbayh,0.69,0.7,True,0.385,88,1784998260,1785000692
26JUL25OCOMAR,Andres Martin,,,True,,61,1784996460,1785010859
26JUL25MCDBUT,Edas Butvilas,0.84,0.85,False,0.4125,70,1785008280,1785010250
26JUL25MCCBOL,Alex Bolt,0.78,0.79,True,0.545,109,1784990460,1784992871
26JUL25LEEECH,Moez Echargui,,,True,,113,1784989320,1785003667
26JUL25ILABER,Andre Ilagan,0.69,0.7,True,0.33999999999999997,116,1784994600,1784997664
26JUL25GIRSHA,Marcos Giron,0.94,0.95,True,0.945,73,1785001680,1785005147
26JUL25DAMCOP,Martin Damm Jr,,,True,,104,1784977020,1784991076
26JUL25BLODAR,Luciano Darderi,0.86,0.87,False,0.615,98,1785005940,1785009682
26JUL25VANGAS,Luca Van Assche,0.82,0.84,True,0.615,60,1784997780,1785001860
26JUL25BUBHAL,Quentin Halys,0.68,0.69,True,0.325,112,1784978160,1784980568
26JUL24FARDAR,Jaime Faria,0.75,0.76,False,0.35,100,1784918220,1784921720
26JUL24RUBVAN,Andrey Rublev,,,False,,117,1784888160,1784902503
26JUL24BUBETC,Alexander Bublik,0.91,0.92,True,0.625,111,1784894280,1784899509
26JUL24HANHAL,Quentin Halys,0.76,0.77,True,0.485,92,1784891460,1784892628
26JUL24BURBLO,Alexander Blockx,,,True,,106,1784897760,1784912114
26JUL24TORGAS,Hugo Gaston,0.9,0.91,True,0.685,91,1784892000,1784894429
26JUL23BUBMOL,Alexander Bublik,0.95,0.96,True,0.5974999999999999,96,1784817060,1784819424
26JUL23ETCBUS,Tomas Martin Etcheverry,,,True,,95,1784798820,1784813125
26JUL23HANBAE,Yannick Hanfmann,0.95,0.96,True,0.55,82,1784804280,1784807438
26JUL23NAVHAL,Quentin Halys,0.63,0.64,True,0.335,104,1784798340,1784801116
26JUL23FARBUE,Jaime Faria,,,True,,94,1784802060,1784816426
26JUL22RUBSKA,Andrey Rublev,0.99,1.0,True,0.915,96,1784820360,1784825424
26JUL22VANCAR,Luca Van Assche,0.55,0.58,True,0.3225,107,1784805120,1784807713
26JUL22MARDAR,Luciano Darderi,,,True,,94,1784817120,1784831426
26JUL29FRIMAJ,Taylor Fritz,0.93,0.94,True,0.755,84,1785349320,1785356736
26JUL29VUKMUS,Lorenzo Musetti,0.96,0.97,True,0.705,109,1785345120,1785347771
26JUL28KWONGEA,Arthur Gea,,,True,,60,1785285060,1785299460
26JUL28MAYDUC,Aidan Mayo,0.77,0.79,False,0.3775,104,1785288660,1785290476
26JUL28KOUWIN,Edward Winter,,,True,,111,1785275520,1785289869
26JUL27HERTOM,Bernard Tomic,0.96,0.97,True,0.625,103,1785202020,1785203477
26JUL27DIABOY,Tristan Boyer,0.65,0.68,True,0.3325,90,1785203220,1785204690
26JUL27VUKSVA,Aleksandar Vukic,0.75,0.76,True,0.395,92,1785189960,1785191488
26JUL27SVAMEN,Jakub Mensik,0.89,0.9,True,0.815,107,1785272820,1785274873
26JUL27HUMMAR,Ugo Humbert,,,True,,113,1785239580,1785253927
26JUL27GIRHEW,Cruz Hewitt,0.66,0.67,True,0.165,109,1785264000,1785266471
26JUL27DAMSHE,Ben Shelton,0.89,0.9,True,0.735,101,1785264300,1785273079
26JUL27TIAATM,Frances Tiafoe,,,False,,117,1785189420,1785203763
26JUL27TABGRI,Alejandro Tabilo,0.6,0.61,True,0.405,77,1785165000,1785169303
26JUL27NISSHA,Juncheng Shang,0.74,0.75,False,0.575,96,1785186660,1785190884
26JUL27NAKETC,Brandon Nakashima,,,True,,119,1785255420,1785269761
26JUL27MANTIE,Adrian Mannarino,0.49,0.5,True,0.175,104,1785260760,1785263476
26JUL27MAJPAU,Kamil Majchrzak,0.62,0.64,True,0.215,110,1785251820,1785255670
26JUL27FRIBER,Taylor Fritz,0.92,0.93,True,0.805,71,1785177900,1785182509
26JUL27FILJOD,Rafael Jodar,,,True,,97,1785249780,1785264083
26JUL27DETSI,Alex de Minaur,0.71,0.73,True,0.555,63,1785345840,1785348657
26JUL27ARNMUS,Lorenzo Musetti,,,True,,91,1785162120,1785176489
26JUL26MAYPAS,Aidan Mayo,0.94,0.95,True,0.5375000000000001,108,1785118140,1785120372
26JUL26KWONWIN,Soonwoo Kwon,0.86,0.87,True,0.815,107,1785114780,1785118573
26JUL26HERMAG,Alex Hernandez,0.55,0.56,True,0.42,107,1785121500,1785124573
26JUL25KINMAY,Aidan Mayo,,,True,,66,1785034560,1785045654
26JUL26ZHELAN,Michael Zheng,0.75,0.79,True,0.5575000000000001,72,1785307200,1785310848
26JUL26WONBLA,Coleman Wong,,,True,,68,1785200100,1785213952
26JUL26SVRWAL,Adam Walton,0.94,0.95,False,0.6375,75,1785306600,1785310545
26JUL26SHIPAC,Sho Shimabukuro,0.72,0.73,False,0.545,101,1785288720,1785291679
26JUL26SHAHIJ,Rinky Hijikata,,,False,,99,1785286920,1785301281
26JUL26NORKOV,Cameron Norrie,0.88,0.89,True,0.585,65,1785206220,1785209155
26JUL26MARECH,Andres Martin,,,True,,68,1785070620,1785085012
26JUL26VANBLO,Luca Van Assche,0.82,0.83,True,0.415,80,1785083400,1785088000
26JUL26MCDSVA,Trevor Svajda,0.69,0.7,True,0.365,77,1785092160,1785094903
26JUL26GIRILA,Marcos Giron,,,True,,69,1785072720,1785087111
26JUL26SVAHEW,Zachary Svajda,0.98,0.99,False,0.87,85,1785080040,1785086795
26JUL26DAMSHE,Abdullah Shelbayh,,,False,,114,1785063540,1785077766
26JUL26VUKBOL,Aleksandar Vukic,0.93,0.94,True,0.705,77,1785075300,1785076903
26JUL25PASSMI,Colton Smith,0.72,0.75,False,0.72,118,1785044760,1785047462
26JUL25MEJHER,Alex Hernandez,,,True,,61,1785024660,1785039059
26JUL25KWONRUB,Soonwoo Kwon,0.92,0.93,True,0.8875,67,1785039300,1785041453
26JUL25BOYCLA,Tristan Boyer,,,True,,69,1785028320,1785042651
26JUL25TOBTOM,Miguel Tobon,0.47,0.48,False,0.28500000000000003,64,1785028320,1785031856
26JUL25MAGJOH,Garrett Johns,0.7,0.71,False,0.485,82,1785028500,1785030338
26JUL25ALVAWIN,Luis Carlos Alvarez Valdes,,,False,,85,1785017760,1785032135
26JUL25VUKDOU,Aleksandar Vukic,0.91,0.92,True,0.695,109,1784989320,1784991371
26JUL25SVAYME,Trevor Svajda,,,True,,64,1784994120,1785008456
26JUL25SVAKOZ,Zachary Svajda,0.94,0.96,True,0.835,114,1784993220,1784997666
26JUL25SHEHAR,Abdullah Shelbayh,0.69,0.7,True,0.385,88,1784998260,1785000692
26JUL25OCOMAR,Andres Martin,,,True,,61,1784996460,1785010859
26JUL25MCDBUT,Edas Butvilas,0.84,0.85,False,0.4125,70,1785008280,1785010250
26JUL25MCCBOL,Alex Bolt,,,True,,109,1784978700,1784992871
26JUL25LEEECH,Moez Echargui,0.95,0.96,True,0.7375,113,1785001020,1785003667
26JUL25ILABER,Andre Ilagan,0.69,0.7,True,0.33999999999999997,116,1784994600,1784997664
26JUL25GIRSHA,Marcos Giron,,,True,,73,1784990940,1785005147
26JUL25DAMCOP,Martin Damm Jr,0.98,0.99,True,0.705,104,1784989680,1784991076
26JUL25BLODAR,Luciano Darderi,0.86,0.87,False,0.615,98,1785005940,1785009682
26JUL25VANGAS,Luca Van Assche,,,True,,60,1784987460,1785001860
26JUL25BUBHAL,Quentin Halys,0.68,0.69,True,0.325,112,1784978160,1784980568
26JUL24FARDAR,Jaime Faria,,,False,,100,1784907360,1784921720
26JUL24RUBVAN,Andrey Rublev,0.88,0.89,False,0.805,117,1784899020,1784902503
26JUL24BUBETC,Alexander Bublik,0.91,0.92,True,0.625,111,1784894280,1784899509
26JUL24HANHAL,Quentin Halys,,,True,,92,1784878260,1784892628
26JUL24BURBLO,Alexander Blockx,0.7,0.71,True,0.495,106,1784908800,1784912114
26JUL24TORGAS,Hugo Gaston,0.9,0.91,True,0.685,91,1784892000,1784894429
26JUL23BUBMOL,Alexander Bublik,0.95,0.96,True,0.5974999999999999,96,1784817060,1784819424
26JUL23ETCBUS,Tomas Martin Etcheverry,,,True,,95,1784798820,1784813125
26JUL23HANBAE,Yannick Hanfmann,0.95,0.96,True,0.55,82,1784804280,1784807438
26JUL23NAVHAL,Quentin Halys,0.63,0.64,True,0.335,104,1784798340,1784801116
26JUL23FARBUE,Jaime Faria,,,True,,94,1784802060,1784816426
26JUL22MOLALT,Alex Molcan,,,True,,80,1784718060,1784732440
26JUL22JACBLO,Kyrian Jacquet,,,False,,82,1784732460,1784746838
26JUL22GASDRO,Hugo Gaston,,,True,,73,1784706360,1784720747
26JUL22FELBUS,Kilian Feldbausch,,,False,,90,1784709960,1784724330
26JUL22HALVAC,Quentin Halys,,,True,,115,1784700120,1784714465
26JUL22RUBSKA,Andrey Rublev,,,True,,96,1784811060,1784825424
26JUL22VANCAR,Luca Van Assche,0.55,0.58,True,0.3225,107,1784805120,1784807713
26JUL22STRNAV,Mariano Navone,,,True,,74,1784705340,1784719486
26JUL22MARDAR,Luciano Darderi,,,True,,94,1784817120,1784831426
26JUL22BUBDIA,Alexander Bublik,,,True,,79,1784718060,1784732441
26JUL21MERJAC,Daniel Merida,,,False,,81,1784629020,1784643339
26JUL21TABTOR,Tiago Torres,,,True,,78,1784726160,1784740542
26JUL21BORLUZ,Nuno Borges,,,True,,103,1784626380,1784640677
26JUL21BUEPER,Gonzalo Bueno,,,True,,118,1784620920,1784635262
26JUL21VALFEL,Kilian Feldbausch,,,True,,68,1784626860,1784641252
26JUL20DIACIN,Federico Cina,,,False,,105,1784541900,1784556075
26JUL19FELKOP,Kilian Feldbausch,,,True,,96,1784458200,1784472384
26JUL19DELDJE,Laslo Djere,,,True,,109,1784452020,1784466371
26JUL19PELBUE,Gonzalo Bueno,,,True,,81,1784448240,1784462499
26JUL19DROUGO,Titouan Droguet,,,True,,101,1784539320,1784553679
26JUL19FERVAN,Luca Van Assche,,,True,,118,1784550720,1784565062
26JUL19TORBAS,Tiago Torres,,,True,,100,1784534520,1784548880
26JUL19VANFAR,Jaime Faria,,,True,,89,1784642820,1784657191
26JUL19WAWBUR,Roman Andres Burruchaga,,,True,,78,1784632920,1784647242
26JUL19GAUCAR,Pablo Carreno Busta,,,True,,116,1784620920,1784635264
26JUL19LUZTAB,Orlando Luz,,,True,,68,1784456820,1784471152
26JUL19TSICOL,Stefanos Tsitsipas,,,True,,94,1784442420,1784456786
26JUL19JACDAN,Taro Daniel,,,True,,75,1784448060,1784461905
26JUL19CINGIU,Federico Cina,,,True,,78,1784453700,1784467902
26JUL18LUZTSE,Orlando Luz,,,True,,60,1784373360,1784385960
26JUL19ALTCOL,Daniel Altmaier,,,True,,82,1784634960,1784649338
26JUL19CERTRU,Marco Trungelliti,,,True,,100,1784614020,1784628080
26JUL19KOPBUS,Ignacio Buse,,,True,,118,1784547720,1784562062
26JUL19MOLOFN,Alex Molcan,,,True,,87,1784628600,1784642853
26JUL19MULNAV,Mariano Navone,,,True,,115,1784528280,1784542565
26JUL19STRSHE,Alexander Shevchenko,,,False,,61,1784612760,1784627159
26JUL18CINMIC,Federico Cina,,,True,,109,1784356320,1784370671
26JUL18HEIFEL,Kilian Feldbausch,,,True,,61,1784372520,1784386859
26JUL18DELRIB,Michele Ribecai,,,False,,99,1784374320,1784388681
26JUL18CORSAC,Vitaliy Sachko,,,True,,60,1784367660,1784382060
26JUL18KOPHER,Sandro Kopp,,,True,,108,1784380020,1784394372
26JUL18BUTTAB,Edas Butvilas,,,False,,117,1784361540,1784375763
26JUL18DANPRA,Taro Daniel,,,True,,108,1784363040,1784376672
26JUL18DOMSKA,Timofey Skatov,,,True,,98,1784374320,1784388682
26JUL18JACDA,Kyrian Jacquet,,,True,,169,1784361120,1784374871
26JUL18MARJOR,Pedro Martinez,,,True,,72,1784367360,1784381748
26JUL18ROCBUE,Gonzalo Bueno,,,True,,73,1784367840,1784381747
26JUL18SHETSI,Stefanos Tsitsipas,,,True,,112,1784364180,1784378528
26JUL18RUBTAB,Andrey Rublev,,,True,,75,1784373360,1784387745
26JUL18COLCER,Juan Manuel Cerundolo,,,False,,119,1784353920,1784368261
26JUL18VALDAR,Luciano Darderi,,,True,,70,1784362560,1784376950
26JUL17HALSHE,Alexander Shevchenko,,,True,,105,1784288160,1784301315
26JUL17DZUMOL,Alex Molcan,,,False,,100,1784305080,1784319380
26JUL17RUBBAE,Andrey Rublev,,,True,,107,1784282820,1784297113
26JUL17BURMER,Daniel Merida,,,True,,80,1784295060,1784309440
26JUL17CERRUU,Casper Ruud,,,False,,106,1784276760,1784291114
26JUL17BORDAR,Luciano Darderi,,,True,,89,1784277120,1784291431
26JUL17VALTRA,Adolfo Daniel Vallejo,,,True,,84,1784269260,1784283636
26JUL17COLVAC,Raphael Collignon,,,True,,83,1784266860,1784281237
26JUL16MOLDAV,Alejandro Davidovich Fokina,,,False,,105,1784220960,1784235315
26JUL16MERDRO,Daniel Merida,,,True,,77,1784198460,1784212843
26JUL16DZUARN,Damir Dzumhur,,,True,,77,1784208780,1784223043
26JUL16FARRUU,Jaime Faria,,,False,,67,1784191500,1784204453
26JUL16SHESTR,Alexander Shevchenko,,,True,,87,1784270460,1784284833
26JUL15VANDRO,Titouan Droguet,,,True,,99,1784127960,1784142321
26JUL15GOMARN,Matteo Arnaldi,,,True,,111,1784113380,1784127669
26JUL15PRADZU,Damir Dzumhur,,,True,,84,1784115060,1784129136
26JUL15COBBUR,Roman Andres Burruchaga,,,True,,64,1784123520,1784137916
26JUL15ETCMER,Daniel Merida,,,True,,110,1784114520,1784128870
26JUL15KYMTSI,Stefanos Tsitsipas,,,True,,75,1784122380,1784136645
26JUL14NEUPRA,Juan Carlos Prado Angelo,,,True,,118,1784041680,1784053862
26JUL15BORDIM,Nuno Borges,,,True,,118,1784106720,1784121062
26JUL15ALTDAR,Luciano Darderi,,,True,,66,1784119260,1784133654
26JUL15BUBHAL,Alexander Bublik,,,False,,80,1784206020,1784220340
26JUL15TRUDAV,Alejandro Davidovich Fokina,,,True,,76,1784121060,1784135444
26JUL15VANVAL,Botic Van de Zandschulp,,,False,,108,1784095920,1784110272
26JUL15TABMID,Alejandro Tabilo,,,True,,70,1784203260,1784217650
26JUL15CERKEC,Miomir Kecmanovic,,,False,,91,1784178960,1784193329
26JUL15HANVAC,Yannick Hanfmann,,,False,,81,1784114760,1784129139
26JUL14DIAMID,Facundo Diaz Acosta,,,False,,68,1784012340,1784026552
26JUL14VANDAN,Botic Van de Zandschulp,,,True,,63,1784017380,1784031657
26JUL14TRAKRU,Stefano Travaglia,,,True,,65,1784022660,1784037055
26JUL14CECBUR,Roman Andres Burruchaga,,,True,,76,1784033280,1784047544
26JUL14TOPUGO,Marko ToPo,,,False,,102,1784028720,1784043078
26JUL14RINTAB,Clement Tabur,,,False,,108,1784112180,1784126472
26JUL14CINHAL,Quentin Halys,,,True,,67,1784019360,1784033753
26JUL14KYMDIE,Jerome Kym,,,True,,71,1784016420,1784030749
26JUL13SANDAN,Taro Daniel,,,True,,93,1783931520,1783945887
26JUL13COLSKA,Timofey Skatov,,,False,,65,1783935960,1783950355
26JUL13MARMID,Lautaro Midon,,,True,,97,1783924020,1783938083
26JUL13PASKRU,Martin Krumich,,,True,,78,1783922580,1783936902
26JUL12CECOLI,Marco Cecchinato,,,True,,62,1783857120,1783871518
26JUL12GUEGOM,Federico Agustin Gomez,,,True,,93,1783858620,1783872987
26JUL12NEUTOP,Marko ToPo,,,True,,81,1783860120,1783874499
26JUL12DODCAR,Pablo Carreno Busta,,,True,,116,1784027100,1784041384
26JUL12DZUROC,Damir Dzumhur,,,True,,88,1783940580,1783954892
26JUL12JACTRU,Marco Trungelliti,,,True,,102,1783948680,1783962978
26JUL12KOPPRI,Dino Prizmic,,,True,,109,1783958340,1783972571
26JUL12LAJVAN,Dusan Lajovic,,,False,,88,1783948320,1783962692
26JUL12SESMER,Daniel Merida,,,True,,64,1784033640,1784048036
26JUL12BUEMAR,Igor Marcondes,,,True,,108,1783833780,1783848132
26JUL12CARSAN,Carlos Sanchez Jover,,,True,,79,1783853220,1783867601
26JUL12CORDAN,Taro Daniel,,,True,,110,1783847160,1783861330
26JUL12KRUFER,Martin Krumich,,,True,,82,1783835400,1783849598
26JUL12MOLFAU,Thomas Faurel,,,True,,84,1783849620,1783863696
26JUL12PASKAS,Francesco Passaro,,,True,,93,1783839780,1783854147
26JUL12REJMID,Lautaro Midon,,,True,,100,1783843860,1783857740
26JUL12SLADAM,Miguel Damas,,,True,,76,1783856640,1783870904
26JUL12DIEMON,Thiago Monteiro,,,False,,98,1783843380,1783857742
26JUL12CINHEM,Federico Cina,,,True,,117,1783835880,1783850223
26JUL12ALTGAS,Daniel Altmaier,,,True,,82,1784023920,1784038298
26JUL12BORKOU,Nuno Borges,,,True,,93,1784025600,1784039667
26JUL12CHOBAS,Nikoloz Basilashvili,,,True,,97,1784019720,1784033483
26JUL12DEJGAU,Jesper De Jong,,,True,,107,1783941420,1783955773
26JUL12OFNTIR,Thiago Agustin Tirante,,,True,,78,1784009100,1784023302
26JUL12SVRDIM,Grigor Dimitrov,,,True,,91,1784016120,1784030489
26JUL12CERKOL,Zdenek Kolar,,,False,,102,1784007180,1784021478
26JUL12FELKEC,Miomir Kecmanovic,,,True,,89,1783927320,1783941691
26JUL12MULSHE,Alexandre Muller,,,False,,68,1784029620,1784043712
26JUL12SONSCH,Lorenzo Sonego,,,True,,67,1783920840,1783935113
26JUL12STRMUN,Dominic Stricker,,,True,,86,1783945500,1783959814
26JUL12TSIBUS,Stefanos Tsitsipas,,,True,,61,1784026440,1784040659
26JUL12TABHUE,Clement Tabur,,,True,,105,1783836780,1783851135
26JUL11CECAJD,Marco Cecchinato,,,True,,118,1783770480,1783784822
26JUL11NEUPOL,Lukas Neumayer,,,True,,118,1783776540,1783790822
26JUL11DHASAC,Vitaliy Sachko,,,True,,62,1783771920,1783786318
26JUL11SKACHA,Timofey Skatov,,,True,,98,1783768680,1783782982
26JUL10FERZVE,Alexander Zverev,,,True,,113,1783676460,1783690807
26JUL08FRIZVE,Alexander Zverev,,,True,,109,1783509660,1783524011
26JUL08COBFER,Arthur Fery,,,True,,95,1783508460,1783522825
26JUL07SINSTR,Jannik Sinner,,,True,,112,1783415460,1783429808
26JUL07AUGDJO,Novak Djokovic,,,True,,107,1783433460,1783447813
26JUL06FRIBUB,Taylor Fritz,,,True,,119,1783346160,1783360501
26JUL06DIMFER,Arthur Fery,,,True,,98,1783339860,1783354222
26JUL06LEHZVE,Alexander Zverev,,,True,,91,1783355820,1783370189
26JUL06DECOB,Flavio Cobolli,,,True,,110,1783328760,1783343110
26JUL05HURSTR,Hubert Hurkacz,,,False,,70,1783254660,1783269050
26JUL05SINMOC,Jannik Sinner,,,True,,95,1783264320,1783278625
26JUL04DIMBER,Grigor Dimitrov,,,True,,84,1783173960,1783188336
26JUL04TIABUB,Frances Tiafoe,,,False,,73,1783174260,1783188647
26JUL04KHACOB,Karen Khachanov,,,False,,60,1783155660,1783170060
26JUL04DESVA,Alex de Minaur,,,True,,103,1783147920,1783162277
26JUL04BERFER,Zizou Bergs,,,False,,77,1783159560,1783173943
26JUL04FRISON,Lorenzo Sonego,,,False,,99,1783171560,1783185921
26JUL03JODMOC,Rafael Jodar,,,False,,102,1783070520,1783084878
26JUL03STRMED,Jan-Lennard Struff,,,True,,75,1783073760,1783088145
26JUL03RINDJO,Novak Djokovic,,,True,,91,1783071840,1783086089
26JUL03SAFFON,Roman Safiullin,,,True,,78,1783062120,1783076502
26JUL03DAVFUC,Alejandro Davidovich Fokina,,,True,,108,1783080120,1783094472
26JUL02DUCCOB,Flavio Cobolli,,,True,,78,1782991920,1783006302
26JUL02LEHMOL,Jiri Lehecka,,,True,,76,1782997320,1783011704
26JUL03HURPAU,Tommy Paul,,,False,,114,1783075320,1783089666
26JUL02BERFIL,Matteo Berrettini,,,True,,91,1782990120,1783004489
26JUL02MENDIM,Grigor Dimitrov,,,True,,102,1783000320,1783014678
26JUL02DIASON,Lorenzo Sonego,,,True,,91,1782981540,1782990389
26JUL02HALGIR,Marcos Giron,,,True,,97,1782987960,1783001783
26JUL02ROYZVE,Alexander Zverev,,,True,,101,1782989340,1783003579
26JUL02KHAHAN,Karen Khachanov,,,True,,97,1782992820,1783007183
26JUL02JACBUB,Alexander Bublik,,,True,,113,1783000020,1783014367
26JUL02FERVIR,Otto Virtanen,,,False,,93,1782977040,1782990387
26JUL01DEJFON,Joao Fonseca,,,True,,84,1782902640,1782916956
26JUL02SVAMAJ,Kamil Majchrzak,,,False,,96,1782982860,1782996384
26JUL01NAKSTR,Brandon Nakashima,,,False,,72,1782911520,1782925908
26JUL02DEMAN,Alex de Minaur,,,True,,115,1782977220,1782990125
26JUL01TSIDJO,Novak Djokovic,,,True,,65,1782919920,1782934315
26JUL01MEJZHE,Nicolas Mejia,,,False,,104,1782895920,1782910036
26JUL01DAVMAR,Alejandro Davidovich Fokina,,,True,,110,1782895380,1782909730
26JUL01RINDAM,Arthur Rinderknech,,,True,,101,1782900180,1782914539
26JUL01KWONPAU,Tommy Paul,,,True,,70,1782888540,1782902930
26JUL01SINBOR,Jannik Sinner,,,True,,82,1782898380,1782912758
26JUL01SAFVAN,Roman Safiullin,,,True,,96,1782898080,1782912444
26JUN30FRILAJ,Taylor Fritz,,,True,,68,1782809580,1782823972
26JUL01FUCTIE,Learner Tien,,,False,,96,1782891180,1782905544
26JUL01JODCAR,Pablo Carreno Busta,,,False,,80,1782916080,1782930400
26JUN30LLASVA,Zachary Svajda,,,True,,91,1782808740,1782823049
26JUN29ARNHAL,Matteo Arnaldi,,,False,,109,1782807600,1782821891
26JUN29AUGSHE,Felix Auger-Aliassime,,,True,,92,1782738060,1782752008
26JUN29BAUFON,Joao Fonseca,,,True,,113,1782728700,1782743047
26JUN29BONDIA,Benjamin Bonzi,,,False,,83,1782807960,1782822217
26JUN29CILMED,Daniil Medvedev,,,True,,82,1782733320,1782747698
26JUN29DAVCER,Alejandro Davidovich Fokina,,,True,,64,1782737040,1782751436
26JUN29DEJHIJ,Jesper De Jong,,,True,,110,1782744120,1782758290
26JUN29DZUFER,Damir Dzumhur,,,False,,81,1782808740,1782823059
26JUN29GASTSI,Stefanos Tsitsipas,,,True,,105,1782731100,1782745455
26JUN29GRIDUC,James Duckworth,,,True,,92,1782822240,1782836548
26JUN29HUMBER,Zizou Bergs,,,True,,93,1782812580,1782826647
26JUN29JODGIL,Rafael Jodar,,,True,,113,1782716100,1782730447
26JUN29KOKBUB,Thanasi Kokkinakis,,,False,,95,1782812520,1782826645
26JUN29KOPCHO,Jan Choinski,,,True,,87,1782827340,1782841653
26JUN29KOVVAN,Botic Van de Zandschulp,,,True,,61,1782716760,1782731159
26JUN29KWONLAN,Soonwoo Kwon,,,True,,68,1782732660,1782746992
26JUN29LEHPOP,Jiri Lehecka,,,True,,119,1782827940,1782842221
26JUN29MAJTAB,Kamil Majchrzak,,,True,,108,1782802560,1782816792
26JUN29MANDRO,Adrian Mannarino,,,True,,109,1782802440,1782816791
26JUN29MEDOFN,Hamad Medjedovic,,,False,,63,1782725700,1782738297
26JUN29MENSAM,Toby Samuel,,,False,,81,1782816360,1782830619
26JUN29MICFEA,Alex Michelsen,,,False,,90,1782807840,1782822210
26JUN29MOCBAS,Shintaro Mochizuki,,,True,,87,1782717360,1782731733
26JUN29MOLALT,Alex Molcan,,,True,,88,1782828240,1782842552
26JUN29MOUGIR,Corentin Moutet,,,False,,103,1782819780,1782833837
26JUN29MULPAU,Tommy Paul,,,True,,107,1782720900,1782735253
26JUN29MUNCER,Jaume Munar,,,True,,89,1782812940,1782827251
26JUN29NAKPIN,Brandon Nakashima,,,True,,69,1782743280,1782757671
26JUN29NAVCOB,Mariano Navone,,,False,,118,1782828840,1782843182
26JUN29QUIDAR,Ethan Quinn,,,True,,104,1782731700,1782745996
26JUN29RINTAR,Arthur Rinderknech,,,True,,109,1782729480,1782743651
26JUN29ROYWEN,Harry Wendelken,,,False,,79,1782802680,1782817061
26JUN29RUUHUR,Hubert Hurkacz,,,True,,69,1782724620,1782738831
26JUN29SHIFAR,Jaime Faria,,,True,,108,1782803160,1782817392
26JUN29SONETC,Lorenzo Sonego,,,True,,116,1782819000,1782833284
26JUN29SVRTIE,Learner Tien,,,True,,66,1782716040,1782730434
26JUN29TIAATM,Frances Tiafoe,,,True,,113,1782833100,1782847327
26JUN29TIRMAR,Fabian Marozsan,,,True,,73,1782734040,1782748427
26JUN29TRUDAM,Martin Damm Jr,,,True,,101,1782718020,1782732319
26JUN29VALMEJ,Adolfo Daniel Vallejo,,,False,,72,1782735420,1782749808
26JUN29VANFUC,Marton Fucsovics,,,True,,162,1782717480,1782731718
26JUN29WALPRI,Adam Walton,,,False,,76,1782730560,1782744824
26JUN29YIBDJO,Novak Djokovic,,,True,,115,1782744840,1782759185
26JUN26MARDAV,Fabian Marozsan,,,False,,76,1782477660,1782491984
26JUN26DRAHUM,Ugo Humbert,,,True,,75,1782479400,1782493785
26JUN26BERSAM,Toby Samuel,,,False,,104,1782469560,1782483856
26JUN26BORQUI,Ethan Quinn,,,True,,63,1782467100,1782481437
26JUN25BUDVIR,Nicolai Budkov Kjaer,,,False,,69,1782380760,1782395091
26JUN25MORKWON,Soonwoo Kwon,,,True,,106,1782380040,1782394274
26JUN25GAULAJ,Dusan Lajovic,,,False,,104,1782378060,1782390076
26JUN25FARSAK,Jaime Faria,,,True,,96,1782378120,1782392484
26JUN25DIMDAV,Alejandro Davidovich Fokina,,,True,,98,1782390720,1782405022
26JUN25GASECH,Hugo Gaston,,,True,,82,1782381960,1782396338
26JUN25LLABOY,Tristan Boyer,,,True,,74,1782371640,1782385906
26JUN25SAFKYM,Jerome Kym,,,False,,91,1782370740,1782384989
26JUN25CHOBER,Zizou Bergs,,,True,,66,1782378060,1782390954
26JUN25SWEBAR,Marcelo Tomas Barrios Vera,,,False,,64,1782370980,1782385316
26JUN25HUMHAL,Ugo Humbert,,,True,,77,1782387660,1782402043
26JUN25TARSAK,Oliver Tarvet,,,True,,107,1782378060,1782386173
26JUN25BASBER,Remy Bertola,,,False,,92,1782370680,1782384388
26JUN25MEJSCH,Nicolas Mejia,,,True,,75,1782374220,1782385905
26JUN25SAMCER,Toby Samuel,,,True,,63,1782370980,1782385317
26JUN25ZHOHAR,Yi Zhou,,,False,,66,1782369120,1782383514
26JUN25QUIKOP,Vit Kopriva,,,False,,80,1782367620,1782382000
26JUN24GILCHO,Jan Choinski,,,True,,106,1782303960,1782310934
26JUN25DARBOR,Nuno Borges,,,True,,104,1782378060,1782390676
26JUN24ALTBER,Zizou Bergs,,,True,,96,1782295500,1782309744
26JUN24FERCER,Juan Manuel Cerundolo,,,True,,92,1782290340,1782304648
26JUN24KOPBUS,Vit Kopriva,,,True,,118,1782286800,1782300782
26JUN24KECMAR,Fabian Marozsan,,,True,,78,1782383040,1782397242
26JUN24SHEDIM,Grigor Dimitrov,,,True,,101,1782304080,1782318379
26JUN24CASQUI,Ethan Quinn,,,True,,115,1782284880,1782298985
26JUN24DRAPIN,Jack Draper,,,True,,73,1782306720,1782321107
26JUN24MCDCAR,Mackenzie McDonald,,,True,,99,1782296760,1782309741
26JUN24GAUSEA,Vilius Gaubas,,,True,,118,1782305280,1782319622
26JUN24BASGEN,Max Basing,,,True,,99,1782285660,1782299301
26JUN24BERROD,Jurij Rodionov,,,False,,70,1782283980,1782298070
26JUN24BUDDOD,Nicolai Budkov Kjaer,,,True,,85,1782307740,1782321995
26JUN24MEJHEI,Nicolas Mejia,,,True,,106,1782285120,1782299294
26JUN24RODLAJ,Dusan Lajovic,,,True,,76,1782303660,1782315404
26JUN23SONKEC,Lorenzo Sonego,,,False,,119,1782203160,1782217441
26JUN24KYMHOL,Jerome Kym,,,True,,116,1782297660,1782311824
26JUN24CORSAK,Stefanos Sakellaridis,,,True,,71,1782284100,1782298069
26JUN24NARVIR,Otto Virtanen,,,True,,67,1782299520,1782313913
26JUN24TRAZHO,Yi Zhou,,,True,,110,1782285120,1782299290
26JUN23STRBOR,Nuno Borges,,,True,,118,1782203160,1782217442
26JUN24GALTAR,Oliver Tarvet,,,True,,84,1782291660,1782305556
26JUN24YMESKA,Timofey Skatov,,,True,,100,1782303600,1782316340
26JUN24MORMAY,Alejandro Moro Canas,,,True,,83,1782306540,1782320797
26JUN24ONCMOC,Shintaro Mochizuki,,,True,,97,1782284700,1782298403
26JUN24SMIECH,Moez Echargui,,,True,,83,1782299220,1782313597
26JUN23MARTAB,Fabian Marozsan,,,True,,116,1782197880,1782212044
26JUN23EVASCH,Tristan Schoolkate,,,True,,77,1782291360,1782304963
26JUN23GUEJAC,Kyrian Jacquet,,,True,,72,1782308160,1782322308
26JUN23KWONGEA,Arthur Gea,,,False,,81,1782305040,1782319299
26JUN23DOUSAK,Rei Sakamoto,,,True,,81,1782306420,1782320799
26JUN23GOJSMI,Colton Smith,,,True,,92,1782297000,1782310348
26JUN23GASCIN,Hugo Gaston,,,True,,64,1782298140,1782312416
26JUN22KECGHI,Antoine Ghibaudo,,,False,,67,1782130560,1782141893
26JUN23DJEZHE,Michael Zheng,,,True,,83,1782300120,1782314257
26JUN23FARPAV,Jaime Faria,,,True,,115,1782301380,1782315125
26JUN23SAFCOP,Roman Safiullin,,,True,,85,1782299940,1782314255
26JUN23PIRHAR,Billy Harris,,,True,,113,1782285900,1782298987
26JUN22GIRDRA,Jack Draper,,,True,,68,1782122760,1782137032
26JUN23DARHAN,Luciano Darderi,,,True,,119,1782219240,1782233581
26JUN23POLDIM,Grigor Dimitrov,,,True,,72,1782199920,1782213828
26JUN22MARMOL,Alex Molcan,,,False,,86,1782116460,1782130714
26JUN22ANDSMI,Colton Smith,,,True,,103,1782112020,1782125957
26JUN22BASYME,Nikoloz Basilashvili,,,False,,96,1782120840,1782134664
26JUN22BAXROD,Florent Bax,,,False,,103,1782129960,1782144317
26JUN22BOSJAC,Kyrian Jacquet,,,True,,66,1782117000,1782131394
26JUN22BOYOLI,Tristan Boyer,,,True,,106,1782124740,1782138914
26JUN22BRAGEA,Arthur Gea,,,True,,97,1782119280,1782133103
26JUN22BROHOL,August Holmgren,,,True,,94,1782126960,1782140666
26JUN22BUDREI,Nicolai Budkov Kjaer,,,True,,118,1782124380,1782138242
26JUN22BUTECH,Edas Butvilas,,,False,,98,1782118740,1782133102
26JUN22CADCIN,Federico Cina,,,True,,107,1782111660,1782125953
26JUN22CEBCAR,Roberto Carballes Baena,,,True,,63,1782131700,1782145437
26JUN22CECBAR,Marcelo Tomas Barrios Vera,,,True,,118,1782130740,1782144842
26JUN22CHIDOU,Aziz Dougaz,,,True,,113,1782112380,1782126607
26JUN22CLAPEL,Jay Clarke,,,False,,119,1782124680,1782138241
26JUN22COMMOR,Francisco Comesana,,,False,,70,1782117360,1782131390
26JUN22CORBON,Federico Coria,,,True,,95,1782126540,1782140665
26JUN22DENZHO,Yi Zhou,,,True,,73,1782123240,1782137627
26JUN22DIAGAL,Alexis Galarneau,,,True,,110,1782125160,1782139510
26JUN22DJEHOU,Laslo Djere,,,True,,111,1782111600,1782125949
26JUN22DODFER,Frederico Ferreira Silva,,,False,,74,1782129960,1782143686
26JUN22DRABER,Liam Draxl,,,False,,119,1782130740,1782144841
26JUN22FARGRE,Jaime Faria,,,True,,117,1782112320,1782126603
26JUN22GAUMMO,Michael Mmoh,,,False,,114,1782131700,1782146046
26JUN22GIUONC,Gauthier Onclin,,,True,,74,1782117660,1782131386
26JUN22GLICOP,Kimmer Coppejans,,,True,,114,1782112020,1782125946
26JUN22GOMTAB,Clement Tabur,,,True,,115,1782112020,1782125945
26JUN22GUEGOF,David Goffin,,,False,,76,1782117420,1782131384
26JUN22HERJUB,Paul Jubb,,,True,,97,1782134820,1782149063
26JUN22HSUSAK,Stefanos Sakellaridis,,,True,,86,1782117780,1782131914
26JUN22LAJPAV,Luka Pavlovic,,,True,,62,1782112260,1782126598
26JUN22MAEBAS,Francesco Maestrelli,,,False,,99,1782126300,1782140661
26JUN22MATSAK,Rei Sakamoto,,,True,,64,1782112200,1782126596
26JUN22MCDMEL,Mackenzie McDonald,,,True,,98,1782135240,1782149062
26JUN22MONSCH,Tristan Schoolkate,,,True,,104,1782118920,1782133096
26JUN22NAPHAR,Billy Harris,,,True,,119,1782112200,1782125941
26JUN22NEULAJ,Dusan Lajovic,,,True,,65,1782131160,1782145435
26JUN22NOGNAR,Luca Nardi,,,True,,63,1782127500,1782141897
26JUN22PRAEVA,Daniel Evans,,,True,,109,1782120420,1782134651
26JUN22SACMOC,Shintaro Mochizuki,,,True,,111,1782120960,1782134649
26JUN22SAIKWON,Soonwoo Kwon,,,True,,90,1782117720,1782131910
26JUN22SKABAR,Timofey Skatov,,,True,,84,1782117120,1782131376
26JUN22SMIFIC,Keegan Smith,,,True,,102,1782115320,1782129558
26JUN22SQUZHE,Michael Zheng,,,True,,111,1782111240,1782125409
26JUN22SWERON,Dane Sweeny,,,True,,134,1782125820,1782140086
26JUN22TARBOL,Oliver Tarvet,,,True,,107,1782118740,1782133093
26JUN22TRAMIK,Stefano Travaglia,,,True,,117,1782125160,1782139503
26JUN22UCHTOM,Bernard Tomic,,,True,,85,1782132300,1782146675
26JUN22WONGOJ,Borna Gojo,,,True,,116,1782113520,1782127744
26JUN22ZHASEA,Henry Searle,,,True,,67,1782131040,1782145433
26JUN22QUIROY,Ethan Quinn,,,True,,67,1782112200,1782126593
26JUN22TSIBUS,Ignacio Buse,,,True,,119,1782211140,1782225481
26JUN22BERMUN,Zizou Bergs,,,True,,115,1782139260,1782153545
26JUN22COLCER,Juan Manuel Cerundolo,,,True,,67,1782123300,1782137633
26JUN22HUMBEL,Ugo Humbert,,,True,,73,1782224640,1782239027
26JUN21HUSTRU,Giles Hussey,,,True,,102,1782036480,1782050778
26JUN21STEVUK,Aleksandar Vukic,,,True,,111,1782025680,1782040029
26JUN21HANVAL,Yannick Hanfmann,,,True,,116,1782049260,1782063604
26JUN21BORMAN,Nuno Borges,,,True,,61,1782028020,1782042419
26JUN21NAVSON,Lorenzo Sonego,,,True,,117,1782037260,1782051423
26JUN21SHEPOL,Marc Polmans,,,True,,87,1782034320,1782048393
26JUN21SVADZU,Damir Dzumhur,,,True,,94,1782031380,1782045746
26JUN21ARNSAM,Toby Samuel,,,False,,89,1782035220,1782049351
26JUN21MOLCAS,Alex Molcan,,,True,,64,1782024480,1782038816
26JUN21WALGHI,Adam Walton,,,True,,72,1782027180,1782041568
26JUN20ALTTIA,Frances Tiafoe,,,True,,94,1781960520,1781974886
26JUN20MOLSES,Alex Molcan,,,True,,68,1781935380,1781949772
26JUN20KUKDZU,Damir Dzumhur,,,True,,84,1781947740,1781961096
26JUN20WALBON,Adam Walton,,,True,,92,1781940840,1781953588
26JUN20PAUHUM,Tommy Paul,,,True,,76,1781956920,1781971304
26JUN20SAMHAL,Toby Samuel,,,True,,91,1781938080,1781952389
26JUN20NAVSTE,Emilio Nava,,,False,,98,1781951220,1781965582
26JUN20WENVUK,Aleksandar Vukic,,,True,,117,1781948100,1781962323
26JUN20DUCHUS,Giles Hussey,,,True,,106,1781958120,1781972474
26JUN20NAKCER,Brandon Nakashima,,,False,,86,1781947380,1781961694
26JUN20ZVEFRI,Alexander Zverev,,,False,,113,1781951580,1781965927
26JUN19HUMHIJ,Ugo Humbert,,,True,,106,1781877780,1781892134
26JUN19ZVECOL,Alexander Zverev,,,True,,105,1781862960,1781877315
26JUN19PAUDAV,Tommy Paul,,,True,,68,1781875080,1781889412
26JUN19SHEFRI,Ben Shelton,,,False,,108,1781851320,1781865672
26JUN19FERCER,Francisco Cerundolo,,,True,,81,1781866560,1781880939
26JUN19ALTMED,Daniel Altmaier,,,True,,81,1781871300,1781885139
26JUN18SHEQUI,Ben Shelton,,,True,,94,1781771280,1781784086
26JUN18MARFRI,Taylor Fritz,,,True,,73,1781763420,1781777747
26JUN18HIJLEH,Jiri Lehecka,,,False,,113,1781785980,1781800267
26JUN18MOUDAV,Alejandro Davidovich Fokina,,,True,,116,1781769660,1781782864
26JUN18ZVEHAN,Alexander Zverev,,,True,,82,1781778420,1781792738
26JUN17MEDHUM,Hamad Medjedovic,,,False,,114,1781795520,1781809866
26JUN17BROCER,Francisco Cerundolo,,,True,,117,1781698920,1781713263
26JUN17NAKBUS,Brandon Nakashima,,,True,,85,1781681700,1781695895
26JUN17TIASHI,Frances Tiafoe,,,True,,112,1781684520,1781698868
26JUN17HURALT,Hubert Hurkacz,,,False,,110,1781691720,1781706070
26JUN17SHESON,Ben Shelton,,,True,,117,1781687340,1781701563
26JUN17COLBEL,Mattia Bellucci,,,False,,110,1781785320,1781799670
26JUN17PAUVAN,Tommy Paul,,,True,,74,1781776260,1781790646
26JUN17TIEAUG,Learner Tien,,,False,,67,1781693760,1781708153
26JUN16BUSGIR,Marcos Giron,,,False,,110,1781595420,1781609530
26JUN16BELBUB,Mattia Bellucci,,,True,,63,1781592120,1781606517
26JUN16POPCOL,Raphael Collignon,,,True,,89,1781591580,1781605951
26JUN15ATMLAN,Terence Atmane,,,True,,111,1781511960,1781526189
26JUN15BASALT,Daniel Altmaier,,,True,,83,1781510820,1781525197
26JUN15VANWEN,Botic Van de Zandschulp,,,True,,77,1781510580,1781524963
26JUN15BRODAM,Jenson Brooksby,,,True,,104,1781605740,1781619736
26JUN15KOVCER,Francisco Cerundolo,,,True,,115,1781604780,1781619125
26JUN15PAUSVA,Tommy Paul,,,True,,108,1781518980,1781533332
26JUN14KOVMPE,Giovanni Mpetshi Perricard,,,True,,92,1781429880,1781444248
26JUN14BELBOL,Alex Bolt,,,False,,113,1781433720,1781446927
26JUN14LANGEN,Martin Landaluce,,,True,,78,1781429340,1781443602
26JUN14VUKWEN,Harry Wendelken,,,True,,103,1781425920,1781439437
26JUN14SVADAM,Martin Damm Jr,,,True,,117,1781423580,1781437623
26JUN14SONBAS,Nikoloz Basilashvili,,,True,,79,1781424360,1781438561
26JUN14BERFRI,Taylor Fritz,,,True,,67,1781678220,1781692553
26JUN14COBTIA,Frances Tiafoe,,,True,,73,1781524320,1781538707
26JUN14FONHAN,Yannick Hanfmann,,,True,,98,1781596380,1781610742
26JUN14GRISHI,Sho Shimabukuro,,,True,,109,1781597220,1781611571
26JUN14KHAQUI,Karen Khachanov,,,False,,82,1781591580,1781605958
26JUN14MARKEC,Fabian Marozsan,,,True,,91,1781605020,1781619389
26JUN14SCHTIE,Learner Tien,,,True,,86,1781504280,1781518654
26JUN14DEDIA,Alex de Minaur,,,True,,75,1781611920,1781626305
26JUN14HUMCIL,Ugo Humbert,,,True,,68,1781613360,1781627752
26JUN14MENMAN,Jakub Mensik,,,False,,108,1781595180,1781609532
26JUN14NORDAV,Alejandro Davidovich Fokina,,,True,,102,1781619480,1781633778
26JUN14RINMED,Hamad Medjedovic,,,True,,117,1781613060,1781627283
26JUN13MAJMED,Kamil Majchrzak,,,True,,108,1781354340,1781368572
26JUN13SHELEH,Jiri Lehecka,,,False,,99,1781350560,1781361381
26JUN13BELKUK,Mattia Bellucci,,,True,,98,1781347080,1781361382
26JUN13COLDOU,Raphael Collignon,,,True,,98,1781346720,1781358982
26JUN13DEDBAS,Nikoloz Basilashvili,,,True,,73,1781334120,1781348507
26JUN13MACBOL,Jamie Mackenzie,,,False,,70,1781335920,1781350310
26JUN13SANBAU,Roberto Bautista Agut,,,True,,92,1781339700,1781353288
26JUN13BUBFRI,Taylor Fritz,,,True,,94,1781338980,1781353286
26JUN13MANDE,Alex de Minaur,,,True,,76,1781347620,1781362004
26JUN12BELFRI,Mattia Bellucci,,,False,,81,1781267100,1781281419
26JUN12ZHAMAN,Adrian Mannarino,,,True,,99,1781247360,1781261721
26JUN12BONDE,Alex de Minaur,,,True,,68,1781257260,1781271652
26JUN11AUGFUC,Felix Auger-Aliassime,,,True,,74,1781170860,1781185246
26JUN11GRIZHA,Zhizhen Zhang,,,True,,117,1781168460,1781179263
26JUN11MAJMCC,Kamil Majchrzak,,,True,,77,1781164980,1781177743
26JUN11MEDBOO,Daniil Medvedev,,,True,,77,1781175960,1781190343
26JUN11SHIKYR,Nick Kyrgios,,,False,,71,1781169060,1781183449
26JUN10HIJTIA,Frances Tiafoe,,,True,,74,1781163840,1781177746
26JUN10LEHDUC,James Duckworth,,,False,,116,1781164980,1781179264
26JUN10STRBUB,Alexander Bublik,,,True,,98,1781096520,1781110882
26JUN10MANRIN,Adrian Mannarino,,,True,,107,1781168460,1781179873
26JUN10DAMDE,Alex de Minaur,,,True,,117,1781093820,1781108163
26JUN10BELHAN,Mattia Bellucci,,,True,,99,1781072220,1781086581
26JUN10SHEGIR,Marcos Giron,,,False,,98,1781188380,1781202682
26JUN10HUMBON,Benjamin Bonzi,,,True,,112,1781157420,1781171768
26JUN09HALSHI,Sho Shimabukuro,,,True,,116,1780986780,1781001124
26JUN09STRGAL,Jan-Lennard Struff,,,True,,110,1780995480,1781009770
26JUN08BONROT,Benjamin Bonzi,,,True,,112,1780903440,1780917728
26JUN08HUMYME,Ugo Humbert,,,True,,82,1780922820,1780937198
26JUN08HERLAN,Pierre-Hugues Herbert,,,False,,88,1780907940,1780922192
26JUN08BAUGIR,Marcos Giron,,,True,,68,1780985520,1780999912
26JUN08DAVBEL,Mattia Bellucci,,,True,,74,1780897920,1780912306
26JUN08DEDDUC,James Duckworth,,,True,,65,1781008320,1781022715
26JUN08HANKOV,Yannick Hanfmann,,,True,,91,1780986000,1781000189
26JUN08BORATM,Nuno Borges,,,True,,71,1780897980,1780912309
26JUN08DIAMAN,Adrian Mannarino,,,True,,92,1780987320,1781001688
26JUN08HURFUC,Hubert Hurkacz,,,False,,83,1781004780,1781019097
26JUN08VIRMAJ,Otto Virtanen,,,False,,73,1781071560,1781085947
26JUN08ZHABRO,Zhizhen Zhang,,,True,,66,1780994040,1781008314
26JUN07BONTOM,Bernard Tomic,,,False,,117,1780823340,1780837623
26JUN07ALKHER,Pierre-Hugues Herbert,,,True,,76,1780820220,1780834604
26JUN07VISYME,Elias Ymer,,,True,,86,1780817160,1780831354
26JUN07GENHIJ,Tom Gentzsch,,,False,,119,1780999680,1781013961
26JUN07KYRMOU,Nick Kyrgios,,,True,,85,1781014320,1781028695
26JUN07SHIROD,Sho Shimabukuro,,,True,,85,1780812780,1780827155
26JUN06SAKALK,Mert Alkaya,,,True,,110,1780746360,1780754170
26JUN06BONPOL,Benjamin Bonzi,,,True,,94,1780742280,1780756586
26JUN06DECTOM,Bernard Tomic,,,True,,64,1780738200,1780752356
26JUN06LOOFIC,Juan Pablo Ficovich,,,True,,88,1780727640,1780741352
26JUN06WONMCC,Coleman Wong,,,False,,112,1780740000,1780753928
26JUN06BASHUE,Marc-Andrea Huesler,,,True,,76,1780724580,1780738964
26JUN06CASROD,Jurij Rodionov,,,True,,76,1780730040,1780744004
26JUN06SHISAK,Sho Shimabukuro,,,True,,106,1780731240,1780745534
26JUN06HERGLI,Pierre-Hugues Herbert,,,True,,84,1780735980,1780750296
26JUN06HSUGAL,Yu Hsiou Hsu,,,False,,110,1780736820,1780751170
26JUN06SAFBAR,Petr Bar Biryukov,,,False,,86,1780745820,1780759894
26JUN05MENZVE,Alexander Zverev,,,True,,119,1780653120,1780667461
26JUN03AUGCOB,Felix Auger-Aliassime,,,False,,100,1780485780,1780500140
26JUN02JODZVE,Alexander Zverev,,,True,,92,1780394760,1780409128
26JUN01TIAARN,Matteo Arnaldi,,,True,,82,1780326120,1780340498
26JUN01CERBER,Matteo Berrettini,,,True,,81,1780312920,1780327299
26JUN01COBSVA,Flavio Cobolli,,,True,,63,1780293720,1780308117
26MAY31DEJZVE,Alexander Zverev,,,True,,96,1780224720,1780239084
26MAY31RUUFON,Joao Fonseca,,,True,,81,1780241520,1780255899
26MAY31MENRUB,Jakub Mensik,,,True,,100,1780237020,1780251380
26MAY30ARNCOL,Matteo Arnaldi,,,True,,93,1780141740,1780155987
26MAY30BERCOM,Matteo Berrettini,,,True,,119,1780130580,1780144921
26MAY30CERLAN,Juan Manuel Cerundolo,,,True,,62,1780133160,1780147558
26MAY30FARTIA,Jaime Faria,,,False,,89,1780153980,1780168291
26MAY30KOUTAB,Moise Kouame,,,False,,107,1780139820,1780154173
26MAY30COBTIE,Flavio Cobolli,,,True,,94,1780123620,1780137986
26MAY29RUUPAU,Tommy Paul,,,False,,94,1780060680,1780075046
26MAY29HALZVE,Alexander Zverev,,,True,,87,1780072500,1780086873
26MAY29FONDJO,Novak Djokovic,,,False,,102,1780052100,1780066458
26MAY29MICJOD,Rafael Jodar,,,True,,85,1780042020,1780056395
26MAY29BORRUB,Andrey Rublev,,,True,,119,1780034700,1780049041
26MAY29KHADEJ,Jesper De Jong,,,True,,107,1780053180,1780067533
26MAY28SINCER,Jannik Sinner,,,False,,110,1779951360,1779965590
26MAY28STRFAR,Jaime Faria,,,True,,102,1779948840,1779963198
26MAY28LANKOP,Vit Kopriva,,,False,,68,1779958860,1779972532
26MAY28DIATIE,Learner Tien,,,True,,96,1779948360,1779962664
26MAY28VALKOU,Moise Kouame,,,True,,101,1779948300,1779962659
26MAY28ARNTSI,Matteo Arnaldi,,,True,,98,1779980700,1779995002
26MAY28SVAWAL,Zachary Svajda,,,True,,117,1779947340,1779961683
26MAY27RUUMED,Casper Ruud,,,True,,76,1779896280,1779910664
26MAY27COLSHE,Raphael Collignon,,,True,,114,1779978840,1779993186
26MAY27SONPAU,Tommy Paul,,,True,,86,1779893040,1779907414
26MAY27KOKCAR,Pablo Carreno Busta,,,True,,84,1779877740,1779892116
26MAY27HUMHAL,Quentin Halys,,,True,,114,1779880560,1779894846
26MAY27NAVMEN,Jakub Mensik,,,True,,100,1779869820,1779884120
26MAY27CINDEJ,Jesper De Jong,,,True,,98,1779861960,1779876322
26MAY27DUCJOD,Rafael Jodar,,,True,,67,1779878940,1779893333
26MAY27BASMIC,Alex Michelsen,,,True,,61,1779881700,1779896099
26MAY27FONPRI,Dino Prizmic,,,False,,113,1779885300,1779899647
26MAY27BORKEC,Miomir Kecmanovic,,,False,,64,1779876840,1779891236
26MAY27MACZVE,Alexander Zverev,,,True,,106,1779895140,1779909494
26MAY27DAVTIR,Alejandro Davidovich Fokina,,,False,,88,1779861360,1779875672
26MAY25WAWDEJ,Jesper De Jong,,,True,,107,1779695760,1779710113
26MAY24DIAZHA,Facundo Diaz Acosta,,,True,,70,1779782760,1779797150
26MAY24FAUVAC,Valentin Vacherot,,,True,,106,1779781920,1779796214
26MAY24RINROD,Arthur Rinderknech,,,True,,83,1779690960,1779705337
26MAY25BLOWON,Alexander Blockx,,,True,,112,1779625740,1779639968
26MAY25CINOPE,Reilly Opelka,,,False,,72,1779615060,1779629448
26MAY25DELROY,Valentin Royer,,,True,,84,1779635220,1779649596
26MAY25FONPAV,Joao Fonseca,,,True,,96,1779626280,1779640584
26MAY25LLATIR,Thiago Agustin Tirante,,,True,,107,1779602520,1779616873
26MAY25NAVUGO,Camilo Ugo Carabelli,,,True,,79,1779704460,1779718841
26MAY25RUUSAF,Casper Ruud,,,True,,88,1779709500,1779723872
26MAY25SONHER,Lorenzo Sonego,,,True,,73,1779636360,1779650747
26MAY25ZHEPRI,Dino Prizmic,,,True,,82,1779617280,1779631658
26MAY25AUGALT,Daniel Altmaier,,,False,,81,1779803520,1779817839
26MAY25BAUNAK,Brandon Nakashima,,,True,,95,1779695760,1779710125
26MAY25CERVAN,Francisco Cerundolo,,,True,,75,1779711000,1779725385
26MAY25CILKOU,Moise Kouame,,,True,,87,1779777060,1779791433
26MAY25COLVUK,Raphael Collignon,,,True,,73,1779709920,1779724187
26MAY25FEACER,Juan Manuel Cerundolo,,,True,,108,1779799740,1779813972
26MAY25FUCBER,Marton Fucsovics,,,False,,83,1779690060,1779704377
26MAY25GARTIE,Learner Tien,,,True,,68,1779788160,1779802552
26MAY25GRIARN,Tallon Griekspoor,,,False,,91,1779777060,1779791429
26MAY25MERSHE,Ben Shelton,,,True,,111,1779714600,1779728949
26MAY25MULTSI,Stefanos Tsitsipas,,,True,,90,1779783960,1779798330
26MAY25MUNHUR,Hubert Hurkacz,,,True,,67,1779703560,1779717953
26MAY25NORVAL,Adolfo Daniel Vallejo,,,True,,107,1779787560,1779801913
26MAY25POPSVA,Alexei Popyrin,,,False,,99,1779774420,1779788781
26MAY25SINTAB,Jannik Sinner,,,True,,68,1779808140,1779822532
26MAY25TABMAJ,Alejandro Tabilo,,,True,,102,1779774420,1779788778
26MAY25YIBGIR,Yibing Wu,,,True,,92,1779714060,1779728428
26MAY22TIEBUB,Learner Tien,,,True,,81,1779446160,1779460539
26MAY22DEPAU,Alex de Minaur,,,False,,79,1779453420,1779467801
26MAY22RUUNAV,Mariano Navone,,,True,,103,1779441120,1779455477
26MAY24BONZVE,Alexander Zverev,,,True,,101,1779613500,1779627739
26MAY24BUSRUB,Andrey Rublev,,,True,,116,1779707520,1779721804
26MAY24CARLEH,Pablo Carreno Busta,,,True,,94,1779688260,1779702626
26MAY24DROMEN,Jakub Mensik,,,True,,98,1779614880,1779629182
26MAY24ETCBOR,Nuno Borges,,,True,,102,1779616560,1779630378
26MAY24FRIBAS,Nishesh Basavareddy,,,True,,103,1779626040,1779640277
26MAY24HALBEL,Quentin Halys,,,True,,104,1779625680,1779639976
26MAY24HIJPAU,Rinky Hijikata,,,False,,65,1779706680,1779720895
26MAY24KECMAR,Miomir Kecmanovic,,,True,,91,1779603480,1779617849
26MAY24KOKATM,Terence Atmane,,,False,,92,1779698820,1779713188
26MAY24KOVJOD,Rafael Jodar,,,True,,99,1779694860,1779708981
26MAY24MACBER,Tomas Machac,,,True,,108,1779610320,1779624672
26MAY24MPEDJO,Giovanni Mpetshi Perricard,,,False,,119,1779636420,1779650761
26MAY24SHEMIC,Alex Michelsen,,,True,,91,1779687600,1779701969
26MAY21DARDE,Alex de Minaur,,,True,,101,1779376500,1779390859
26MAY21RINBUB,Arthur Rinderknech,,,False,,63,1779376680,1779391077
26MAY21KOVUGO,Aleksandar Kovacevic,,,True,,102,1779365160,1779379458
26MAY22BLAPAV,Luka Pavlovic,,,True,,60,1779442560,1779456960
26MAY22GAULLA,Pablo Llamas Ruiz,,,True,,76,1779433620,1779448004
26MAY22NAVMAR,Emilio Nava,,,True,,88,1779440160,1779454532
26MAY22CARDEL,Hugo Dellien,,,True,,98,1779429600,1779443962
26MAY22GENSAF,Roman Safiullin,,,True,,79,1779438240,1779452501
26MAY22GILJAC,Kyrian Jacquet,,,True,,112,1779449280,1779463628
26MAY22GOJROD,Jurij Rodionov,,,True,,105,1779430560,1779444915
26MAY21BUSHUM,Ignacio Buse,,,True,,63,1779348900,1779361977
26MAY21WONPRA,Juan Carlos Prado Angelo,,,True,,78,1779355980,1779370362
26MAY21GALCIN,Alexis Galarneau,,,False,,106,1779354060,1779367634
26MAY21POPRUU,Casper Ruud,,,True,,108,1779356580,1779370932
26MAY21PAUALT,Tommy Paul,,,True,,90,1779358140,1779372510
26MAY21NAVMUN,Mariano Navone,,,True,,113,1779350820,1779364987
26MAY21SVRFAU,Thomas Faurel,,,True,,96,1779352560,1779366144
26MAY21HOLDIA,August Holmgren,,,False,,62,1779344100,1779358378
26MAY20BUDGEN,Tom Gentzsch,,,True,,104,1779279480,1779293836
26MAY20SCHBLA,Darwin Blanch,,,True,,105,1779284280,1779298635
26MAY20RINDJE,Laslo Djere,,,False,,104,1779274260,1779288196
26MAY20PAVBAR,Luka Pavlovic,,,True,,104,1779279960,1779293596
26MAY20NAVSEY,Emilio Nava,,,True,,108,1779278340,1779292632
26MAY20FERMAR,Pedro Martinez,,,True,,71,1779276240,1779290629
26MAY20SCHSAF,Roman Safiullin,,,True,,105,1779279660,1779293595
26MAY20FATJAC,Nerman Fatic,,,False,,110,1779275100,1779289450
26MAY20HUMKHA,Ugo Humbert,,,True,,71,1779270360,1779284029
26MAY20ROCGOJ,Borna Gojo,,,True,,107,1779272700,1779286993
26MAY20DODDEL,Hugo Dellien,,,True,,91,1779273540,1779287849
26MAY19DJEDUC,Laslo Djere,,,True,,116,1779201960,1779216304
26MAY20AUGKOV,Felix Auger-Aliassime,,,False,,110,1779260400,1779274690
26MAY20DARHAN,Luciano Darderi,,,True,,108,1779295440,1779309792
26MAY20WONKOL,Coleman Wong,,,True,,81,1779269940,1779284259
26MAY20FRIPOP,Alexei Popyrin,,,True,,84,1779263220,1779277416
26MAY20BUSMEN,Ignacio Buse,,,True,,98,1779263640,1779278002
26MAY20HEIROD,Jurij Rodionov,,,True,,65,1779266940,1779281275
26MAY19BLASKA,Darwin Blanch,,,True,,115,1779203220,1779217565
26MAY20WAWMIC,Alex Michelsen,,,True,,118,1779281880,1779296222
26MAY20GAUREI,Joao Lucas Reis Da Silva,,,False,,71,1779276960,1779291289
26MAY20MORNEU,Lukas Neumayer,,,True,,82,1779263100,1779277418
26MAY19BLALLA,Pablo Llamas Ruiz,,,True,,91,1779261420,1779275669
26MAY19BOSGAL,Pedro Boscardin Dias,,,False,,112,1779266820,1779281048
26MAY19GASKHA,Hugo Gaston,,,False,,102,1779186120,1779200418
26MAY20SVRGOM,Dalibor Svrcina,,,True,,102,1779254220,1779268518
26MAY19SAMGOF,David Goffin,,,False,,104,1779262500,1779276856
26MAY19TSITIE,Learner Tien,,,True,,73,1779255900,1779270287
26MAY19DIABER,Facundo Diaz Acosta,,,True,,77,1779253200,1779267583
26MAY19PAUETC,Tomas Martin Etcheverry,,,False,,111,1779197760,1779212109
26MAY19HOLJAD,August Holmgren,,,True,,82,1779252300,1779266678
26MAY19UGOTIA,Camilo Ugo Carabelli,,,True,,66,1779276480,1779290634
26MAY19ZHETRA,Michael Zheng,,,True,,80,1779253200,1779267580
26MAY19DEJDRA,Liam Draxl,,,False,,107,1779253800,1779267913
26MAY19KOVGEA,Aleksandar Kovacevic,,,True,,82,1779175020,1779189398
26MAY19PELHAR,Lloyd Harris,,,False,,83,1779252300,1779266677
26MAY19NORNAV,Mariano Navone,,,True,,101,1779256740,1779271099
26MAY18ALTHIJ,Daniel Altmaier,,,True,,104,1779103440,1779117736
26MAY18GIRSHE,Ben Shelton,,,True,,100,1779105600,1779119900
26MAY18BASMUN,Jaume Munar,,,True,,108,1779180060,1779194412
26MAY18ROYCOM,Valentin Royer,,,False,,109,1779089400,1779103751
26MAY18CHOAND,Jan Choinski,,,True,,63,1779191460,1779205857
26MAY18BASBOS,Pedro Boscardin Dias,,,True,,70,1779103020,1779117410
26MAY18BERMOC,Shintaro Mochizuki,,,False,,94,1779088260,1779102626
26MAY18BROBLA,Charles Broom,,,False,,105,1779109200,1779123135
26MAY18BROCAD,Gianluca Cadenasso,,,True,,114,1779196620,1779210606
26MAY18BUDARN,Gilles Arnaud Bailly,,,False,,104,1779201960,1779216316
26MAY18BUEBAX,Gonzalo Bueno,,,True,,85,1779106980,1779121355
26MAY18CINWAT,Federico Cina,,,True,,92,1779105180,1779119428
26MAY18CLASWE,Jay Clarke,,,True,,98,1779094440,1779108562
26MAY18CUEDEL,Hugo Dellien,,,True,,117,1779178680,1779193023
26MAY18DEJSUN,Jesper De Jong,,,True,,117,1779081600,1779095943
26MAY18DIAOCO,Facundo Diaz Acosta,,,True,,101,1779092460,1779106759
26MAY18DODZHO,Yi Zhou,,,False,,81,1779177720,1779192039
26MAY18DOUGIL,Felix Gill,,,True,,100,1779187860,1779202220
26MAY18EVAJAD,Daniel Jade,,,True,,99,1779086640,1779101001
26MAY18FATMIK,Nerman Fatic,,,True,,98,1779195600,1779209722
26MAY18FICTRA,Stefano Travaglia,,,True,,118,1779080640,1779094982
26MAY18GHIZHE,Michael Zheng,,,True,,80,1779080940,1779095320
26MAY18GIUJAC,Kyrian Jacquet,,,True,,71,1779188460,1779202789
26MAY18GOFTSE,David Goffin,,,True,,104,1779095700,1779109336
26MAY18GOJGUE,Borna Gojo,,,True,,116,1779171600,1779185944
26MAY18GREHAR,Lloyd Harris,,,True,,100,1779079860,1779094100
26MAY18HEIADD,Gustavo Heide,,,True,,61,1779172680,1779186659
26MAY18HOUCEC,Marco Cecchinato,,,True,,62,1779095700,1779110098
26MAY18LAJSAF,Roman Safiullin,,,True,,66,1779191700,1779205854
26MAY18MAYBAR,Marcelo Tomas Barrios Vera,,,True,,103,1779197940,1779212117
26MAY18MCCKOL,Zdenek Kolar,,,True,,65,1779172740,1779187015
26MAY18MEJLLA,Pablo Llamas Ruiz,,,True,,116,1779108780,1779123124
26MAY18MIDCAR,Roberto Carballes Baena,,,True,,104,1779178620,1779192376
26MAY18MOLCRA,Oliver Crawford,,,False,,114,1779176340,1779190686
26MAY18NEUBOL,Lukas Neumayer,,,True,,78,1779106740,1779121002
26MAY18PAVWEN,Harry Wendelken,,,False,,63,1779200100,1779214497
26MAY18PELMAN,Andrea Pellegrino,,,True,,76,1779080400,1779094784
26MAY18PRAMCD,Juan Carlos Prado Angelo,,,True,,118,1779102540,1779116882
26MAY18REIHEM,Joao Lucas Reis Da Silva,,,True,,79,1779115200,1779128921
26MAY18RODLAJ,Jurij Rodionov,,,True,,63,1779171540,1779185937
26MAY18SACPIN,Jack Pinnington Jones,,,False,,68,1779110940,1779125212
26MAY18SAKMAR,Pedro Martinez,,,True,,102,1779193560,1779207918
26MAY18SCHCHI,Joel Schwaerzler,,,True,,66,1779196020,1779210414
26MAY18SCHCOP,Tristan Schoolkate,,,True,,108,1779202320,1779216312
26MAY18SEYHSU,Thiago Seyboth Wild,,,True,,83,1779195060,1779209437
26MAY18SHISAK,Sho Shimabukuro,,,False,,119,1779085260,1779099541
26MAY18SMIGUI,Colton Smith,,,True,,72,1779172620,1779187008
26MAY18TOMECH,Moez Echargui,,,False,,71,1779111000,1779125209
26MAY18WONHAR,Coleman Wong,,,True,,70,1779172440,1779186650
26MAY18YMEFER,Arthur Fery,,,True,,102,1779197820,1779211818
26MAY18BRAWAW,Stan Wawrinka,,,True,,92,1779108900,1779122788
26MAY17BRATAB,Raul Brancaccio,,,False,,84,1779003240,1779017256
26MAY17FELBAS,Nishesh Basavareddy,,,True,,113,1778997540,1779011887
26MAY17BUSGAS,Ignacio Buse,,,True,,109,1779000540,1779014891
26MAY17DUCBUT,Edas Butvilas,,,True,,113,1778997240,1779011587
26MAY17HIJSQU,Henri Squire,,,False,,114,1779000780,1779014886
26MAY17GIRSCH,Marcos Giron,,,False,,114,1779000600,1779014586
26MAY17ATMETC,Tomas Martin Etcheverry,,,True,,103,1779096420,1779110117
26MAY17AUGKOP,Felix Auger-Aliassime,,,True,,87,1779181740,1779196053
26MAY17CERDE,Francisco Cerundolo,,,False,,79,1779087660,1779101921
26MAY17DARBUR,Luciano Darderi,,,True,,96,1779178020,1779192384
26MAY17DAVMOU,Alejandro Davidovich Fokina,,,True,,102,1779088980,1779103098
26MAY17DEDTIA,Frances Tiafoe,,,True,,67,1779010380,1779024773
26MAY17ENGHUM,Ugo Humbert,,,True,,111,1779187200,1779201369
26MAY17MAJUGO,Kamil Majchrzak,,,False,,89,1779087060,1779101011
26MAY17PAUQUI,Tommy Paul,,,True,,107,1779017460,1779031393
26MAY16BRAZIN,Raul Brancaccio,,,True,,86,1778922780,1778937154
26MAY16BAEMIC,Alex Michelsen,,,True,,119,1779082500,1779096781
26MAY16BRORUU,Casper Ruud,,,True,,70,1779185940,1779200210
26MAY16RINTIR,Arthur Rinderknech,,,True,,100,1779088740,1779103100
26MAY16TRUNAV,Marco Trungelliti,,,False,,93,1779011040,1779025407
26MAY16TSIMPE,Stefanos Tsitsipas,,,True,,80,1779097980,1779112360
26MAY16BUSMCD,Ignacio Buse,,,True,,110,1778918460,1778932330
26MAY16GIRNAG,Marcos Giron,,,True,,66,1778918280,1778932674
26MAY16HIJDAN,Rinky Hijikata,,,True,,88,1778914440,1778928752
26MAY16PETGEA,Arthur Gea,,,True,,62,1778928240,1778942638
26MAY16SQUGAR,Cristian Garin,,,False,,68,1778910120,1778924212
26MAY16BERCOM,Francisco Comesana,,,True,,94,1778915820,1778929946
26MAY16DUCDAM,Miguel Damas,,,False,,76,1778911440,1778925764
26MAY16GALBAS,Nishesh Basavareddy,,,True,,61,1778929380,1778943779
26MAY16OFNFEL,Kilian Feldbausch,,,True,,79,1778911380,1778925761
26MAY16SVAREH,Max Hans Rehberg,,,True,,97,1778930220,1778944343
26MAY15SINMED,Jannik Sinner,,,True,,70,1778853900,1778868290
26MAY14LANMED,Martin Landaluce,,,False,,63,1778766060,1778780457
26MAY14SINRUB,Jannik Sinner,,,True,,64,1778745660,1778759456
26MAY13JODDAR,Luciano Darderi,,,True,,74,1778696520,1778710906
26MAY13RUUKHA,Casper Ruud,,,True,,80,1778665560,1778679940
26MAY12TIRMED,Daniil Medvedev,,,True,,99,1778604360,1778618721
26MAY12MEDLAN,Martin Landaluce,,,True,,84,1778592960,1778607336
26MAY12SINPEL,Jannik Sinner,,,True,,198,1778579760,1778594142
26MAY12RUBBAS,Nikoloz Basilashvili,,,False,,104,1778586720,1778601076
26MAY12DARZVE,Alexander Zverev,,,False,,118,1778576100,1778590262
26MAY12JODTIE,Rafael Jodar,,,True,,82,1778570160,1778584538
26MAY12KHAPRI,Karen Khachanov,,,True,,84,1778565720,1778580096
26MAY12MUSRUU,Casper Ruud,,,True,,111,1778565120,1778579469
26MAY11BELLAN,Martin Landaluce,,,True,,101,1778480040,1778494339
26MAY11COBTIR,Thiago Agustin Tirante,,,True,,97,1778507520,1778521883
26MAY11NAVMED,Mariano Navone,,,False,,60,1778492160,1778506560
26MAY11TIAPEL,Andrea Pellegrino,,,True,,81,1778488980,1778503299
26MAY10RUBDAV,Andrey Rublev,,,True,,111,1778479020,1778493369
26MAY10LLAMED,Pablo Llamas Ruiz,,,False,,100,1778501700,1778515940
26MAY10ARNJOD,Rafael Jodar,,,True,,81,1778427120,1778441499
26MAY10BLOZVE,Alexander Zverev,,,True,,86,1778399220,1778413594
26MAY10HUMPRI,Dino Prizmic,,,True,,87,1778399220,1778413593
26MAY10KHAVAN,Botic Van de Zandschulp,,,False,,95,1778407680,1778421745
26MAY10MUSCER,Lorenzo Musetti,,,True,,107,1778409420,1778423773
26MAY10PAUDAR,Tommy Paul,,,False,,92,1778417640,1778431948
26MAY10RUULEH,Casper Ruud,,,True,,87,1778392020,1778406393
26MAY09TIABUS,Ignacio Buse,,,False,,60,1778333520,1778347920
26MAY09MEDFON,Joao Fonseca,,,False,,77,1778338140,1778352403
26MAY09SINOFN,Jannik Sinner,,,True,,91,1778335200,1778349209
26MAY09AUGNAV,Mariano Navone,,,True,,61,1778318040,1778332019
26MAY08ALTZVE,Alexander Zverev,,,True,,117,1778238120,1778252463
26MAY08BAEBUB,Alexander Bublik,,,True,,98,1778244060,1778258422
26MAY08GARDAV,Alejandro Davidovich Fokina,,,True,,114,1778318100,1778332386
26MAY08HANDAR,Luciano Darderi,,,True,,117,1778260980,1778275323
26MAY08HUMKOP,Ugo Humbert,,,True,,72,1778252580,1778266968
26MAY08PAUVUK,Tommy Paul,,,True,,112,1778244060,1778258408
26MAY08MUSMPE,Lorenzo Musetti,,,True,,89,1778261220,1778275591
26MAY08TABCER,Francisco Cerundolo,,,True,,65,1778238060,1778252455
26MAY08VANKOV,Aleksandar Kovacevic,,,False,,105,1778235540,1778249895
26MAY06PELNAR,Luca Nardi,,,False,,91,1778166720,1778181029
26MAY06VUKKYP,Aleksandar Vukic,,,True,,76,1778067420,1778081804
26MAY06CARTAB,Alejandro Tabilo,,,True,,108,1778077800,1778092152
26MAY06GARCER,Cristian Garin,,,True,,79,1778153880,1778168261
26MAY06DEJBOR,Nuno Borges,,,True,,66,1778067900,1778082294
26MAY06BASMER,Nikoloz Basilashvili,,,True,,102,1778133000,1778147358
26MAY06FEAMPE,Giovanni Mpetshi Perricard,,,True,,71,1778139180,1778153029
26MAY06FUCPRI,Dino Prizmic,,,True,,64,1778082840,1778097236
26MAY06QUILLA,Pablo Llamas Ruiz,,,True,,95,1778149440,1778163805
26MAY06ARNMUN,Matteo Arnaldi,,,True,,86,1778064300,1778078674
26MAY06BAUMAE,Roberto Bautista Agut,,,True,,106,1778149800,1778164094
26MAY06DZUMAN,Damir Dzumhur,,,True,,96,1778048700,1778063064
26MAY06BROBAE,Sebastian Baez,,,True,,78,1778047800,1778062182
26MAY06BERATM,Terence Atmane,,,True,,115,1778132820,1778146685
26MAY06TIRCAD,Gianluca Cadenasso,,,False,,116,1778158080,1778172364
26MAY06GIRCIL,Marin Cilic,,,True,,100,1778144460,1778155460
26MAY06MEDROY,Hamad Medjedovic,,,True,,85,1778164680,1778179055
26MAY06SHANAV,Mariano Navone,,,True,,91,1778166960,1778181029
26MAY06POPBER,Alexei Popyrin,,,True,,61,1778133360,1778147639
26MAY06TRUSVA,Marco Trungelliti,,,False,,70,1778051520,1778065550
26MAY06HURHAN,Hubert Hurkacz,,,False,,71,1778058060,1778072089
26MAY06SONBUS,Ignacio Buse,,,True,,110,1778164920,1778179270
26MAY06MULVAN,Botic Van de Zandschulp,,,True,,73,1778057820,1778072087
26MAY06UGOSHE,Alexander Shevchenko,,,True,,105,1778057400,1778071695
26MAY05HIJBAS,Nikoloz Basilashvili,,,True,,111,1777984200,1777998489
26MAY05PRIBON,Dino Prizmic,,,True,,74,1777970100,1777984486
26MAY05SVRBUD,Dalibor Svrcina,,,True,,63,1777968360,1777982757
26MAY05KOVFEA,Aleksandar Kovacevic,,,False,,112,1777970100,1777983908
26MAY05KYPDRO,Patrick Kypson,,,True,,119,1777968540,1777982761
26MAY05DELDEJ,Hugo Dellien,,,False,,110,1777969680,1777983910
26MAY05MERBAR,Daniel Merida,,,True,,90,1777958040,1777972410
26MAY04RIEGAU,Leandro Riedi,,,True,,108,1777878240,1777892592
26MAY04GARECH,Cristian Garin,,,True,,64,1777869840,1777884236
26MAY04VASBAR,Marcelo Tomas Barrios Vera,,,True,,87,1777870140,1777884453
26MAY04LANOCO,Martin Landaluce,,,True,,80,1777889100,1777903480
26MAY04VALFAR,Jaime Faria,,,True,,69,1777895940,1777910031
26MAY04KYPPIN,Jack Pinnington Jones,,,False,,90,1777883040,1777897410
26MAY04CARDAM,Pablo Carreno Busta,,,True,,94,1777876260,1777890506
26MAY04MOLBAS,Elmer Moller,,,False,,62,1777896840,1777911238
26MAY04LAJCHO,Jan Choinski,,,True,,101,1777879740,1777893439
26MAY04MERMCD,Daniel Merida,,,True,,111,1777871220,1777885449
26MAY04TRAWAW,Stefano Travaglia,,,False,,77,1777876980,1777891363
26MAY04BUDVIR,Otto Virtanen,,,False,,107,1777886700,1777900453
26MAY04HIJBAS,Pierluigi Basile,,,False,,79,1777900440,1777914821
26MAY04PELGAS,Andrea Pellegrino,,,True,,68,1777884060,1777898032
26MAY04COMHAR,Francisco Comesana,,,True,,83,1777873020,1777887337
26MAY04PRIROD,Dino Prizmic,,,True,,119,1777890720,1777904941
26MAY04MARDEJ,Jesper De Jong,,,True,,82,1777873440,1777887818
26MAY01BLOZVE,Alexander Zverev,,,True,,92,1777647360,1777661728
26APR30RUUBLO,Alexander Blockx,,,True,,65,1777536660,1777551055
26APR29SINJOD,Jannik Sinner,,,True,,82,1777460520,1777474898
26APR29FILLEH,Arthur Fils,,,True,,63,1777480860,1777495257
26APR28MENZVE,Alexander Zverev,,,True,,104,1777398360,1777412716
26APR28MEDCOB,Flavio Cobolli,,,True,,60,1777392660,1777407060
26APR28CERBLO,Alexander Blockx,,,True,,118,1777385580,1777399862
26APR28TSIRUU,Stefanos Tsitsipas,,,False,,94,1777368840,1777383086
26APR28KOPJOD,Rafael Jodar,,,True,,92,1777374120,1777388488
26APR28ETCFIL,Arthur Fils,,,True,,76,1777355160,1777369544
26APR28LEHMUS,Jiri Lehecka,,,True,,107,1777362240,1777376473
26APR27MEDBUD,Daniil Medvedev,,,True,,91,1777285320,1777299689
26APR27ATMZVE,Alexander Zverev,,,True,,75,1777301160,1777315545
26APR26CERDAR,Francisco Cerundolo,,,True,,81,1777283880,1777297899
26APR26DAVRUU,Casper Ruud,,,True,,61,1777269960,1777284359
26APR26KHAMEN,Jakub Mensik,,,True,,79,1777305720,1777320101
26APR26FILNAV,Arthur Fils,,,True,,96,1777203780,1777218144
26APR26PRIETC,Dino Prizmic,,,False,,111,1777194120,1777208169
26APR26GRIMUS,Lorenzo Musetti,,,True,,97,1777192620,1777206983
26APR26FONJOD,Rafael Jodar,,,True,,97,1777225920,1777240283
26APR26LEHMIC,Jiri Lehecka,,,True,,82,1777183380,1777197758
26APR26SINMOL,Jannik Sinner,,,True,,72,1777200780,1777215108
26APR25BUDSHA,Nicolai Budkov Kjaer,,,True,,69,1777126440,1777140711
26APR25CERDAR,Luciano Darderi,,,True,,64,1777103760,1777117916
26APR25MERMOU,Daniel Merida,,,True,,99,1777126080,1777140381
26APR25KHAWAL,Karen Khachanov,,,True,,61,1777096980,1777111379
26APR25UGOCOB,Camilo Ugo Carabelli,,,False,,62,1777117980,1777132318
26APR24MOLDIA,Elmer Moller,,,True,,117,1777017480,1777031823
26APR24SINBON,Benjamin Bonzi,,,False,,102,1777029780,1777044138
26APR24GRIDZU,Tallon Griekspoor,,,True,,108,1777009740,1777024092
26APR24RUBKOP,Vit Kopriva,,,True,,72,1777035180,1777049568
26APR24JODDE,Rafael Jodar,,,True,,75,1777042320,1777056705
26APR24NAVVAC,Valentin Vacherot,,,False,,117,1777011960,1777026183
26APR24SHEPRI,Dino Prizmic,,,True,,109,1777018620,1777032791
26APR24NORMAC,Cameron Norrie,,,True,,68,1777036980,1777051372
26APR24TIRPAU,Thiago Agustin Tirante,,,True,,87,1777045920,1777060293
26APR24FILBUS,Ignacio Buse,,,False,,103,1777025580,1777039937
26APR24BUBTSI,Stefanos Tsitsipas,,,True,,106,1777134780,1777149134
26APR24GAUAUG,Felix Auger-Aliassime,,,True,,114,1777111620,1777125786
26APR24DAMMEN,Jakub Mensik,,,True,,93,1777103940,1777117947
26APR24MEDMAR,Daniil Medvedev,,,True,,109,1777124580,1777138931
26APR24DAVCAR,Alejandro Davidovich Fokina,,,True,,63,1777096500,1777110777
26APR24NAKBLO,Brandon Nakashima,,,False,,99,1777108380,1777122741
26APR24CERHAN,Francisco Cerundolo,,,True,,61,1777096440,1777110779
26APR24HUMATM,Terence Atmane,,,True,,101,1777111740,1777126039
26APR22BONDRO,Titouan Droguet,,,False,,118,1776862620,1776875582
26APR22KYPTSI,Patrick Kypson,,,False,,109,1776938520,1776952331
26APR22TRUMER,Daniel Merida,,,True,,88,1776949380,1776963752
26APR22MOLCIN,Elmer Moller,,,True,,65,1776857340,1776871735
26APR22GAUBAE,Vilius Gaubas,,,True,,93,1776940320,1776954387
26APR22SONLAJ,Dusan Lajovic,,,True,,106,1776849780,1776864134
26APR22ATMKEC,Terence Atmane,,,True,,91,1776923220,1776937589
26APR22BAUTIR,Thiago Agustin Tirante,,,True,,91,1776853440,1776867809
26APR22BUSMAN,Ignacio Buse,,,True,,87,1776843720,1776857073
26APR22BORNAV,Mariano Navone,,,True,,71,1776934860,1776947569
26APR22BRONAV,Emilio Nava,,,True,,66,1776837180,1776851574
26APR22DZUBEL,Damir Dzumhur,,,True,,86,1776844080,1776858454
26APR22LANWAL,Adam Walton,,,True,,91,1776951780,1776965789
26APR22HANGIR,Yannick Hanfmann,,,True,,77,1776923640,1776937903
26APR22JODDEJ,Jesper De Jong,,,False,,101,1776868140,1776882379
26APR22MACCOM,Francisco Comesana,,,False,,76,1776864420,1776878804
26APR22MARQUI,Fabian Marozsan,,,True,,80,1776934860,1776944500
26APR22UGOMON,Camilo Ugo Carabelli,,,True,,86,1776945780,1776960154
26APR22ZHAKOP,Vit Kopriva,,,True,,73,1776836820,1776851207
26APR22MUNSHE,Jaume Munar,,,True,,65,1776932520,1776944755
26APR22CARFUC,Marton Fucsovics,,,False,,106,1776924240,1776938534
26APR22TABROY,Alejandro Tabilo,,,True,,73,1776870840,1776885107
26APR21PRIPIR,Dino Prizmic,,,True,,80,1776777780,1776792160
26APR21ECHBUD,Nicolai Budkov Kjaer,,,True,,88,1776770580,1776784652
26APR21KYPBAS,Patrick Kypson,,,False,,88,1776770340,1776784652
26APR21RODLAJ,Dusan Lajovic,,,True,,61,1776765480,1776779879
26APR21VALROC,Adolfo Daniel Vallejo,,,True,,111,1776770280,1776784449
26APR21FARHAR,Lloyd Harris,,,False,,60,1776764580,1776778680
26APR21LLAMOL,Elmer Moller,,,True,,62,1776752280,1776766678
26APR21GARDAM,Cristian Garin,,,False,,108,1776750000,1776764292
26APR21SAKGAU,Vilius Gaubas,,,True,,77,1776753300,1776767623
26APR20BUDMAE,Nicolai Budkov Kjaer,,,True,,60,1776695220,1776709560
26APR20HARMER,Daniel Merida,,,True,,60,1776675120,1776688920
26APR20MOLGAS,Elmer Moller,,,True,,91,1776666840,1776681209
26APR20PRIOCO,Dino Prizmic,,,True,,87,1776691560,1776705693
26APR20YIBDHA,Yibing Wu,,,True,,64,1776666300,1776680516
26APR20LAJARN,Dusan Lajovic,,,True,,90,1776686940,1776700950
26APR20TRUGOJ,Marco Trungelliti,,,True,,103,1776673380,1776687737
26APR20HALFAR,Quentin Halys,,,False,,80,1776674820,1776689200
26APR20PELDAM,Martin Damm Jr,,,True,,69,1776660180,1776674271
26APR20TRABAS,Nikoloz Basilashvili,,,True,,63,1776692760,1776707157
26APR20GEAGAU,Vilius Gaubas,,,True,,78,1776660840,1776675162
26APR20VUKLLA,Pablo Llamas Ruiz,,,True,,93,1776668940,1776683187
26APR20KOVECH,Aleksandar Kovacevic,,,False,,116,1776683220,1776697324
26APR20PIRBAR,Zsombor Piros,,,True,,85,1776696720,1776710495
26APR20HIJROD,Chris Rodesch,,,True,,105,1776684540,1776698775
26APR20KYPKOU,Patrick Kypson,,,True,,79,1776695520,1776709901
26APR20BLABON,Benjamin Bonzi,,,True,,114,1776678840,1776692526
26APR20VIRDRO,Otto Virtanen,,,False,,116,1776665580,1776679924
26APR20HARMCD,Lloyd Harris,,,True,,112,1776672840,1776687128
26APR19RUBFIL,Arthur Fils,,,True,,109,1776595620,1776609911
26APR18JODFIL,Rafael Jodar,,,False,,96,1776510240,1776524484
26APR18ZVECOB,Flavio Cobolli,,,True,,117,1776500580,1776514863
26APR18RUBMED,Hamad Medjedovic,,,False,,74,1776501660,1776516046
26APR17FILMUS,Arthur Fils,,,True,,60,1776423060,1776437460
26APR17SHAMOL,Alex Molcan,,,True,,110,1776428760,1776443110
26APR17ZVECER,Francisco Cerundolo,,,False,,98,1776413100,1776427282
26APR17MACRUB,Andrey Rublev,,,True,,100,1776412920,1776427280
26APR17NORJOD,Rafael Jodar,,,True,,73,1776429120,1776443507
26APR16COBKOP,Flavio Cobolli,,,True,,113,1776405420,1776419767
26APR16FONSHE,Ben Shelton,,,True,,119,1776421320,1776435661
26APR16MEDBOR,Hamad Medjedovic,,,True,,75,1776406560,1776420945
26APR16SHAMAR,Denis Shapovalov,,,True,,115,1776338640,1776352865
26APR15FILNAK,Arthur Fils,,,True,,84,1776348960,1776363336
26APR15COBBER,Flavio Cobolli,,,True,,82,1776248520,1776262898
26APR15ALTMOL,Alex Molcan,,,True,,101,1776330060,1776338479
26APR15JODUGO,Rafael Jodar,,,True,,79,1776250320,1776264701
26APR15KOPDAR,Luciano Darderi,,,False,,62,1776254160,1776268558
26APR15ZVEDIA,Alexander Zverev,,,True,,79,1776331320,1776345701
26APR15MOUMUS,Lorenzo Musetti,,,True,,83,1776337320,1776351697
26APR15RINFON,Joao Fonseca,,,True,,104,1776232980,1776247336
26APR15NORQUI,Cameron Norrie,,,True,,82,1776257520,1776271898
26APR15BORETC,Nuno Borges,,,True,,107,1776233400,1776247573
26APR15VANCER,Francisco Cerundolo,,,True,,94,1776318780,1776333146
26APR13NAGCER,Francisco Cerundolo,,,True,,99,1776071940,1776081141
26APR14COBDED,Flavio Cobolli,,,True,,119,1776154380,1776168721
26APR14MOLBUB,Alex Molcan,,,True,,116,1776162180,1776176524
26APR13DEOFN,Alex de Minaur,,,True,,67,1776147120,1776161513
26APR13ALCVIR,Carlos Alcaraz,,,True,,118,1776165000,1776179282
26APR13NAKCER,Brandon Nakashima,,,True,,96,1776170100,1776184344
26APR13MARSON,Lorenzo Sonego,,,True,,77,1776146460,1776160603
26APR13TRUMED,Hamad Medjedovic,,,True,,105,1776079020,1776093375
26APR13DIASAC,Gabriel Diallo,,,True,,68,1776067500,1776081772
26APR13FILATM,Terence Atmane,,,False,,86,1776176640,1776191014
26APR12OFNKYP,Sebastian Ofner,,,True,,95,1775983320,1775997445
26APR12NAVMOL,Alex Molcan,,,True,,109,1775976840,1775991191
26APR12TRUMAR,Marco Trungelliti,,,False,,109,1775984340,1775998631
26APR12DEDNAG,Sumit Nagal,,,False,,116,1775982840,1775997184
26APR12ALCSIN,Jannik Sinner,,,True,,81,1775990220,1776004599
26APR12SACREH,Vitaliy Sachko,,,True,,74,1775973720,1775987806
26APR12VIRMUL,Otto Virtanen,,,True,,99,1775977440,1775991801
26APR12ETCDRA,Jack Draper,,,False,,87,1776067440,1776081813
26APR12NORWAW,Cameron Norrie,,,True,,62,1776078300,1776092638
26APR12LANMUS,Lorenzo Musetti,,,True,,86,1776154020,1776168394
26APR12UGOKHA,Camilo Ugo Carabelli,,,True,,65,1776157260,1776171115
26APR12MACBAE,Sebastian Baez,,,False,,109,1776161760,1776175991
26APR12MUNJOD,Rafael Jodar,,,True,,109,1776087840,1776102131
26APR12QUIMER,Ethan Quinn,,,True,,68,1775977800,1775991772
26APR12ZVEKEC,Alexander Zverev,,,True,,96,1776152880,1776166944
26APR12RINMIC,Arthur Rinderknech,,,True,,77,1776060840,1776075223
26APR12GRISHA,Denis Shapovalov,,,True,,90,1776145980,1776160350
26APR12ZHADAR,Luciano Darderi,,,True,,62,1776146700,1776160978
26APR12BLOHAN,Alexander Blockx,,,True,,106,1776082980,1776097334
26APR11GIUNAG,Lorenzo Giustino,,,False,,93,1775905620,1775915007
26APR12ENGKOP,Vit Kopriva,,,True,,87,1776154140,1776168393
26APR12CILALT,Daniel Altmaier,,,True,,75,1776160380,1776174705
26APR12MARTSI,Stefanos Tsitsipas,,,False,,106,1776167940,1776182174
26APR11MARCAR,Pedro Martinez,,,True,,112,1775904660,1775918288
26APR11QUIBAS,Nikoloz Basilashvili,,,False,,105,1775884680,1775899035
26APR11TRUBUD,Marco Trungelliti,,,True,,93,1775894280,1775908647
26APR11CERZEP,Juan Manuel Cerundolo,,,True,,109,1775896800,1775911091
26APR11VUKVIR,Otto Virtanen,,,True,,105,1775885040,1775899035
26APR11OFNSAN,Sebastian Ofner,,,True,,83,1775901480,1775915017
26APR11GEAKYP,Patrick Kypson,,,True,,68,1775906640,1775920432
26APR11ALCVAC,Carlos Alcaraz,,,True,,90,1775903160,1775917410
26APR11CARMOL,Roberto Carballes Baena,,,False,,87,1775902500,1775916813
26APR11REHFER,Max Hans Rehberg,,,True,,97,1775894640,1775909003
26APR11NAVGOF,Emilio Nava,,,True,,113,1775904780,1775918287
26APR11CHOHUE,Marc-Andrea Huesler,,,True,,101,1775886840,1775901199
26APR11TOPBLA,Marko ToPo,,,True,,66,1775888520,1775902914
26APR11SHEDED,Diego Dedura-Palomero,,,True,,69,1775897640,1775912031
26APR10VACDE,Valentin Vacherot,,,True,,71,1775823720,1775838109
26APR10AUGSIN,Jannik Sinner,,,True,,68,1775811660,1775826052
26APR10FONZVE,Alexander Zverev,,,True,,82,1775801460,1775815838
26APR09VACHUR,Hubert Hurkacz,,,False,,101,1775742060,1775756419
26APR09BLODE,Alex de Minaur,,,True,,112,1775733960,1775748308
26APR09ALCETC,Carlos Alcaraz,,,True,,64,1775729820,1775743856
26APR09AUGRUU,Felix Auger-Aliassime,,,True,,117,1775725260,1775736063
26APR09BERZVE,Alexander Zverev,,,True,,103,1775714580,1775728937
26APR09LEHBUB,Alexander Bublik,,,True,,72,1775727060,1775741448
26APR08ETCATM,Terence Atmane,,,False,,70,1775646120,1775660150
26APR08MARHUR,Hubert Hurkacz,,,True,,104,1775653920,1775668276
26APR08AUGCIL,Felix Auger-Aliassime,,,True,,119,1775646180,1775660521
26APR07DZUMAR,Fabian Marozsan,,,True,,105,1775557020,1775563335
26APR08FONRIN,Joao Fonseca,,,True,,99,1775634360,1775648721
26APR07COBBLO,Alexander Blockx,,,True,,93,1775651160,1775665527
26APR07GARZVE,Cristian Garin,,,False,,90,1775632920,1775647290
26APR07ALCBAE,Carlos Alcaraz,,,True,,113,1775549880,1775564167
26APR07RUBBER,Zizou Bergs,,,True,,82,1775628120,1775642498
26APR07HUMSIN,Jannik Sinner,,,True,,115,1775545800,1775560085
26APR07MONBUB,Alexander Bublik,,,True,,73,1775555520,1775569907
26APR07ATMQUI,Terence Atmane,,,True,,92,1775549940,1775563948
26APR06LEHNAV,Jiri Lehecka,,,True,,115,1775463300,1775477585
26APR06MOUMUL,Corentin Moutet,,,True,,93,1775556180,1775570547
26APR06VACCER,Juan Manuel Cerundolo,,,False,,66,1775479380,1775493714
26APR06GARARN,Cristian Garin,,,True,,72,1775467920,1775481708
26APR06NORDE,Alex de Minaur,,,True,,87,1775562720,1775577093
26APR05BURPAU,Tommy Paul,,,True,,113,1775406240,1775420527
26APR05DZUBLO,Alexander Blockx,,,True,,70,1775378220,1775391710
26APR05ARNMUL,Alexandre Muller,,,True,,84,1775379480,1775393196
26APR05NAVMER,Mariano Navone,,,True,,71,1775374980,1775389309
26APR05QUICOM,Francisco Comesana,,,True,,71,1775376000,1775389909
26APR05GOFNAV,Emilio Nava,,,True,,96,1775367780,1775382144
26APR05BASGAR,Cristian Garin,,,True,,70,1775369220,1775383610
26APR05CERMAR,Juan Manuel Cerundolo,,,True,,63,1775368380,1775382777
26APR05ALTMAC,Tomas Machac,,,True,,111,1775471580,1775485929
26APR05POPRUU,Casper Ruud,,,True,,69,1775554920,1775569311
26APR05FONDIA,Joao Fonseca,,,True,,68,1775473980,1775488372
26APR05ETCDIM,Tomas Martin Etcheverry,,,True,,67,1775541120,1775555513
26APR05RUBBOR,Andrey Rublev,,,True,,113,1775455380,1775469727
26APR05NORKEC,Cameron Norrie,,,True,,100,1775377680,1775391980
26APR05HURDAR,Hubert Hurkacz,,,True,,97,1775541780,1775556143
26APR05BAEWAW,Sebastian Baez,,,True,,72,1775462640,1775476968
26APR05KOUHUM,Ugo Humbert,,,True,,67,1775398680,1775413073
26APR05RINKHA,Arthur Rinderknech,,,True,,75,1775455620,1775470005
26APR04PAUTIA,Tommy Paul,,,True,,75,1775313240,1775327625
26APR04TIRBUR,Roman Andres Burruchaga,,,True,,111,1775306700,1775320989
26APR04MARMER,Fabian Marozsan,,,False,,98,1775301240,1775315602
26APR04BUSGOF,Ignacio Buse,,,False,,61,1775289240,1775303639
26APR04STRBAS,Nikoloz Basilashvili,,,True,,87,1775289360,1775303613
26APR04QUIVIR,Otto Virtanen,,,False,,85,1775294340,1775308655
26APR04BONBAU,Roberto Bautista Agut,,,True,,61,1775289300,1775303639
26APR04MARVUK,Pedro Martinez,,,True,,75,1775282700,1775297085
26APR04NAVHAL,Emilio Nava,,,True,,116,1775282940,1775297284
26APR04CHOMUL,Alexandre Muller,,,True,,109,1775301840,1775315831
26APR04JODUGO,Rafael Jodar,,,True,,102,1775301480,1775315598
26APR04NAVVAN,Botic Van de Zandschulp,,,False,,88,1775286840,1775301212
26APR03ALTMAR,Fabian Marozsan,,,True,,81,1775225100,1775239359
26APR03DROMER,Titouan Droguet,,,False,,104,1775220120,1775234476
26APR03TIEBUR,Roman Andres Burruchaga,,,True,,84,1775225040,1775239356
26APR03UGOVAN,Luca Van Assche,,,False,,85,1775214300,1775228495
26APR03SHETIR,Ben Shelton,,,False,,88,1775232840,1775247152
26APR03DZUVAN,Botic Van de Zandschulp,,,True,,97,1775205120,1775219483
26APR03MULJOD,Rafael Jodar,,,True,,112,1775209320,1775223668
26APR02BURNAK,Roman Andres Burruchaga,,,True,,69,1775145780,1775160111
26APR02HIJTIA,Frances Tiafoe,,,True,,97,1775163900,1775178143
26APR02TIEBAS,Learner Tien,,,True,,70,1775154120,1775168510
26APR02MICPOP,Alexei Popyrin,,,True,,111,1775172420,1775186769
26APR02MOUTRU,Corentin Moutet,,,False,,77,1775199720,1775214103
26APR02KOPMUL,Alexandre Muller,,,True,,61,1775113200,1775127359
26APR02BUSUGO,Camilo Ugo Carabelli,,,True,,73,1775129160,1775143307
26APR02VANGRI,Luca Van Assche,,,True,,102,1775139000,1775153178
26APR02ALTPRI,Dino Prizmic,,,False,,71,1775199720,1775214109
26APR02SAKMAR,Fabian Marozsan,,,True,,83,1775197920,1775212297
26APR01ETCBOL,Alex Bolt,,,False,,100,1775060220,1775074580
26APR01VALPAU,Adolfo Daniel Vallejo,,,False,,61,1775081520,1775095919
26APR01DIAMOL,Alex Molcan,,,True,,83,1775041680,1775055817
26APR01SHEZHA,Ben Shelton,,,True,,109,1775074380,1775088731
26APR01TRUMAJ,Marco Trungelliti,,,True,,72,1775028660,1775042508
26APR01DARBEL,Luciano Darderi,,,True,,94,1775039280,1775053586
26MAR31VIRMER,Daniel Merida,,,True,,87,1774966020,1774975593
26APR01SHEVAN,Botic Van de Zandschulp,,,True,,64,1775025120,1775039516
26APR01MOLNAV,Mariano Navone,,,True,,112,1775026500,1775040728
26APR01BENHAN,Yannick Hanfmann,,,True,,114,1775045040,1775059386
26MAR31BASDRA,Nishesh Basavareddy,,,True,,62,1774971180,1774985518
26MAR31SKAUGO,Timofey Skatov,,,False,,94,1774958820,1774973186
26MAR31JODLAJ,Rafael Jodar,,,True,,79,1774967820,1774982201
26MAR31MOUBAA,Corentin Moutet,,,True,,103,1775033580,1775047937
26MAR30MERSCH,Daniel Merida,,,True,,92,1774937820,1774952188
26MAR30SAKKUZ,Stefanos Sakellaridis,,,True,,76,1774940820,1774955204
26MAR30MOLCLA,Alex Molcan,,,True,,89,1774944720,1774959091
26MAR30BASROD,Nikoloz Basilashvili,,,True,,74,1774867620,1774876006
26MAR30ROCBUD,Henrique Rocha,,,True,,69,1774858740,1774873011
26MAR30SKAECH,Timofey Skatov,,,True,,60,1774853820,1774868220
26MAR29BOLAND,Alex Bolt,,,True,,73,1774797480,1774811867
26MAR29DRAGAL,Alexis Galarneau,,,False,,103,1774796700,1774810997
26MAR29GOMTAB,Clement Tabur,,,False,,116,1774787940,1774802284
26MAR29PINBLA,Jack Pinnington Jones,,,True,,71,1774789080,1774803469
26MAR29IVABUD,Nicolai Budkov Kjaer,,,True,,73,1774772640,1774787027
26MAR29ROCJOR,Henrique Rocha,,,True,,71,1774784040,1774798429
26MAR29TRUBAR,Marco Trungelliti,,,True,,98,1774779780,1774793602
26MAR29LALECH,Moez Echargui,,,True,,107,1774773720,1774787893
26MAR29HERHAR,Lloyd Harris,,,True,,116,1774768500,1774782244
26MAR29JAMSAK,Rei Sakamoto,,,True,,84,1774781940,1774796016
26MAR29KUZTRA,Dimitar Kuzmanov,,,True,,63,1774854780,1774869177
26MAR29MERPUR,Daniel Merida,,,True,,87,1774856880,1774869453
26MAR29TSESAK,Stefanos Sakellaridis,,,True,,92,1774843860,1774858048
26MAR29GHECLA,Jay Clarke,,,True,,110,1774853760,1774866190
26MAR29HARMOL,Alex Molcan,,,True,,75,1774848960,1774863225
26MAR29BASMIC,Nikoloz Basilashvili,,,True,,105,1774843740,1774858095
26MAR29BURWAL,Roman Andres Burruchaga,,,True,,63,1775051520,1775065917
26MAR29DAMNAK,Brandon Nakashima,,,True,,96,1774981620,1774995984
26MAR29DEJHAN,Yannick Hanfmann,,,True,,73,1774880580,1774894967
26MAR29KOPMED,Hamad Medjedovic,,,False,,79,1775027820,1775042201
26MAR29BELBEN,Mattia Bellucci,,,True,,107,1774946040,1774960333
26MAR29OCONAV,Mariano Navone,,,True,,62,1774933380,1774947778
26MAR29CERMAJ,Kamil Majchrzak,,,True,,94,1774941840,1774956146
26MAR29POPKYP,Patrick Kypson,,,False,,64,1774993920,1775008316
26MAR29VANGAS,Luca Van Assche,,,True,,74,1774969020,1774983406
26MAR29VUKBAA,Taha Baadi,,,True,,93,1774862160,1774876347
26MAR29SMITIR,Thiago Agustin Tirante,,,True,,83,1774906140,1774920157
26MAR29KOVHIJ,Rinky Hijikata,,,True,,62,1774992180,1775006518
26MAR29VALSVA,Adolfo Daniel Vallejo,,,True,,99,1774885620,1774899741
26MAR29BOIMOL,Elmer Moller,,,True,,117,1774933500,1774947783
26MAR29SHETUR,Alexander Shevchenko,,,True,,93,1774932180,1774946547
26MAR29ALTMAR,Daniel Altmaier,,,True,,113,1774968240,1774982587
26MAR29DZUJIA,Damir Dzumhur,,,True,,116,1774951980,1774966324
26MAR29MAEVAN,Botic Van de Zandschulp,,,True,,119,1774945140,1774959421
26MAR28DEBGAL,Alexis Galarneau,,,True,,65,1774717020,1774730695
26MAR28GOMMAR,Federico Agustin Gomez,,,True,,101,1774709160,1774723459
26MAR28GALTAB,Clement Tabur,,,True,,89,1774702320,1774716511
26MAR28DRAKRU,Liam Draxl,,,True,,110,1774710540,1774724350
26MAR28BOLRYB,Alex Rybakov,,,False,,66,1774713420,1774727694
26MAR28DOSAND,Andres Andrade,,,True,,83,1774720680,1774734877
26MAR28BLAOLI,Darwin Blanch,,,True,,71,1774703100,1774717489
26MAR27LEHFIL,Jiri Lehecka,,,True,,81,1774626720,1774641099
26MAR25TIASIN,Jannik Sinner,,,True,,66,1774533060,1774547454
26MAR25LANLEH,Jiri Lehecka,,,True,,116,1774457760,1774472104
26MAR24HALZVE,Alexander Zverev,,,True,,74,1774393260,1774407646
26MAR24ATMTIA,Frances Tiafoe,,,True,,107,1774377960,1774392313
26MAR24HUMCER,Francisco Cerundolo,,,True,,74,1774386660,1774401046
26MAR24LEHFRI,Jiri Lehecka,,,True,,105,1774356960,1774371315
26MAR24KORLAN,Sebastian Korda,,,False,,119,1774353120,1774367461
26MAR24VACFIL,Arthur Fils,,,True,,117,1774363920,1774378263
26MAR24ETCPAU,Tommy Paul,,,True,,64,1774372320,1774386656
26MAR23CERMED,Francisco Cerundolo,,,True,,86,1774269720,1774284094
26MAR23SHEHUM,Ugo Humbert,,,True,,99,1774266780,1774281081
26MAR23TIAMEN,Frances Tiafoe,,,True,,114,1774281120,1774295466
26MAR22MOUSIN,Jannik Sinner,,,True,,99,1774296360,1774310481
26MAR22AUGATM,Terence Atmane,,,True,,61,1774271460,1774285859
26MAR22JODETC,Tomas Martin Etcheverry,,,True,,103,1774191960,1774206137
26MAR22HALMAJ,Quentin Halys,,,True,,105,1774295340,1774309575
26MAR22LANKHA,Martin Landaluce,,,True,,86,1774207560,1774221934
26MAR22PAUCOL,Tommy Paul,,,True,,104,1774197780,1774212076
26MAR22FILTSI,Arthur Fils,,,True,,88,1774214760,1774229132
26MAR22QUILEH,Jiri Lehecka,,,True,,62,1774180620,1774195018
26MAR22OPEFRI,Taylor Fritz,,,True,,75,1774188720,1774203105
26MAR21SHESHE2,Ben Shelton,,,False,,95,1774123800,1774137985
26MAR21TIACAZ,Frances Tiafoe,,,True,,68,1774125720,1774140112
26MAR21DIAHUM,Ugo Humbert,,,True,,61,1774120920,1774135319
26MAR21WALMEN,Adam Walton,,,False,,114,1774116600,1774130766
26MAR21CERTIR,Francisco Cerundolo,,,True,,70,1774122720,1774137110
26MAR21SAKMED,Rei Sakamoto,,,False,,66,1774108320,1774122714
26MAR21MICNOR,Alex Michelsen,,,True,,112,1774112580,1774126928
26MAR21DAVHAL,Quentin Halys,,,True,,99,1774095780,1774110141
26MAR20MAJTIE,Kamil Majchrzak,,,True,,115,1774093500,1774107845
26MAR20RUBTAB,Andrey Rublev,,,False,,108,1774113780,1774128132
26MAR20MOUMAC,Corentin Moutet,,,True,,82,1774104480,1774118798
26MAR20DZUSIN,Jannik Sinner,,,True,,80,1774102140,1774115800
26MAR20NAKCIL,Brandon Nakashima,,,False,,118,1774127040,1774141322
26MAR20DAMZVE,Alexander Zverev,,,True,,67,1774130640,1774144913
26MAR20TSIDE,Stefanos Tsitsipas,,,True,,118,1774043160,1774057322
26MAR20DRAOPE,Reilly Opelka,,,True,,72,1774028160,1774042368
26MAR20UGOKOR,Sebastian Korda,,,True,,119,1774039740,1774054021
26MAR20BUBBER,Matteo Berrettini,,,True,,72,1774034640,1774048968
26MAR20FILBLA,Arthur Fils,,,True,,67,1774037340,1774051613
26MAR20PAUMAN,Tommy Paul,,,True,,72,1774024860,1774039008
26MAR20VUKJOD,Rafael Jodar,,,True,,118,1774092900,1774107242
26MAR20BERETC,Tomas Martin Etcheverry,,,True,,65,1774096020,1774110415
26MAR20KOULEH,Jiri Lehecka,,,True,,77,1774044480,1774058803
26MAR20BAUKHA,Karen Khachanov,,,True,,86,1774033980,1774048354
26MAR20NAVVAC,Valentin Vacherot,,,True,,111,1774046580,1774060929
26MAR18WALBAE,Adam Walton,,,True,,110,1774030740,1774044790
26MAR18MICBEL,Alex Michelsen,,,True,,96,1773957900,1773972264
26MAR18BASNAV,Mariano Navone,,,True,,115,1773919080,1773933425
26MAR18TSIFER,Stefanos Tsitsipas,,,True,,60,1773935520,1773949020
26MAR18HALDRA,Liam Draxl,,,False,,101,1773950100,1773964399
26MAR18JODHAN,Rafael Jodar,,,True,,91,1773917580,1773931949
26MAR18OCOFUC,Marton Fucsovics,,,True,,61,1774024440,1774038839
26MAR18GIRLAN,Martin Landaluce,,,True,,91,1773928500,1773942749
26MAR18CAZBAR,Arthur Cazaux,,,True,,73,1774038780,1774053167
26MAR17VUKBAR,Marcelo Tomas Barrios Vera,,,True,,118,1773778620,1773786362
26MAR17SVAMER,Zachary Svajda,,,True,,107,1773778620,1773786373
26MAR17BELCAS,Murphy Cassone,,,False,,66,1773770580,1773784974
26MAR17TIRLAN,Thiago Agustin Tirante,,,False,,75,1773776520,1773790905
26MAR17WALHIJ,Adam Walton,,,True,,64,1773769200,1773783476
26MAR17JODBON,Rafael Jodar,,,True,,98,1773766920,1773780982
26MAR17DRACLA,Liam Draxl,,,True,,68,1773766380,1773780772
26MAR17BASSHI,Nikoloz Basilashvili,,,True,,85,1773763020,1773777155
26MAR17HANVAN,Yannick Hanfmann,,,True,,112,1773748440,1773762788
26MAR17MULBER,Matteo Berrettini,,,True,,87,1773934080,1773947253
26MAR17DUCBAU,Roberto Bautista Agut,,,True,,102,1773918840,1773933198
26MAR17ATMALT,Terence Atmane,,,True,,62,1774013880,1774028278
26MAR17KOVSAK,Rei Sakamoto,,,True,,60,1774017780,1774032180
26MAR17QUIHUR,Ethan Quinn,,,True,,71,1773928080,1773942169
26MAR17BERBRO,Zizou Bergs,,,True,,113,1773922680,1773936787
26MAR17COLDIM,Raphael Collignon,,,True,,104,1773938160,1773952456
26MAR17NAVMAC,Emilio Nava,,,False,,95,1773945240,1773959605
26MAR17BLASTR,Darwin Blanch,,,True,,118,1773927900,1773942182
26MAR17OPEBOR,Nuno Borges,,,False,,66,1773933840,1773948174
26MAR16CASMAE,Murphy Cassone,,,True,,80,1773696600,1773710860
26MAR16BLOTSE,Alexander Blockx,,,True,,104,1773683880,1773697996
26MAR16BELJAR,Mattia Bellucci,,,True,,67,1773699180,1773713573
26MAR16BASBAR,Marcelo Tomas Barrios Vera,,,True,,88,1773698280,1773712652
26MAR16BUSECH,Ignacio Buse,,,True,,73,1773670680,1773685007
26MAR16BURFER,Roman Andres Burruchaga,,,False,,110,1773659640,1773673930
26MAR16GARDRA,Cristian Garin,,,False,,115,1773680340,1773694685
26MAR16MEJOCO,Christopher O'Connell,,,True,,107,1773676380,1773690733
26MAR16WALROD,Adam Walton,,,True,,98,1773695640,1773710002
26MAR16MERSVR,Dalibor Svrcina,,,False,,72,1773693540,1773707628
26MAR16WILVAN,Luca Van Assche,,,True,,86,1773668580,1773682894
26MAR16KYPBAS,Nikoloz Basilashvili,,,True,,116,1773681300,1773695644
26MAR16YUNSCH,Yunchaokete Bu,,,True,,112,1773659220,1773673568
26MAR16MIGBON,Benjamin Bonzi,,,True,,71,1773689940,1773703429
26MAR16SVASMI,Colton Smith,,,False,,80,1773701400,1773715660
26MAR16SWEHIJ,Rinky Hijikata,,,True,,68,1773694380,1773708772
26MAR16HANRIE,Yannick Hanfmann,,,True,,103,1773671580,1773685937
26MAR14ALCMED,Daniil Medvedev,,,True,,88,1773515460,1773529832
26MAR14ZVESIN,Jannik Sinner,,,True,,101,1773508560,1773522919
26MAR12ALCNOR,Carlos Alcaraz,,,True,,82,1773355920,1773370238
26MAR12TIESIN,Jannik Sinner,,,True,,98,1773334560,1773348922
26MAR10ALCRUU,Carlos Alcaraz,,,True,,106,1773255120,1773269474
26MAR10HIJNOR,Cameron Norrie,,,True,,108,1773240960,1773255312
26MAR10DJODRA,Novak Djokovic,,,False,,62,1773265860,1773280258
26MAR10TIAZVE,Alexander Zverev,,,True,,97,1773162120,1773176483
26MAR10TIEDAV,Alejandro Davidovich Fokina,,,False,,80,1773169020,1773183340
26MAR09MEDBAE,Daniil Medvedev,,,True,,103,1773102180,1773116477
26MAR09NORDE,Cameron Norrie,,,True,,95,1773069120,1773083485
26MAR09BUBHIJ,Alexander Bublik,,,False,,103,1773076320,1773090677
26MAR09MICFRI,Alex Michelsen,,,True,,92,1773082380,1773096688
26MAR09ALCRIN,Arthur Rinderknech,,,False,,110,1773097020,1773111370
26MAR08DIAAUG,Gabriel Diallo,,,False,,68,1773008520,1773022912
26MAR08VACRUU,Valentin Vacherot,,,False,,113,1773085500,1773099727
26MAR08CERDRA,Jack Draper,,,True,,85,1773075780,1773090155
26MAR08NAKZVE,Alexander Zverev,,,True,,91,1772983140,1772997509
26MAR08DAVMEN,Alejandro Davidovich Fokina,,,True,,72,1772992380,1773006768
26MAR08COBTIA,Frances Tiafoe,,,True,,60,1773006240,1773020520
26MAR08SHETIE,Learner Tien,,,True,,87,1772990880,1773005253
26MAR07BAUDRA,Roberto Bautista Agut,,,False,,118,1772900580,1772914742
26MAR07NORMCD,Cameron Norrie,,,True,,85,1772919600,1772933855
26MAR07VACBOR,Valentin Vacherot,,,True,,70,1772910000,1772924270
26MAR07KORDE,Sebastian Korda,,,False,,91,1772916240,1772930609
26MAR07CERBON,Francisco Cerundolo,,,True,,118,1772900580,1772914742
26MAR07HUMMIC,Alex Michelsen,,,True,,99,1772932680,1772947041
26MAR06KOVMOU,Aleksandar Kovacevic,,,True,,99,1772900880,1772915061
26MAR06FEAFRI,Taylor Fritz,,,True,,63,1772927580,1772941977
26MAR06ALCDIM,Carlos Alcaraz,,,True,,82,1772918040,1772932418
26MAR06SHERUU,Casper Ruud,,,True,,90,1772898720,1772912970
26MAR06BERZVE,Alexander Zverev,,,True,,69,1772813160,1772827551
26MAR06RUBDIA,Andrey Rublev,,,False,,80,1772907540,1772921920
26MAR06COBKEC,Miomir Kecmanovic,,,False,,85,1772812920,1772827175
26MAR06BROTIA,Frances Tiafoe,,,True,,85,1772831160,1772845535
26MAR06SHEOPE,Reilly Opelka,,,False,,117,1772822400,1772836743
26MAR06PRIFIL,Arthur Fils,,,True,,111,1772824080,1772838429
26MAR06ETCSHA,Denis Shapovalov,,,True,,97,1772838360,1772852723
26MAR06WALTIE,Learner Tien,,,True,,103,1772814720,1772828957
26MAR05ZHEKOP,Vit Kopriva,,,True,,82,1772761020,1772775398
26MAR04ARNMCD,Mackenzie McDonald,,,True,,69,1772755500,1772769771
26MAR04FUCOCO,Marton Fucsovics,,,True,,86,1772651520,1772665894
26MAR04TSEBAE,Sebastian Baez,,,True,,69,1772735160,1772749371
26MAR04MAEHIJ,Rinky Hijikata,,,True,,67,1772755140,1772769413
26MAR04SHESHI,Alexander Shevchenko,,,True,,63,1772726580,1772740977
26MAR04SVRDUC,Dalibor Svrcina,,,True,,65,1772650620,1772664955
26MAR04MONGAL,Gael Monfils,,,True,,81,1772661840,1772676099
26MAR04ALTKEC,Miomir Kecmanovic,,,True,,71,1772643900,1772658229
26MAR04BERMAN,Adrian Mannarino,,,False,,112,1772656320,1772670188
26MAR04CERVAN,Juan Manuel Cerundolo,,,True,,115,1772747940,1772761985
26MAR04BORNAV,Nuno Borges,,,True,,67,1772750100,1772764373
26MAR04FONCOL,Joao Fonseca,,,True,,107,1772668980,1772683333
26MAR04FEADZU,Jacob Fearnley,,,True,,105,1772733840,1772748195
26MAR04HALWAL,Adam Walton,,,True,,116,1772639880,1772654224
26MAR04HURKOV,Aleksandar Kovacevic,,,True,,61,1772735160,1772749379
26MAR04MAJMPE,Kamil Majchrzak,,,True,,105,1772725740,1772740035
26MAR04MARBAU,Roberto Bautista Agut,,,True,,88,1772740080,1772754452
26MAR04TSISHA,Denis Shapovalov,,,True,,106,1772674920,1772689274
26MAR04NAVGIR,Mariano Navone,,,False,,96,1772639220,1772653584
26MAR04SVACIL,Zachary Svajda,,,True,,87,1772668020,1772682093
26MAR04TABJOD,Alejandro Tabilo,,,True,,62,1772746380,1772760778
26MAR04UGODAM,Camilo Ugo Carabelli,,,True,,72,1772642820,1772657208
26MAR03KOPSVR,Dalibor Svrcina,,,True,,82,1772572560,1772586758
26MAR03BURTSE,Roman Andres Burruchaga,,,False,,112,1772571960,1772586248
26MAR03SCHYME,Tristan Schoolkate,,,True,,114,1772569680,1772584026
26MAR03OCOBAS,Christopher O'Connell,,,True,,85,1772559240,1772573555
26MAR03VUKPRI,Dino Prizmic,,,True,,79,1772559420,1772573801
26MAR03MERSWE,Daniel Merida,,,True,,69,1772555280,1772569611
26MAR03BONMOC,Benjamin Bonzi,,,True,,81,1772559180,1772573559
26MAR03LANSHI,Sho Shimabukuro,,,True,,108,1772558940,1772573232
26MAR02BLOLAN,Martin Landaluce,,,True,,63,1772463180,1772477517
26MAR02BONPIN,Benjamin Bonzi,,,True,,73,1772464920,1772479307
26MAR02GOMMOC,Shintaro Mochizuki,,,True,,70,1772463240,1772477510
26MAR02NARSVA,Luca Nardi,,,False,,75,1772489940,1772503845
26MAR02KOPSAK,Vit Kopriva,,,True,,63,1772487660,1772502057
26MAR02MEJBAS,Nicolas Mejia,,,False,,77,1772471040,1772485303
26MAR02YMEWON,Elias Ymer,,,True,,76,1772478120,1772492504
26MAR02SCHBOL,Alex Bolt,,,False,,80,1772470560,1772484940
26MAR02VANGAL,Alexis Galarneau,,,True,,70,1772489460,1772503850
26MAR02LEABAR,Marcelo Tomas Barrios Vera,,,True,,82,1772488260,1772502338
26MAR02JOHSWE,Dane Sweeny,,,True,,119,1772468880,1772483161
26MAR02OCOHAR,Christopher O'Connell,,,True,,97,1772464440,1772478683
26MAR02JARMAE,Francesco Maestrelli,,,True,,74,1772463120,1772477506
26MAR02SACMCD,Mackenzie McDonald,,,True,,63,1772484360,1772498757
26MAR02KYPMER,Patrick Kypson,,,False,,97,1772470920,1772485283
26MAR02SMISHI,Sho Shimabukuro,,,True,,119,1772464620,1772478961
26FEB28COBTIA,Flavio Cobolli,,,True,,80,1772325060,1772339440
26FEB28BAEDAR,Luciano Darderi,,,True,,67,1772307300,1772321693
26FEB28CERHAN,Yannick Hanfmann,,,True,,113,1772301060,1772315407
26FEB27TIANAK,Brandon Nakashima,,,False,,85,1772239860,1772254235
26FEB27KECCOB,Flavio Cobolli,,,True,,84,1772230440,1772244636
26FEB27TABBAE,Sebastian Baez,,,True,,96,1772225760,1772240124
26FEB27CERNAV,Francisco Cerundolo,,,True,,73,1772205600,1772219987
26FEB27RUBGRI,Tallon Griekspoor,,,True,,94,1772194320,1772208626
26FEB27PELDAR,Luciano Darderi,,,True,,100,1772216820,1772231120
26FEB26VACNAK,Valentin Vacherot,,,False,,62,1772154120,1772168458
26FEB26YIBCOB,Flavio Cobolli,,,True,,75,1772140560,1772154945
26FEB26KECATM,Miomir Kecmanovic,,,True,,99,1772145960,1772160321
26FEB26RUBRIN,Andrey Rublev,,,True,,67,1772106420,1772120753
26FEB26GARBAE,Sebastian Baez,,,True,,64,1772131260,1772145656
26FEB26VALNAV,Emilio Nava,,,True,,100,1772111040,1772125280
26FEB26MEDBRO,Daniil Medvedev,,,True,,71,1772088660,1772103049
26FEB25YIBSHI,Yibing Wu,,,True,,110,1772060040,1772074270
26FEB25VACMON,Valentin Vacherot,,,True,,76,1772073120,1772087144
26FEB25BELDAV,Mattia Bellucci,,,True,,75,1772067360,1772081745
26FEB25ZVEKEC,Miomir Kecmanovic,,,True,,105,1772053380,1772067735
26FEB25ATMJOD,Terence Atmane,,,True,,73,1772052600,1772066507
26FEB25NAKKYP,Brandon Nakashima,,,True,,88,1772060580,1772074892
26FEB25NAVDAR,Luciano Darderi,,,True,,62,1772049420,1772063818
26FEB25CERMOL,Francisco Cerundolo,,,True,,75,1772117100,1772131245
26FEB25RUBHUM,Andrey Rublev,,,True,,77,1772020620,1772035003
26FEB25MENPOP,Jakub Mensik,,,True,,101,1772024760,1772038999
26FEB25PRIGAU,Dino Prizmic,,,False,,89,1772042940,1772057191
26FEB25CARLEH,Jiri Lehecka,,,True,,74,1772012820,1772027206
26FEB25GRIBUB,Tallon Griekspoor,,,True,,117,1772017980,1772032323
26FEB25RINDRA,Arthur Rinderknech,,,True,,65,1772031120,1772045515
26FEB25MEDWAW,Daniil Medvedev,,,True,,64,1772002320,1772016716
26FEB24RUUYIB,Yibing Wu,,,True,,108,1771981680,1771996032
26FEB24HIJBEL,Mattia Bellucci,,,True,,106,1771975440,1771989734
26FEB24MANSHI,Sho Shimabukuro,,,True,,85,1771982220,1771996595
26FEB24UGOHAN,Yannick Hanfmann,,,True,,95,1772024640,1772039005
26FEB24SOTGAU,Vilius Gaubas,,,True,,104,1771937880,1771952236
26FEB24PASVAL,Adolfo Daniel Vallejo,,,True,,74,1771963380,1771977766
26FEB23VACWON,Coleman Wong,,,False,,117,1771890780,1771905123
26FEB23NAKYME,Brandon Nakashima,,,True,,106,1771884780,1771899134
26FEB23KYPDE,Patrick Kypson,,,True,,77,1771886700,1771900963
26FEB23JARPRI,Dino Prizmic,,,True,,98,1771877760,1771892002
26FEB22TABETC,Alejandro Tabilo,,,False,,108,1771785420,1771798452
26FEB23CARSHA,Pablo Carreno Busta,,,True,,82,1771916640,1771930958
26FEB23HALDRA,Jack Draper,,,True,,113,1771857840,1771872187
26FEB23SHEKHA,Alexander Shevchenko,,,False,,97,1771923180,1771937543
26FEB22KYPWON,Patrick Kypson,,,True,,80,1771799640,1771813960
26FEB22PAUKOR,Sebastian Korda,,,True,,95,1771782540,1771796905
26FEB22HIJYIB,Yibing Wu,,,True,,97,1771793280,1771807103
26FEB22DUCSVR,Dalibor Svrcina,,,True,,83,1771967580,1771981957
26FEB22ATMDIM,Terence Atmane,,,True,,82,1771967640,1771981958
26FEB22ALTDAV,Alejandro Davidovich Fokina,,,True,,65,1771881060,1771895275
26FEB22WALKOV,Aleksandar Kovacevic,,,True,,87,1771893180,1771907553
26FEB22PACCOB,Flavio Cobolli,,,True,,86,1771968420,1771981954
26FEB22JODNOR,Rafael Jodar,,,True,,94,1771897440,1771911806
26FEB22VALROC,Adolfo Daniel Vallejo,,,True,,91,1771767240,1771781009
26FEB22PELGAL,Daniel Elahi Galan,,,False,,106,1771763460,1771776914
26FEB22PRIDEL,Dino Prizmic,,,True,,85,1771757820,1771772075
26FEB22GAUBAR,Alex Barrena,,,True,,79,1771757700,1771772081
26FEB22CERGAR,Juan Manuel Cerundolo,,,False,,68,1771957380,1771971772
26FEB22TIRBUS,Ignacio Buse,,,False,,90,1771953480,1771967850
26FEB22TABBAR,Alejandro Tabilo,,,True,,74,1771968840,1771983166
26FEB22NAVKOP,Vit Kopriva,,,False,,112,1771947300,1771961588
26FEB22LAJHAN,Yannick Hanfmann,,,True,,73,1771850640,1771865027
26FEB21LUZROC,Henrique Rocha,,,True,,60,1771686360,1771700340
26FEB22HALSHE,Quentin Halys,,,True,,97,1771740900,1771755263
26FEB22CARNAR,Luca Nardi,,,False,,112,1771742400,1771756748
26FEB22AUGZHA,Felix Auger-Aliassime,,,True,,101,1771848720,1771862659
26FEB22BERBRO,Jenson Brooksby,,,True,,109,1771918440,1771932791
26FEB22RUBROY,Andrey Rublev,,,True,,72,1771940580,1771954968
26FEB22HUMTSI,Ugo Humbert,,,True,,89,1771933980,1771948351
26FEB22MENHUR,Jakub Mensik,,,True,,85,1771939980,1771954355
26FEB22POPMAJ,Kamil Majchrzak,,,False,,81,1771936080,1771950459
26FEB22MEDSHA,Daniil Medvedev,,,True,,119,1771915740,1771930081
26FEB22MARRIN,Fabian Marozsan,,,False,,91,1771922880,1771937249
26FEB22WAWHAS,Stan Wawrinka,,,True,,80,1771840500,1771854820
26FEB22STRVIR,Jan-Lennard Struff,,,False,,108,1771733760,1771748112
26FEB22MPECHO,Jan Choinski,,,False,,111,1771732200,1771746549
26FEB21TABBUS,Alejandro Tabilo,,,True,,69,1771758840,1771772871
26FEB21PAUTIE,Learner Tien,,,False,,115,1771711860,1771725965
26FEB21PELVIL,Andrea Pellegrino,,,True,,114,1771677900,1771692186
26FEB21PRIHEI,Dino Prizmic,,,True,,66,1771678920,1771692834
26FEB21GAUREI,Vilius Gaubas,,,True,,63,1771671660,1771685637
26FEB21VALMON,Thiago Monteiro,,,False,,67,1771684320,1771698293
26FEB21MENGAL,Daniel Elahi Galan,,,True,,82,1771687260,1771701278
26FEB21HERWON,Coleman Wong,,,True,,99,1771716300,1771730121
26FEB21DESHI,Sho Shimabukuro,,,True,,144,1771703520,1771717776
26FEB21SVAMAR,Zachary Svajda,,,True,,148,1771713300,1771727672
26FEB21FICYIB,Yibing Wu,,,True,,98,1771707660,1771722022
26FEB21HIJMAG,Rinky Hijikata,,,True,,90,1771706160,1771719930
26FEB21TOMMEJ,Nicolas Mejia,,,True,,79,1771710660,1771724981
26FEB21ETCKOP,Vit Kopriva,,,False,,75,1771756920,1771771185
26FEB21STRAL,Jan-Lennard Struff,,,True,,109,1771649100,1771663331
26FEB21VIRVUK,Otto Virtanen,,,True,,113,1771645440,1771659787
26FEB21HALOCO,Quentin Halys,,,True,,110,1771657680,1771671850
26FEB21CHODEJ,Jan Choinski,,,True,,96,1771645440,1771659804
26FEB21BASSHE,Alexander Shevchenko,,,True,,101,1771653840,1771668199
26FEB21VANCAR,Pablo Carreno Busta,,,True,,88,1771651980,1771666352
26FEB21MPEMOC,Giovanni Mpetshi Perricard,,,True,,99,1771645440,1771659801
26FEB20BUSBER,Ignacio Buse,,,True,,119,1771616220,1771630561
26FEB20ETCFAR,Tomas Martin Etcheverry,,,True,,93,1771609920,1771623987
26FEB20TIRTAB,Alejandro Tabilo,,,True,,78,1771630020,1771644402
26FEB20WONCOB,Flavio Cobolli,,,True,,69,1771599840,1771614111
26FEB18GIRRUU,Marcos Giron,,,False,,62,1771451760,1771466158
26FEB19TSIRUB,Andrey Rublev,,,True,,70,1771495260,1771506350
26FEB19TIEKEC,Learner Tien,,,True,,69,1771512960,1771527351
26FEB19LEHFIL,Arthur Fils,,,True,,116,1771499760,1771513864
26FEB19ETCGAU,Tomas Martin Etcheverry,,,True,,115,1771521120,1771535465
26FEB19WALPAU,Tommy Paul,,,True,,113,1771534320,1771548667
26FEB19DZUFAR,Jaime Faria,,,True,,92,1771519380,1771533688
26FEB19ALCKHA,Karen Khachanov,,,False,,89,1771509780,1771524091
26JAN29DJOSIN,Jannik Sinner,,,False,,71,1769756700,1769771089
26JAN29ALCZVE,Carlos Alcaraz,,,True,,114,1769733360,1769747706
26JAN27SHESIN,Jannik Sinner,,,True,,111,1769577960,1769592309
26JAN26MUSDJO,Lorenzo Musetti,,,False,,112,1769564160,1769578508
26JAN26ALCDE,Carlos Alcaraz,,,True,,94,1769495460,1769509826
26JAN25SHERUU,Casper Ruud,,,False,,76,1769409360,1769423744
26JAN24MUSFRI,Lorenzo Musetti,,,True,,81,1769384760,1769399139
26JAN24DARSIN,Jannik Sinner,,,True,,65,1769399160,1769413555
26JAN24BUBDE,Alex de Minaur,,,True,,93,1769317020,1769331387
26JAN24ALCPAU,Carlos Alcaraz,,,True,,79,1769299380,1769313761
26JAN23CILRUU,Casper Ruud,,,True,,62,1769239020,1769253418
26JAN23SPISIN,Eliot Spizzirri,,,False,,96,1769208240,1769222544
26JAN23MUSMAC,Tomas Machac,,,False,,96,1769202480,1769216844
26JAN23VANDJO,Novak Djokovic,,,True,,111,1769230980,1769245329
26JAN22MENQUI,Jakub Mensik,,,True,,65,1769236620,1769251015
26JAN22SHEVAC,Ben Shelton,,,True,,88,1769215020,1769229392
26JAN22KHADAR,Luciano Darderi,,,True,,71,1769201880,1769216269
26JAN22TIADE,Alex de Minaur,,,True,,61,1769144580,1769158979
26JAN22ZVENOR,Alexander Zverev,,,True,,89,1769152080,1769166451
26JAN22BUBETC,Alexander Bublik,,,True,,83,1769152680,1769167057
26JAN22TIEBOR,Learner Tien,,,True,,119,1769116800,1769131081
26JAN22ALCMOU,Carlos Alcaraz,,,True,,68,1769126040,1769140432
26JAN22MEDMAR,Fabian Marozsan,,,False,,108,1769118840,1769133192
26JAN22CERRUB,Francisco Cerundolo,,,True,,71,1769141280,1769155669
26JAN20MUSSON,Lorenzo Musetti,,,True,,87,1769032860,1769047233
26JAN20BAEDAR,Luciano Darderi,,,True,,82,1769030160,1769044538
26JAN21SPIYIB,Eliot Spizzirri,,,True,,69,1769042040,1769056431
26JAN21HURQUI,Ethan Quinn,,,True,,115,1769036400,1769050745
26JAN21KHABAS,Karen Khachanov,,,True,,77,1769030400,1769044783
26JAN20BUBFUC,Alexander Bublik,,,True,,102,1768968660,1768983018
26JAN20THOBOR,Jordan Thompson,,,False,,71,1768960500,1768974889
26JAN20HIJVAC,Valentin Vacherot,,,True,,89,1769030160,1769044531
26JAN20ALCHAN,Carlos Alcaraz,,,True,,168,1768956660,1768971012
26JAN20GEAWAW,Arthur Gea,,,False,,62,1769047440,1769061838
26JAN20CERDZU,Francisco Cerundolo,,,True,,95,1768945680,1768959985
26JAN20FARRUB,Andrey Rublev,,,True,,104,1768945620,1768959976
26JAN20ETCFER,Tomas Martin Etcheverry,,,True,,81,1768952160,1768966539
26JAN20MAEDJO,Novak Djokovic,,,True,,71,1769038740,1769053129
26JAN20TIESHE,Learner Tien,,,True,,105,1768961160,1768975515
26JAN20NAVNOR,Cameron Norrie,,,True,,65,1768966740,1768981135
26JAN20OPEDAV,Alejandro Davidovich Fokina,,,True,,118,1768952160,1768966502
26JAN20ZHEMOU,Michael Zheng,,,False,,88,1768960500,1768974872
26JAN20SHACIL,Marin Cilic,,,True,,99,1769051940,1769066301
26JAN20VANSHA,Botic Van de Zandschulp,,,True,,80,1769042640,1769057020
26JAN20PAUTIR,Tommy Paul,,,True,,82,1768945560,1768959938
