gid,date,home_won,pre_mid,pre_ha,pre_hb,hr,ar,playoff,h1,h2,final,m1,m2,m3,ha1,ha2,ha3,hb1,hb2,hb3
401859967,2026-06-13,False,0.645,0.65,0.64,3.0,3.0,True,5,,-4,10.0,5.0,7.0,0.76,0.65,0.72,0.75,0.64,0.71
401859966,2026-06-10,True,0.535,0.54,0.53,2.0,2.0,True,-27,,1,-19.0,-27.0,-15.0,0.22999999999999998,0.06000000000000005,0.12,0.21999999999999997,0.050000000000000044,0.10999999999999999
401859965,2026-06-08,False,0.525,0.53,0.52,3.0,3.0,True,7,,-4,-11.0,7.0,-1.0,0.33999999999999997,0.69,0.48,0.32999999999999996,0.6799999999999999,0.47
401859964,2026-06-05,False,0.685,0.69,0.68,2.0,2.0,True,-4,,-1,9.0,-4.0,-9.0,0.78,0.54,0.31,0.77,0.53,0.3
401859963,2026-06-03,False,0.635,0.64,0.63,4.0,9.0,True,7,,-10,8.0,7.0,0.0,0.8,0.77,0.59,0.79,0.76,0.58
401873203,2026-05-30,False,0.5750000000000001,0.5800000000000001,0.5700000000000001,2.0,2.0,True,-3,,-8,-7.0,-3.0,-3.0,0.39,0.44999999999999996,0.43000000000000005,0.38,0.43000000000000005,0.41000000000000003
401873202,2026-05-28,True,0.585,0.59,0.58,2.0,2.0,True,7,,27,13.0,7.0,26.0,0.78,0.71,1.0,0.77,0.7,0.99
401873201,2026-05-26,True,0.5850000000000001,0.5900000000000001,0.5800000000000001,2.0,2.0,True,11,,13,2.0,11.0,10.0,0.62,0.8,0.85,0.61,0.79,0.84
401873344,2026-05-25,False,0.45499999999999996,0.45999999999999996,0.44999999999999996,2.0,2.0,True,-19,,-37,-12.0,-19.0,-27.0,0.21999999999999997,0.06999999999999995,0.010000000000000009,0.20999999999999996,0.06000000000000005,0.0
401873343,2026-05-23,False,0.5650000000000001,0.5700000000000001,0.56,2.0,2.0,True,-6,,-13,-10.0,-6.0,-9.0,0.31999999999999995,0.38,0.22999999999999998,0.31000000000000005,0.37,0.21999999999999997
401873342,2026-05-21,True,0.645,0.65,0.64,2.0,2.0,True,4,,16,-3.0,4.0,15.0,0.58,0.71,0.95,0.57,0.7,0.94
401873341,2026-05-19,True,0.675,0.68,0.67,9.0,2.0,True,-2,,11,7.0,-2.0,-14.0,0.77,0.6,0.15,0.76,0.59,0.14
401873200,2026-05-24,True,0.575,0.58,0.57,2.0,2.0,True,12,,21,9.0,12.0,18.0,0.68,0.8,0.97,0.67,0.79,0.96
401873199,2026-05-22,False,0.575,0.58,0.57,2.0,2.0,True,-7,,-15,5.0,-7.0,-11.0,0.65,0.39,0.17,0.64,0.38,0.16
401873198,2026-05-20,True,0.6849999999999999,0.69,0.6799999999999999,2.0,2.0,True,11,,9,0.0,11.0,8.0,0.6599999999999999,0.8200000000000001,0.84,0.65,0.81,0.83
401873197,2026-05-18,False,0.695,0.7,0.69,7.0,3.0,True,-7,,-7,0.0,-7.0,-7.0,0.69,0.49,0.33999999999999997,0.6799999999999999,0.48,0.32999999999999996
401871338,2026-05-15,False,0.615,0.62,0.61,2.0,2.0,True,-3,,-21,-2.0,-3.0,-14.0,0.56,0.53,0.14,0.55,0.52,0.13
401871157,2026-05-15,False,0.32499999999999996,0.32999999999999996,0.31999999999999995,3.0,3.0,True,-13,,-30,-9.0,-13.0,-26.0,0.20999999999999996,0.09999999999999998,0.010000000000000009,0.19999999999999996,0.08999999999999997,0.0
401871337,2026-05-13,False,0.615,0.62,0.61,2.0,2.0,True,8,,-4,2.0,8.0,-4.0,0.64,0.77,0.44,0.63,0.76,0.43
401871156,2026-05-12,True,0.785,0.79,0.78,2.0,2.0,True,12,,29,4.0,12.0,18.0,0.81,0.9,0.98,0.8,0.89,0.97
401871336,2026-05-11,True,0.5850000000000001,0.5900000000000001,0.5800000000000001,2.0,2.0,True,-4,,9,-3.0,-4.0,13.0,0.53,0.47,0.91,0.52,0.45999999999999996,0.9
401871333,2026-05-05,True,0.595,0.6,0.59,2.0,2.0,True,13,,10,16.0,13.0,7.0,0.85,0.85,0.79,0.84,0.84,0.78
401871334,2026-05-07,True,0.615,0.62,0.61,2.0,2.0,True,11,,10,7.0,11.0,4.0,0.73,0.84,0.68,0.72,0.83,0.67
401871326,2026-05-05,True,0.865,0.87,0.86,8.0,4.0,True,8,,18,5.0,8.0,12.0,0.87,0.9,0.96,0.86,0.89,0.95
401871159,2026-05-04,True,0.715,0.72,0.71,4.0,2.0,True,23,,39,8.0,23.0,31.0,0.8200000000000001,0.97,1.0,0.81,0.96,0.99
401871162,2026-05-10,False,0.455,0.46,0.45,2.0,2.0,True,-24,,-30,-19.0,-24.0,-39.0,0.13,0.04,0.01,0.12,0.03,0.0
401871329,2026-05-11,False,0.17500000000000004,0.18000000000000005,0.17000000000000004,2.0,2.0,True,-4,,-5,5.0,-4.0,4.0,0.28,0.17000000000000004,0.42000000000000004,0.27,0.16000000000000003,0.41000000000000003
401871327,2026-05-07,True,0.885,0.89,0.88,2.0,2.0,True,-1,,18,4.0,-1.0,13.0,0.91,0.78,0.98,0.9,0.77,0.97
401871161,2026-05-08,False,0.585,0.59,0.58,2.0,2.0,True,-8,,-14,4.0,-8.0,-9.0,0.63,0.32,0.22,0.62,0.31,0.21
401871160,2026-05-06,True,0.795,0.8,0.79,2.0,2.0,True,-1,,6,-2.0,-1.0,-1.0,0.71,0.71,0.6699999999999999,0.7,0.7,0.6599999999999999
401871152,2026-05-04,False,0.775,0.78,0.77,6.0,4.0,True,0,,-2,-1.0,0.0,3.0,0.76,0.72,0.76,0.75,0.71,0.75
401871155,2026-05-10,True,0.355,0.36,0.35,2.0,2.0,True,4,,5,4.0,4.0,-4.0,0.43999999999999995,0.6599999999999999,0.44999999999999996,0.43000000000000005,0.65,0.43999999999999995
401871154,2026-05-08,False,0.33499999999999996,0.33999999999999997,0.32999999999999996,2.0,2.0,True,0,,-7,-1.0,0.0,-7.0,0.33999999999999997,0.36,0.17000000000000004,0.32999999999999996,0.35,0.16000000000000003
401871153,2026-05-06,True,0.775,0.78,0.77,2.0,2.0,True,24,,38,7.0,24.0,35.0,0.83,0.99,1.0,0.82,0.98,0.99
401869409,2026-05-01,False,0.615,0.62,0.61,2.0,2.0,True,-18,,-20,-5.0,-18.0,-16.0,0.48,0.16000000000000003,0.06999999999999995,0.47,0.15000000000000002,0.06000000000000005
401869417,2026-05-01,False,0.405,0.41,0.4,2.0,2.0,True,22,,-14,-1.0,22.0,9.0,0.41,0.91,0.78,0.4,0.9,0.77
401869410,2026-04-30,True,0.315,0.32,0.31,2.0,2.0,True,9,,13,-3.0,9.0,19.0,0.3,0.6,0.96,0.29,0.59,0.95
401869402,2026-04-30,True,0.265,0.27,0.26,3.0,3.0,True,7,,12,-1.0,7.0,8.0,0.27,0.47,0.66,0.26,0.46,0.65
401869393,2026-04-30,False,0.42500000000000004,0.43000000000000005,0.42000000000000004,2.0,2.0,True,-47,,-51,-25.0,-47.0,-53.0,0.07999999999999996,0.010000000000000009,0.010000000000000009,0.06999999999999995,0.0,0.0
401869381,2026-05-01,True,0.365,0.37,0.36,2.0,2.0,True,10,,2,0.0,10.0,11.0,0.4,0.66,0.79,0.39,0.65,0.78
401869407,2026-04-29,False,0.575,0.58,0.57,3.0,3.0,True,-4,,-6,7.0,-4.0,-9.0,0.71,0.48,0.27,0.7,0.47,0.26
401869380,2026-04-29,True,0.775,0.78,0.77,3.0,3.0,True,-7,,5,4.0,-7.0,-3.0,0.79,0.5700000000000001,0.6,0.78,0.56,0.5900000000000001
401869416,2026-04-29,True,0.775,0.78,0.77,2.0,2.0,True,6,,7,12.0,6.0,10.0,0.88,0.81,0.94,0.87,0.8,0.9299999999999999
401869386,2026-04-28,True,0.825,0.83,0.82,2.0,2.0,True,20,,19,12.0,20.0,21.0,0.91,0.99,1.0,0.9,0.98,0.99
401869392,2026-04-28,True,0.695,0.7,0.69,3.0,3.0,True,16,,29,13.0,16.0,18.0,0.85,0.93,0.99,0.84,0.92,0.98
401869373,2026-04-27,False,0.185,0.19,0.18,2.0,2.0,True,-8,,-9,-4.0,-8.0,-8.0,0.15,0.13,0.1,0.14,0.12,0.09
401869415,2026-04-27,True,0.405,0.41,0.4,2.0,2.0,True,2,,6,-1.0,2.0,6.0,0.41,0.48,0.66,0.4,0.47,0.65
401869370,2026-04-25,False,0.235,0.24,0.23,3.0,3.0,True,-9,,-12,-5.0,-9.0,-8.0,0.19,0.12,0.1,0.18,0.11,0.09
401869414,2026-04-25,True,0.46499999999999997,0.47,0.46,3.0,3.0,True,7,,8,0.0,7.0,8.0,0.46,0.64,0.77,0.45,0.63,0.76
401869411,2026-04-22,True,0.765,0.77,0.76,3.0,3.0,True,0,,15,4.0,0.0,22.0,0.8,0.6799999999999999,1.0,0.79,0.6699999999999999,0.99
401869192,2026-04-19,True,0.915,0.92,0.91,7.0,2.0,True,21,,35,15.0,21.0,31.0,0.98,1.0,1.0,0.97,0.99,0.99
401869193,2026-04-19,False,0.785,0.79,0.78,7.0,2.0,True,-4,,-11,-8.0,-4.0,-7.0,0.63,0.64,0.43999999999999995,0.62,0.63,0.43000000000000005
401869406,2026-04-26,False,0.335,0.34,0.33,2.0,2.0,True,-18,,-32,-16.0,-18.0,-21.0,0.13,0.08,0.01,0.12,0.07,0.0
401869191,2026-04-19,True,0.875,0.88,0.87,7.0,4.0,True,18,,32,15.0,18.0,24.0,0.96,0.99,1.0,0.95,0.98,0.99
401869404,2026-04-24,False,0.225,0.23,0.22,3.0,3.0,True,-7,,-8,-5.0,-7.0,-5.0,0.18,0.16,0.19,0.17,0.15,0.18
401869396,2026-04-21,False,0.875,0.88,0.87,2.0,2.0,True,-8,,-14,3.0,-8.0,-7.0,0.89,0.69,0.55,0.88,0.6799999999999999,0.54
401866759,2026-04-17,True,0.575,0.58,0.57,3.0,2.0,False,5,,15,18.0,5.0,9.0,0.82,0.64,0.77,0.81,0.63,0.76
401866758,2026-04-17,True,0.425,0.43,0.42,2.0,3.0,False,31,,31,22.0,31.0,31.0,0.83,0.98,1.0,0.82,0.97,0.99
401869382,2026-04-24,False,0.475,0.48,0.47,3.0,3.0,True,8,,-12,2.0,8.0,1.0,0.53,0.65,0.48,0.52,0.64,0.47
401869378,2026-04-21,False,0.835,0.84,0.83,2.0,2.0,True,0,,-3,1.0,0.0,1.0,0.82,0.67,0.66,0.81,0.66,0.65
401869391,2026-04-25,False,0.45499999999999996,0.45999999999999996,0.44999999999999996,2.0,2.0,True,-14,,-16,-7.0,-14.0,-21.0,0.31999999999999995,0.15000000000000002,0.020000000000000018,0.31000000000000005,0.14,0.010000000000000009
401869399,2026-04-25,True,0.46499999999999997,0.47,0.46,2.0,2.0,True,-4,,16,-1.0,-4.0,4.0,0.42,0.26,0.46,0.41,0.25,0.45
401869377,2026-04-26,True,0.385,0.39,0.38,3.0,3.0,True,2,,4,-3.0,2.0,2.0,0.33,0.45,0.5,0.32,0.44,0.49
401869398,2026-04-23,True,0.515,0.52,0.51,3.0,3.0,True,22,,17,14.0,22.0,20.0,0.74,0.92,0.99,0.73,0.91,0.98
401869389,2026-04-23,True,0.495,0.5,0.49,3.0,3.0,True,8,,1,12.0,8.0,8.0,0.7,0.69,0.77,0.69,0.6799999999999999,0.76
401869397,2026-04-21,True,0.325,0.33,0.32,3.0,3.0,True,3,,7,7.0,3.0,7.0,0.47,0.44,0.67,0.46,0.43,0.66
401869369,2026-04-20,True,0.795,0.8,0.79,2.0,2.0,True,6,,10,7.0,6.0,7.0,0.87,0.85,0.9,0.86,0.84,0.89
401869395,2026-04-20,False,0.725,0.73,0.72,2.0,2.0,True,0,,-5,14.0,0.0,3.0,0.9,0.6799999999999999,0.75,0.89,0.6699999999999999,0.74
401869187,2026-04-18,True,0.765,0.77,0.76,6.0,6.0,False,7,,13,4.0,7.0,21.0,0.8,0.84,1.0,0.79,0.83,0.99
401869189,2026-04-18,True,0.695,0.7,0.69,6.0,6.0,False,2,,11,6.0,2.0,9.0,0.77,0.71,0.89,0.76,0.7,0.88
401869188,2026-04-18,True,0.725,0.73,0.72,6.0,6.0,False,0,,11,-10.0,0.0,12.0,0.52,0.7,0.94,0.51,0.69,0.9299999999999999
401869190,2026-04-18,True,0.425,0.43,0.42,6.0,6.0,False,2,,9,4.0,2.0,9.0,0.54,0.52,0.81,0.53,0.5,0.8
401866756,2026-04-15,False,0.665,0.67,0.66,3.0,3.0,False,8,,-5,9.0,8.0,6.0,0.83,0.8,0.79,0.82,0.79,0.78
401866755,2026-04-14,True,0.695,0.7,0.69,2.0,2.0,False,-2,,1,2.0,-2.0,6.0,0.71,0.64,0.83,0.7,0.63,0.8200000000000001
401811049,2026-04-12,True,0.895,0.9,0.89,2.0,2.0,False,21,,31,6.0,21.0,29.0,0.92,0.99,1.0,0.91,0.98,0.99
401811050,2026-04-12,True,0.61,0.62,0.6,2.0,2.0,False,14,,6,10.0,14.0,7.0,0.78,0.9,0.84,0.77,0.89,0.83
401811052,2026-04-12,False,0.785,0.79,0.78,2.0,2.0,False,-14,,-10,-3.0,-14.0,-10.0,0.63,0.3,0.33,0.62,0.29,0.32
401811054,2026-04-12,True,0.59,0.6,0.58,2.0,2.0,False,4,,5,-1.0,4.0,2.0,0.55,0.64,0.56,0.54,0.63,0.55
401811053,2026-04-12,True,0.905,0.91,0.9,2.0,2.0,False,17,,24,10.0,17.0,21.0,0.97,0.98,1.0,0.96,0.97,0.99
401811055,2026-04-12,True,0.955,0.96,0.95,2.0,2.0,False,20,,12,0.0,20.0,12.0,0.89,0.99,0.97,0.88,0.98,0.96
401811048,2026-04-12,True,0.645,0.65,0.64,2.0,2.0,False,24,,21,11.0,24.0,31.0,0.8,0.98,1.0,0.79,0.97,0.99
401811045,2026-04-12,False,0.125,0.13,0.12,2.0,2.0,False,-13,,-14,-10.0,-13.0,-14.0,0.07,0.05,0.04,0.06,0.04,0.03
401811042,2026-04-12,True,0.805,0.81,0.8,2.0,2.0,False,10,,13,22.0,10.0,4.0,0.99,0.92,0.81,0.98,0.91,0.8
401811041,2026-04-12,True,0.135,0.14,0.13,2.0,2.0,False,-9,,5,-9.0,-9.0,13.0,0.07999999999999996,0.09999999999999998,0.76,0.06999999999999995,0.08999999999999997,0.75
401811038,2026-04-10,True,0.525,0.53,0.52,2.0,2.0,False,10,,19,9.0,10.0,2.0,0.67,0.75,0.58,0.66,0.74,0.57
401811039,2026-04-10,True,0.185,0.19,0.18,3.0,1.0,False,12,,6,5.0,12.0,-7.0,0.29,0.54,0.12,0.28,0.53,0.11
401811040,2026-04-10,True,0.44499999999999995,0.44999999999999996,0.43999999999999995,1.0,2.0,False,9,,28,9.0,9.0,17.0,0.77,0.75,0.99,0.76,0.74,0.98
401811036,2026-04-10,True,0.635,0.64,0.63,3.0,2.0,False,22,,46,3.0,22.0,36.0,0.64,0.96,1.0,0.63,0.95,0.99
401811032,2026-04-10,False,0.09499999999999997,0.09999999999999998,0.08999999999999997,1.0,2.0,False,-11,,-24,-2.0,-11.0,-20.0,0.12,0.06000000000000005,0.010000000000000009,0.10999999999999999,0.050000000000000044,0.0
401811033,2026-04-10,False,0.805,0.81,0.8,1.0,2.0,False,4,,-4,-1.0,4.0,3.0,0.76,0.81,0.77,0.75,0.8,0.76
401811037,2026-04-10,True,0.5650000000000001,0.5700000000000001,0.56,2.0,2.0,False,8,,20,7.0,8.0,5.0,0.72,0.76,0.73,0.71,0.75,0.72
401811034,2026-04-10,True,0.815,0.82,0.81,2.0,1.0,False,12,,17,14.0,12.0,15.0,0.93,0.94,0.98,0.92,0.93,0.97
401811031,2026-04-10,True,0.705,0.71,0.7,1.0,1.0,False,15,,17,1.0,15.0,15.0,0.73,0.94,0.97,0.72,0.9299999999999999,0.96
401811029,2026-04-10,True,0.945,0.95,0.94,1.0,3.0,False,31,,26,19.0,31.0,34.0,1.0,1.0,1.0,0.99,0.99,0.99
401811030,2026-04-10,False,0.10499999999999998,0.10999999999999999,0.09999999999999998,1.0,1.0,False,-7,,-11,-7.0,-7.0,-12.0,0.07999999999999996,0.07999999999999996,0.040000000000000036,0.06999999999999995,0.06999999999999995,0.030000000000000027
401811026,2026-04-10,False,0.655,0.6599999999999999,0.65,3.0,2.0,False,-3,,-18,-6.0,-3.0,-3.0,0.53,0.54,0.5,0.52,0.53,0.49
401811028,2026-04-10,True,0.765,0.77,0.76,2.0,2.0,False,13,,22,5.0,13.0,31.0,0.8200000000000001,0.92,1.0,0.81,0.91,0.99
401811025,2026-04-09,False,0.525,0.53,0.52,2.0,2.0,False,-4,,-16,-5.0,-4.0,-9.0,0.39,0.36,0.17000000000000004,0.38,0.35,0.16000000000000003
401811022,2026-04-09,False,0.395,0.4,0.39,2.0,2.0,False,-26,,-29,-17.0,-26.0,-26.0,0.13,0.020000000000000018,0.010000000000000009,0.12,0.010000000000000009,0.0
401811023,2026-04-09,True,0.605,0.61,0.6,3.0,2.0,False,1,,6,-3.0,1.0,-2.0,0.55,0.61,0.49,0.54,0.6,0.48
401811020,2026-04-09,True,0.615,0.62,0.61,2.0,2.0,False,19,,14,6.0,19.0,12.0,0.73,0.94,0.93,0.72,0.93,0.92
401811021,2026-04-09,False,0.28500000000000003,0.29,0.28,2.0,2.0,False,-1,,-11,-8.0,-1.0,-13.0,0.17,0.3,0.07,0.16,0.29,0.06
401811019,2026-04-08,True,0.855,0.86,0.85,1.0,1.0,False,8,,5,4.0,8.0,8.0,0.88,0.91,0.92,0.87,0.9,0.91
401811016,2026-04-08,True,0.585,0.59,0.58,2.0,2.0,False,10,,11,9.0,10.0,15.0,0.74,0.82,0.94,0.73,0.81,0.93
401811017,2026-04-08,True,0.975,0.98,0.97,2.0,2.0,False,-4,,17,4.0,-4.0,13.0,0.96,0.89,0.99,0.95,0.88,0.98
401811018,2026-04-08,False,0.235,0.24,0.22999999999999998,1.0,1.0,False,-20,,-18,-11.0,-20.0,-14.0,0.10999999999999999,0.030000000000000027,0.020000000000000018,0.09999999999999998,0.020000000000000018,0.010000000000000009
401811015,2026-04-08,True,0.965,0.97,0.96,2.0,1.0,False,18,,26,6.0,18.0,26.0,0.96,0.99,1.0,0.95,0.98,0.99
401811013,2026-04-08,True,0.615,0.62,0.61,2.0,2.0,False,-7,,6,4.0,-7.0,17.0,0.68,0.42,0.97,0.67,0.41,0.96
401811011,2026-04-07,True,0.845,0.85,0.84,2.0,2.0,False,10,,13,13.0,10.0,5.0,0.95,0.92,0.86,0.94,0.91,0.85
401811008,2026-04-07,True,0.695,0.7,0.69,2.0,2.0,False,-8,,19,-10.0,-8.0,15.0,0.48,0.45999999999999996,0.96,0.47,0.43999999999999995,0.95
401811010,2026-04-07,False,0.05500000000000005,0.06000000000000005,0.050000000000000044,2.0,2.0,False,-18,,-36,-7.0,-18.0,-31.0,0.06000000000000005,0.020000000000000018,0.010000000000000009,0.050000000000000044,0.010000000000000009,0.0
401811004,2026-04-07,True,0.645,0.65,0.64,2.0,2.0,False,-6,,11,-11.0,-6.0,3.0,0.43000000000000005,0.47,0.73,0.42000000000000004,0.45999999999999996,0.72
401811006,2026-04-07,True,0.5700000000000001,0.58,0.56,2.0,3.0,False,13,,26,5.0,13.0,18.0,0.65,0.84,0.98,0.64,0.83,0.97
401811005,2026-04-07,True,0.475,0.48,0.47,2.0,2.0,False,6,,6,1.0,6.0,8.0,0.51,0.62,0.76,0.5,0.61,0.75
401811003,2026-04-07,False,0.315,0.32,0.31,2.0,2.0,False,-29,,-31,-20.0,-29.0,-37.0,0.07,0.02,0.01,0.06,0.01,0.0
401811007,2026-04-07,False,0.125,0.13,0.12,2.0,2.0,False,-10,,-20,-8.0,-10.0,-25.0,0.07999999999999996,0.06999999999999995,0.010000000000000009,0.06999999999999995,0.06000000000000005,0.0
401811002,2026-04-06,True,0.715,0.72,0.71,2.0,4.0,False,-14,,5,-4.0,-14.0,-14.0,0.65,0.33999999999999997,0.19999999999999996,0.64,0.32999999999999996,0.18999999999999995
401811000,2026-04-06,False,0.11499999999999999,0.12,0.11,1.0,1.0,False,-4,,-16,12.0,-4.0,-11.0,0.35,0.13,0.05,0.34,0.12,0.04
401811001,2026-04-06,True,0.765,0.77,0.76,2.0,2.0,False,7,,13,1.0,7.0,7.0,0.77,0.82,0.8,0.76,0.81,0.79
401810998,2026-04-06,False,0.515,0.52,0.51,3.0,3.0,False,4,,-3,-1.0,4.0,-2.0,0.49,0.61,0.45999999999999996,0.48,0.6,0.44999999999999996
401810999,2026-04-06,True,0.495,0.5,0.49,1.0,2.0,False,14,,16,1.0,14.0,22.0,0.56,0.85,1.0,0.55,0.84,0.99
401810997,2026-04-05,False,0.395,0.4,0.39,3.0,2.0,False,-2,,-1,5.0,-2.0,-10.0,0.47,0.37,0.15000000000000002,0.45999999999999996,0.36,0.14
401810996,2026-04-05,False,0.135,0.14,0.13,2.0,3.0,False,-12,,-29,-10.0,-12.0,-28.0,0.07,0.06,0.01,0.06,0.05,0.0
401810995,2026-04-05,True,0.485,0.49,0.48,2.0,3.0,False,6,,6,11.0,6.0,10.0,0.72,0.6599999999999999,0.83,0.71,0.65,0.8200000000000001
401810992,2026-04-05,False,0.37,0.38,0.36,2.0,2.0,False,5,,-14,-8.0,5.0,-10.0,0.24,0.49,0.12,0.23,0.48,0.11
401810994,2026-04-05,True,0.975,0.98,0.97,3.0,2.0,False,21,,35,15.0,21.0,27.0,1.0,1.0,1.0,0.99,0.99,0.99
401810991,2026-04-05,True,0.925,0.9299999999999999,0.92,3.0,2.0,False,-3,,9,-1.0,-3.0,-1.0,0.89,0.84,0.78,0.88,0.83,0.77
401810990,2026-04-05,True,0.725,0.73,0.72,2.0,2.0,False,6,,16,9.0,6.0,5.0,0.83,0.81,0.81,0.82,0.8,0.8
401810989,2026-04-05,False,0.16500000000000004,0.17000000000000004,0.16000000000000003,2.0,3.0,False,-7,,-10,0.0,-7.0,-2.0,0.20999999999999996,0.14,0.22999999999999998,0.19999999999999996,0.13,0.21999999999999997
401810988,2026-04-05,True,0.5850000000000001,0.5900000000000001,0.5800000000000001,2.0,1.0,False,5,,6,12.0,5.0,1.0,0.81,0.71,0.65,0.8,0.7,0.63
401810985,2026-04-04,True,0.45499999999999996,0.45999999999999996,0.44999999999999996,3.0,2.0,False,-7,,2,-7.0,-7.0,-4.0,0.33999999999999997,0.31999999999999995,0.30000000000000004,0.32999999999999996,0.31000000000000005,0.29000000000000004
401810979,2026-04-03,True,0.9349999999999999,0.94,0.9299999999999999,2.0,2.0,False,19,,34,12.0,19.0,29.0,0.97,0.99,1.0,0.96,0.98,0.99
401810981,2026-04-03,False,0.065,0.07,0.06,2.0,2.0,False,-20,,-32,-17.0,-20.0,-29.0,0.01,0.01,0.01,0.0,0.0,0.0
401810980,2026-04-03,False,0.10499999999999998,0.10999999999999999,0.09999999999999998,2.0,2.0,False,-18,,-32,-5.0,-18.0,-24.0,0.08999999999999997,0.030000000000000027,0.010000000000000009,0.07999999999999996,0.020000000000000018,0.0
401810982,2026-04-03,False,0.28500000000000003,0.29000000000000004,0.28,3.0,2.0,False,-13,,-11,-7.0,-13.0,-19.0,0.21999999999999997,0.09999999999999998,0.020000000000000018,0.20999999999999996,0.08999999999999997,0.010000000000000009
401810978,2026-04-03,True,0.895,0.9,0.89,2.0,2.0,False,37,,40,22.0,37.0,36.0,1.0,1.0,1.0,0.98,0.99,0.99
401810977,2026-04-03,False,0.07500000000000001,0.08,0.07,3.0,2.0,False,-16,,-34,-10.0,-16.0,-13.0,0.04,0.03,0.05,0.03,0.02,0.04
401810976,2026-04-03,True,0.605,0.61,0.6,2.0,1.0,False,-6,,12,2.0,-6.0,12.0,0.65,0.42,0.91,0.64,0.41,0.9
401810975,2026-04-03,True,0.915,0.92,0.91,1.0,2.0,False,19,,21,14.0,19.0,18.0,0.98,0.99,1.0,0.97,0.98,0.99
401810973,2026-04-02,True,0.685,0.69,0.68,2.0,4.0,False,-5,,12,3.0,-5.0,7.0,0.72,0.57,0.86,0.7,0.56,0.85
401810972,2026-04-02,False,0.20500000000000002,0.21,0.2,1.0,2.0,False,-7,,-7,-4.0,-7.0,-4.0,0.18,0.14,0.16,0.17,0.13,0.15
401810971,2026-04-02,True,0.765,0.77,0.76,3.0,2.0,False,31,,43,23.0,31.0,45.0,0.96,1.0,1.0,0.95,0.99,0.99
401810974,2026-04-02,False,0.555,0.56,0.55,2.0,1.0,False,-24,,-19,-8.0,-24.0,-9.0,0.38,0.06000000000000005,0.18999999999999995,0.37,0.050000000000000044,0.18000000000000005
401810970,2026-04-02,True,0.655,0.6599999999999999,0.65,2.0,3.0,False,0,,5,-1.0,0.0,-1.0,0.63,0.61,0.5800000000000001,0.62,0.6,0.5700000000000001
401810969,2026-04-02,True,0.6649999999999999,0.6699999999999999,0.6599999999999999,2.0,2.0,False,6,,20,-8.0,6.0,15.0,0.52,0.78,0.97,0.51,0.77,0.96
401810968,2026-04-01,False,0.11499999999999999,0.12,0.10999999999999999,3.0,2.0,False,-21,,-14,-9.0,-21.0,-13.0,0.06999999999999995,0.020000000000000018,0.020000000000000018,0.06000000000000005,0.010000000000000009,0.010000000000000009
401810967,2026-04-01,False,0.07500000000000001,0.08,0.07,2.0,3.0,False,-14,,-13,-11.0,-14.0,-7.0,0.05,0.02,0.06,0.03,0.01,0.05
401810961,2026-04-01,False,0.365,0.37,0.36,2.0,2.0,False,-23,,-18,-20.0,-23.0,-10.0,0.09,0.04,0.13,0.08,0.03,0.12
401810963,2026-04-01,False,0.865,0.87,0.86,1.0,3.0,False,-5,,-8,-5.0,-5.0,-9.0,0.74,0.7,0.47,0.73,0.69,0.46
401810964,2026-04-01,False,0.605,0.61,0.6,2.0,3.0,False,-17,,-19,-6.0,-17.0,-25.0,0.51,0.18999999999999995,0.010000000000000009,0.5,0.18000000000000005,0.0
401810962,2026-04-01,False,0.435,0.44,0.43,1.0,2.0,False,-18,,-29,3.0,-18.0,-26.0,0.51,0.12,0.01,0.5,0.11,0.0
401810960,2026-04-01,False,0.095,0.1,0.09,2.0,2.0,False,-2,,-22,-6.0,-2.0,-17.0,0.09,0.15,0.01,0.08,0.14,0.0
401858694,2026-03-31,True,0.425,0.43,0.42,2.0,1.0,False,14,,24,7.0,14.0,20.0,0.59,0.8,0.99,0.58,0.79,0.98
401810958,2026-03-31,True,0.555,0.56,0.55,1.0,1.0,False,12,,14,-2.0,12.0,27.0,0.53,0.81,1.0,0.52,0.8,0.99
401810959,2026-03-31,False,0.645,0.65,0.64,2.0,2.0,False,-16,,-10,-3.0,-16.0,-17.0,0.5700000000000001,0.19999999999999996,0.06999999999999995,0.55,0.18999999999999995,0.06000000000000005
401810957,2026-03-31,True,0.485,0.49,0.48,2.0,2.0,False,13,,17,16.0,13.0,20.0,0.78,0.8200000000000001,0.98,0.77,0.81,0.97
401810955,2026-03-31,False,0.065,0.06999999999999995,0.06000000000000005,2.0,2.0,False,-13,,-31,-17.0,-13.0,-26.0,0.020000000000000018,0.040000000000000036,0.010000000000000009,0.010000000000000009,0.030000000000000027,0.0
401810951,2026-03-30,False,0.07500000000000001,0.08,0.07,2.0,3.0,False,-10,,-9,-2.0,-10.0,-5.0,0.11,0.06,0.09,0.1,0.05,0.08
401810953,2026-03-30,True,0.915,0.92,0.91,3.0,1.0,False,22,,19,-1.0,22.0,14.0,0.89,1.0,0.99,0.88,0.99,0.98
401810947,2026-03-30,True,0.5750000000000001,0.5800000000000001,0.5700000000000001,2.0,1.0,False,0,,10,-1.0,0.0,14.0,0.55,0.56,0.91,0.54,0.55,0.9
401810948,2026-03-30,False,0.135,0.14,0.13,2.0,2.0,False,-4,,-26,-5.0,-4.0,-2.0,0.12,0.15000000000000002,0.19999999999999996,0.10999999999999999,0.14,0.18999999999999995
401810950,2026-03-30,False,0.245,0.25,0.24,3.0,2.0,False,-10,,-30,-12.0,-10.0,-23.0,0.10999999999999999,0.10999999999999999,0.010000000000000009,0.09999999999999998,0.08999999999999997,0.0
401810949,2026-03-30,True,0.945,0.95,0.94,2.0,2.0,False,17,,15,1.0,17.0,20.0,0.93,0.98,1.0,0.92,0.97,0.99
401810946,2026-03-30,True,0.44499999999999995,0.44999999999999996,0.43999999999999995,1.0,2.0,False,-3,,10,4.0,-3.0,4.0,0.52,0.39,0.62,0.51,0.38,0.61
401810944,2026-03-29,True,0.75,0.76,0.74,2.0,3.0,False,1,,11,3.0,1.0,6.0,0.76,0.73,0.85,0.75,0.72,0.84
401810942,2026-03-29,True,0.925,0.9299999999999999,0.92,2.0,2.0,False,11,,35,9.0,11.0,25.0,0.97,0.97,1.0,0.96,0.95,0.99
401810943,2026-03-29,False,0.315,0.32,0.31,2.0,2.0,False,-21,,-32,0.0,-21.0,-21.0,0.33,0.05,0.01,0.32,0.04,0.0
401810940,2026-03-29,False,0.555,0.56,0.55,1.0,2.0,False,-14,,-15,-6.0,-14.0,-14.0,0.45,0.2,0.08,0.44,0.19,0.07
401810939,2026-03-29,True,0.54,0.55,0.53,2.0,1.0,False,23,,17,13.0,23.0,13.0,0.79,0.96,0.9299999999999999,0.78,0.95,0.92
401810941,2026-03-29,True,0.52,0.53,0.51,2.0,3.0,False,27,,52,18.0,27.0,45.0,0.84,0.98,1.0,0.82,0.97,0.99
401810938,2026-03-29,True,0.235,0.24,0.22999999999999998,2.0,2.0,False,4,,17,-2.0,4.0,1.0,0.20999999999999996,0.35,0.35,0.19999999999999996,0.33999999999999997,0.33999999999999997
401810937,2026-03-29,False,0.08499999999999999,0.09,0.08,1.0,2.0,False,-11,,-14,-4.0,-11.0,-22.0,0.09,0.04,0.01,0.08,0.03,0.0
401810933,2026-03-28,True,0.855,0.86,0.85,1.0,2.0,False,12,,10,-3.0,12.0,6.0,0.78,0.94,0.92,0.77,0.9299999999999999,0.91
401810934,2026-03-28,True,0.355,0.36,0.35,1.0,1.0,False,-2,,1,-2.0,-2.0,10.0,0.35,0.33,0.75,0.34,0.32,0.74
401810936,2026-03-28,True,0.925,0.9299999999999999,0.92,4.0,1.0,False,28,,25,18.0,28.0,25.0,0.98,1.0,1.0,0.97,0.99,0.99
401810932,2026-03-28,False,0.6849999999999999,0.69,0.6799999999999999,2.0,3.0,False,5,,-4,11.0,5.0,5.0,0.83,0.76,0.81,0.81,0.75,0.8
401810935,2026-03-28,False,0.445,0.45,0.44,3.0,2.0,False,-5,,-22,-9.0,-5.0,-14.0,0.31,0.33,0.09,0.3,0.32,0.08
401810931,2026-03-28,False,0.065,0.06999999999999995,0.06000000000000005,3.0,3.0,False,-22,,-32,-13.0,-22.0,-23.0,0.030000000000000027,0.010000000000000009,0.010000000000000009,0.020000000000000018,0.0,0.0
401810928,2026-03-27,True,0.86,0.87,0.85,2.0,2.0,False,12,,5,13.0,12.0,0.0,0.94,0.94,0.64,0.9299999999999999,0.9299999999999999,0.63
401810922,2026-03-27,True,0.665,0.67,0.66,2.0,2.0,False,-5,,7,-3.0,-5.0,5.0,0.59,0.51,0.76,0.58,0.5,0.75
401810925,2026-03-27,True,0.945,0.95,0.94,2.0,2.0,False,-5,,18,-3.0,-5.0,7.0,0.91,0.8,0.96,0.9,0.79,0.95
401810924,2026-03-27,False,0.11499999999999999,0.12,0.11,2.0,2.0,False,-7,,-10,-2.0,-7.0,-5.0,0.12,0.09,0.12,0.11,0.08,0.11
401810929,2026-03-27,False,0.815,0.82,0.81,2.0,2.0,False,-5,,-7,-10.0,-5.0,-3.0,0.61,0.62,0.55,0.6,0.61,0.54
401810923,2026-03-27,True,0.655,0.6599999999999999,0.65,2.0,2.0,False,35,,21,13.0,35.0,22.0,0.84,1.0,0.99,0.83,0.99,0.98
401810926,2026-03-27,True,0.755,0.76,0.75,2.0,1.0,False,15,,13,4.0,15.0,15.0,0.78,0.94,0.98,0.77,0.93,0.97
401810927,2026-03-27,True,0.955,0.96,0.95,2.0,2.0,False,0,,6,11.0,0.0,-7.0,0.98,0.9,0.6599999999999999,0.97,0.89,0.65
401810919,2026-03-26,True,0.6649999999999999,0.6699999999999999,0.6599999999999999,1.0,2.0,False,9,,21,-2.0,9.0,6.0,0.63,0.8200000000000001,0.8,0.62,0.81,0.79
401810920,2026-03-26,True,0.905,0.91,0.9,2.0,2.0,False,6,,4,9.0,6.0,3.0,0.95,0.9299999999999999,0.86,0.94,0.92,0.85
401810917,2026-03-25,True,0.615,0.62,0.61,2.0,2.0,False,14,,25,14.0,14.0,19.0,0.85,0.89,0.98,0.84,0.88,0.97
401810910,2026-03-25,False,0.5650000000000001,0.5700000000000001,0.56,1.0,2.0,False,-17,,-17,-9.0,-17.0,0.0,0.41000000000000003,0.16000000000000003,0.55,0.4,0.15000000000000002,0.54
401810915,2026-03-25,True,0.865,0.87,0.86,2.0,2.0,False,-8,,3,-5.0,-8.0,-9.0,0.77,0.64,0.4,0.76,0.63,0.39
401810911,2026-03-25,False,0.07499999999999996,0.07999999999999996,0.06999999999999995,2.0,2.0,False,-13,,-25,-19.0,-13.0,-34.0,0.020000000000000018,0.030000000000000027,0.010000000000000009,0.010000000000000009,0.020000000000000018,0.0
401810913,2026-03-25,True,0.455,0.46,0.45,3.0,2.0,False,1,,2,4.0,1.0,2.0,0.52,0.47,0.57,0.51,0.45,0.55
401810914,2026-03-25,True,0.835,0.84,0.83,1.0,2.0,False,9,,7,1.0,9.0,11.0,0.83,0.91,0.96,0.82,0.9,0.95
401810908,2026-03-25,True,0.705,0.71,0.7,2.0,2.0,False,19,,20,12.0,19.0,38.0,0.85,0.96,1.0,0.84,0.95,0.99
401810906,2026-03-25,False,0.565,0.57,0.56,2.0,2.0,False,-18,,-1,-8.0,-18.0,-3.0,0.4,0.12,0.38,0.39,0.11,0.37
401810905,2026-03-24,False,0.32,0.33,0.31,2.0,2.0,False,-10,,-2,7.0,-10.0,-2.0,0.45,0.14,0.3,0.44,0.13,0.29
401810904,2026-03-24,True,0.795,0.8,0.79,3.0,1.0,False,4,,5,-7.0,4.0,8.0,0.6599999999999999,0.79,0.87,0.65,0.78,0.86
401810903,2026-03-24,True,0.765,0.77,0.76,2.0,3.0,False,6,,5,14.0,6.0,1.0,0.91,0.82,0.69,0.9,0.81,0.68
401810902,2026-03-24,True,0.9349999999999999,0.94,0.9299999999999999,3.0,2.0,False,25,,44,11.0,25.0,37.0,0.97,1.0,1.0,0.96,0.99,0.99
401810899,2026-03-23,False,0.44,0.44999999999999996,0.43000000000000005,2.0,2.0,False,10,,-6,-3.0,10.0,0.0,0.4,0.7,0.45999999999999996,0.39,0.69,0.44999999999999996
401810897,2026-03-23,True,0.22499999999999998,0.22999999999999998,0.21999999999999997,4.0,2.0,False,17,,8,20.0,17.0,8.0,0.6699999999999999,0.69,0.5900000000000001,0.6599999999999999,0.6799999999999999,0.5800000000000001
401810892,2026-03-23,True,0.89,0.9,0.88,2.0,2.0,False,25,,39,10.0,25.0,41.0,0.95,0.99,1.0,0.94,0.98,0.99
401810896,2026-03-23,False,0.395,0.4,0.39,2.0,2.0,False,-18,,-25,-7.0,-18.0,-27.0,0.29000000000000004,0.06999999999999995,0.010000000000000009,0.28,0.06000000000000005,0.0
401810893,2026-03-23,True,0.475,0.48,0.47,3.0,2.0,False,13,,3,-4.0,13.0,2.0,0.37,0.77,0.48,0.36,0.76,0.47
401810890,2026-03-22,False,0.785,0.79,0.78,2.0,2.0,False,-3,,-10,9.0,-3.0,1.0,0.88,0.72,0.74,0.87,0.71,0.73
401810891,2026-03-22,True,0.375,0.38,0.37,1.0,2.0,False,18,,22,14.0,18.0,28.0,0.6799999999999999,0.85,1.0,0.6699999999999999,0.84,0.99
401810889,2026-03-22,True,0.965,0.97,0.96,2.0,1.0,False,16,,32,5.0,16.0,24.0,0.97,0.99,1.0,0.96,0.98,0.99
401810888,2026-03-22,True,0.695,0.7,0.69,3.0,2.0,False,-5,,4,-4.0,-5.0,3.0,0.62,0.53,0.75,0.61,0.52,0.74
401810887,2026-03-22,True,0.755,0.76,0.75,2.0,2.0,False,6,,16,2.0,6.0,14.0,0.75,0.83,0.98,0.74,0.8200000000000001,0.97
401810884,2026-03-21,False,0.29000000000000004,0.30000000000000004,0.28,3.0,2.0,False,9,,-7,10.0,9.0,-1.0,0.48,0.5700000000000001,0.31000000000000005,0.45999999999999996,0.56,0.30000000000000004
401810882,2026-03-21,True,0.5650000000000001,0.5700000000000001,0.56,1.0,2.0,False,1,,1,3.0,1.0,-9.0,0.64,0.55,0.20999999999999996,0.63,0.54,0.19999999999999996
401810883,2026-03-21,True,0.925,0.93,0.92,2.0,3.0,False,13,,15,13.0,13.0,15.0,0.98,0.98,1.0,0.97,0.97,0.98
401810886,2026-03-21,False,0.835,0.84,0.83,2.0,2.0,False,-5,,-3,11.0,-5.0,1.0,0.93,0.65,0.76,0.92,0.64,0.75
401810880,2026-03-21,False,0.355,0.36,0.35,2.0,2.0,False,3,,-5,-6.0,3.0,12.0,0.28,0.48,0.83,0.27,0.47,0.82
401810879,2026-03-21,False,0.395,0.4,0.39,2.0,2.0,False,3,,-1,-7.0,3.0,5.0,0.29,0.46,0.56,0.28,0.45,0.55
401810874,2026-03-20,False,0.08499999999999999,0.09,0.08,2.0,2.0,False,-1,,-5,-2.0,-1.0,4.0,0.09,0.13,0.34,0.08,0.12,0.33
401810876,2026-03-20,True,0.705,0.71,0.7,2.0,2.0,False,4,,6,-3.0,4.0,-9.0,0.64,0.77,0.38,0.63,0.76,0.36
401810873,2026-03-20,True,0.595,0.6,0.59,2.0,2.0,False,8,,22,8.0,8.0,25.0,0.72,0.77,1.0,0.71,0.75,0.99
401810871,2026-03-20,False,0.065,0.06999999999999995,0.06000000000000005,2.0,3.0,False,6,,-1,8.0,6.0,-10.0,0.17000000000000004,0.22999999999999998,0.040000000000000036,0.16000000000000003,0.21999999999999997,0.030000000000000027
401810870,2026-03-19,False,0.435,0.44,0.43,2.0,2.0,False,-9,,-21,-12.0,-9.0,-18.0,0.21,0.22,0.03,0.2,0.21,0.02
401810869,2026-03-19,True,0.315,0.32,0.31,1.0,2.0,False,20,,32,11.0,20.0,21.0,0.54,0.86,0.98,0.53,0.85,0.97
401810866,2026-03-19,False,0.19499999999999995,0.19999999999999996,0.18999999999999995,1.0,2.0,False,-16,,-5,-10.0,-16.0,-20.0,0.13,0.050000000000000044,0.010000000000000009,0.12,0.040000000000000036,0.0
401810867,2026-03-19,True,0.605,0.61,0.6,1.0,1.0,False,3,,6,2.0,3.0,3.0,0.64,0.68,0.72,0.63,0.67,0.71
401810863,2026-03-19,True,0.6749999999999999,0.6799999999999999,0.6699999999999999,2.0,2.0,False,19,,19,2.0,19.0,33.0,0.7,0.95,1.0,0.69,0.94,0.99
401810864,2026-03-19,False,0.10500000000000001,0.11,0.1,2.0,2.0,False,-8,,-22,-22.0,-8.0,-10.0,0.02,0.09,0.04,0.01,0.07,0.03
401810860,2026-03-18,True,0.445,0.45,0.44,2.0,2.0,False,0,,15,-14.0,0.0,11.0,0.19,0.44,0.85,0.18,0.43,0.84
401858693,2026-03-18,True,0.125,0.13,0.12,2.0,1.0,False,0,,7,1.0,0.0,8.0,0.18,0.19,0.49,0.17,0.18,0.48
401810861,2026-03-18,False,0.255,0.26,0.25,2.0,2.0,False,-11,,-15,-7.0,-11.0,-19.0,0.18,0.13,0.01,0.16,0.12,0.0
401810859,2026-03-18,True,0.875,0.88,0.87,1.0,3.0,False,14,,36,12.0,14.0,26.0,0.9299999999999999,0.97,1.0,0.92,0.96,0.99
401810855,2026-03-18,False,0.04500000000000004,0.050000000000000044,0.040000000000000036,2.0,1.0,False,-36,,-29,-17.0,-36.0,-36.0,0.010000000000000009,0.010000000000000009,0.010000000000000009,0.0,0.0,0.0
401810857,2026-03-18,False,0.265,0.27,0.26,2.0,3.0,False,-27,,-30,-15.0,-27.0,-32.0,0.10999999999999999,0.020000000000000018,0.010000000000000009,0.09999999999999998,0.010000000000000009,0.0
401810854,2026-03-18,True,0.845,0.85,0.84,2.0,2.0,False,13,,21,13.0,13.0,16.0,0.94,0.95,0.99,0.92,0.94,0.98
401810852,2026-03-17,True,0.905,0.91,0.9,3.0,2.0,False,32,,28,16.0,32.0,29.0,0.98,1.0,1.0,0.97,0.99,0.99
401810853,2026-03-17,False,0.125,0.13,0.12,2.0,1.0,False,-31,,-28,-17.0,-31.0,-31.0,0.040000000000000036,0.010000000000000009,0.010000000000000009,0.030000000000000027,0.0,0.0
401810850,2026-03-17,False,0.165,0.17,0.16,2.0,2.0,False,1,,-7,-13.0,1.0,2.0,0.07,0.23,0.31,0.06,0.22,0.3
401810851,2026-03-17,True,0.5850000000000001,0.5900000000000001,0.5800000000000001,2.0,1.0,False,1,,12,-3.0,1.0,6.0,0.49,0.5800000000000001,0.78,0.48,0.5700000000000001,0.77
401810849,2026-03-17,True,0.875,0.88,0.87,2.0,2.0,False,8,,26,4.0,8.0,14.0,0.9,0.93,0.99,0.88,0.92,0.98
401810847,2026-03-17,False,0.20500000000000002,0.21,0.2,1.0,2.0,False,-1,,-5,-4.0,-1.0,-6.0,0.17,0.21,0.14,0.15,0.2,0.13
401810846,2026-03-17,True,0.645,0.65,0.64,3.0,3.0,False,2,,30,2.0,2.0,8.0,0.69,0.63,0.78,0.6799999999999999,0.62,0.77
401810842,2026-03-16,True,0.715,0.72,0.71,3.0,3.0,False,4,,25,2.0,4.0,11.0,0.73,0.74,0.9299999999999999,0.72,0.73,0.92
401810840,2026-03-16,False,0.185,0.18999999999999995,0.18000000000000005,2.0,1.0,False,-24,,-19,-15.0,-24.0,-26.0,0.040000000000000036,0.020000000000000018,0.010000000000000009,0.030000000000000027,0.010000000000000009,0.0
401810843,2026-03-16,True,0.745,0.75,0.74,3.0,1.0,False,13,,18,6.0,13.0,17.0,0.81,0.9,0.98,0.8,0.89,0.97
401810841,2026-03-16,True,0.775,0.78,0.77,2.0,3.0,False,4,,8,-1.0,4.0,5.0,0.76,0.8,0.81,0.75,0.79,0.8
401810839,2026-03-16,False,0.265,0.27,0.26,2.0,1.0,False,-7,,-8,-11.0,-7.0,-12.0,0.15,0.18,0.07,0.14,0.17,0.05
401810838,2026-03-16,True,0.5750000000000001,0.5800000000000001,0.5700000000000001,2.0,2.0,False,17,,12,13.0,17.0,21.0,0.8,0.9,1.0,0.79,0.89,0.99
401810837,2026-03-15,True,0.595,0.6,0.5900000000000001,1.0,2.0,False,5,,5,-2.0,5.0,1.0,0.54,0.72,0.63,0.53,0.71,0.61
401810836,2026-03-15,True,0.885,0.89,0.88,2.0,2.0,False,-9,,3,-14.0,-9.0,3.0,0.62,0.63,0.85,0.61,0.62,0.84
401810835,2026-03-15,True,0.245,0.25,0.24,1.0,2.0,False,-1,,6,3.0,-1.0,6.0,0.33999999999999997,0.30000000000000004,0.56,0.32999999999999996,0.29000000000000004,0.55
401810833,2026-03-15,True,0.415,0.42,0.41,2.0,2.0,False,-5,,11,1.0,-5.0,12.0,0.42,0.32,0.88,0.41,0.31,0.86
401810832,2026-03-15,False,0.895,0.9,0.89,2.0,2.0,False,-1,,-10,-4.0,-1.0,-14.0,0.83,0.81,0.25,0.81,0.8,0.24
401810831,2026-03-15,True,0.775,0.78,0.77,3.0,2.0,False,-6,,13,1.0,-6.0,4.0,0.78,0.6,0.79,0.77,0.59,0.78
401810827,2026-03-14,False,0.625,0.63,0.62,2.0,2.0,False,-16,,-4,-14.0,-16.0,-15.0,0.35,0.18000000000000005,0.07999999999999996,0.33999999999999997,0.17000000000000004,0.06999999999999995
401810826,2026-03-14,True,0.955,0.96,0.95,2.0,2.0,False,23,,11,2.0,23.0,21.0,0.94,1.0,1.0,0.9299999999999999,0.99,0.99
401810825,2026-03-14,True,0.8150000000000001,0.8200000000000001,0.81,2.0,2.0,False,8,,23,1.0,8.0,17.0,0.81,0.9,0.99,0.8,0.89,0.98
401810823,2026-03-13,True,0.865,0.87,0.86,2.0,1.0,False,6,,11,5.0,6.0,7.0,0.9,0.88,0.92,0.89,0.87,0.91
401810821,2026-03-13,False,0.345,0.35,0.33999999999999997,3.0,2.0,False,-21,,-10,-3.0,-21.0,-13.0,0.28,0.040000000000000036,0.050000000000000044,0.27,0.030000000000000027,0.040000000000000036
401810822,2026-03-13,True,0.905,0.91,0.9,3.0,2.0,False,8,,10,-10.0,8.0,6.0,0.74,0.92,0.92,0.73,0.91,0.91
401810819,2026-03-13,True,0.6849999999999999,0.69,0.6799999999999999,2.0,2.0,False,8,,2,4.0,8.0,8.0,0.72,0.8200000000000001,0.87,0.71,0.8,0.86
401810818,2026-03-13,True,0.645,0.65,0.64,2.0,1.0,False,-3,,7,2.0,-3.0,-6.0,0.68,0.52,0.38,0.67,0.51,0.37
401810817,2026-03-13,False,0.135,0.14,0.13,1.0,2.0,False,-11,,-9,-3.0,-11.0,-2.0,0.15000000000000002,0.07999999999999996,0.19999999999999996,0.14,0.06999999999999995,0.18999999999999995
401810816,2026-03-13,True,0.915,0.92,0.91,1.0,1.0,False,7,,16,2.0,7.0,14.0,0.91,0.9299999999999999,1.0,0.9,0.92,0.99
401810820,2026-03-13,False,0.14500000000000002,0.15,0.14,1.0,2.0,False,-17,,-33,-17.0,-17.0,-25.0,0.04,0.03,0.01,0.03,0.02,0.0
401810815,2026-03-12,True,0.825,0.83,0.82,2.0,2.0,False,5,,12,0.0,5.0,10.0,0.82,0.86,0.94,0.81,0.85,0.93
401810813,2026-03-12,False,0.575,0.58,0.57,2.0,1.0,False,16,,-5,12.0,16.0,12.0,0.74,0.88,0.9,0.73,0.87,0.89
401810812,2026-03-12,True,0.6749999999999999,0.6799999999999999,0.6699999999999999,2.0,2.0,False,8,,7,10.0,8.0,8.0,0.81,0.8,0.86,0.8,0.78,0.85
401810966,2026-03-12,False,0.345,0.35,0.34,2.0,2.0,False,-11,,-8,-12.0,-11.0,-2.0,0.18,0.16,0.32,0.17,0.14,0.31
401810811,2026-03-12,True,0.915,0.92,0.91,2.0,2.0,False,7,,11,9.0,7.0,3.0,0.95,0.9299999999999999,0.87,0.94,0.92,0.86
401810809,2026-03-12,False,0.20499999999999996,0.20999999999999996,0.19999999999999996,2.0,2.0,False,-6,,-15,0.0,-6.0,-8.0,0.21999999999999997,0.14,0.09999999999999998,0.20999999999999996,0.13,0.07999999999999996
401810810,2026-03-12,True,0.895,0.9,0.89,1.0,2.0,False,7,,5,10.0,7.0,15.0,0.95,0.92,1.0,0.94,0.91,0.98
401810808,2026-03-12,True,0.885,0.89,0.88,2.0,2.0,False,9,,22,9.0,9.0,23.0,0.95,0.9299999999999999,1.0,0.94,0.92,0.99
401810807,2026-03-11,True,0.535,0.54,0.53,2.0,1.0,False,9,,25,11.0,9.0,11.0,0.72,0.72,0.88,0.71,0.71,0.87
401810802,2026-03-11,True,0.405,0.41,0.4,3.0,2.0,False,0,,6,3.0,0.0,7.0,0.47,0.44,0.7,0.45,0.43,0.69
401810804,2026-03-11,False,0.11499999999999999,0.12,0.11,2.0,2.0,False,9,,-17,15.0,9.0,-2.0,0.38,0.4,0.16,0.37,0.38,0.15
401810805,2026-03-11,True,0.695,0.7,0.69,2.0,1.0,False,6,,36,4.0,6.0,24.0,0.74,0.76,1.0,0.73,0.75,0.99
401810801,2026-03-10,True,0.42500000000000004,0.43000000000000005,0.42000000000000004,2.0,3.0,False,0,,14,-5.0,0.0,16.0,0.35,0.45999999999999996,0.94,0.32999999999999996,0.44999999999999996,0.9299999999999999
401810794,2026-03-10,True,0.785,0.79,0.78,3.0,2.0,False,11,,12,14.0,11.0,4.0,0.92,0.88,0.83,0.91,0.87,0.8200000000000001
401810795,2026-03-10,True,0.635,0.64,0.63,2.0,2.0,False,9,,14,0.0,9.0,3.0,0.63,0.81,0.71,0.62,0.8,0.7
401810796,2026-03-10,False,0.45499999999999996,0.45999999999999996,0.44999999999999996,2.0,2.0,False,3,,-15,-6.0,3.0,-3.0,0.33999999999999997,0.55,0.37,0.32999999999999996,0.54,0.36
401810797,2026-03-10,True,0.585,0.59,0.58,2.0,2.0,False,0,,9,-2.0,0.0,7.0,0.54,0.65,0.85,0.53,0.64,0.84
401810799,2026-03-10,False,0.445,0.45,0.44,2.0,2.0,False,9,,-2,14.0,9.0,4.0,0.71,0.71,0.64,0.7,0.7,0.63
401810800,2026-03-10,True,0.585,0.59,0.58,2.0,2.0,False,-17,,5,-1.0,-17.0,-10.0,0.58,0.18,0.21,0.57,0.17,0.19
401810793,2026-03-10,True,0.905,0.91,0.9,2.0,2.0,False,14,,21,11.0,14.0,16.0,0.95,0.98,1.0,0.94,0.97,0.99
401810792,2026-03-10,False,0.09499999999999997,0.09999999999999998,0.08999999999999997,1.0,2.0,False,-33,,-38,-11.0,-33.0,-32.0,0.050000000000000044,0.010000000000000009,0.010000000000000009,0.040000000000000036,0.0,0.0
401810791,2026-03-10,True,0.625,0.63,0.62,1.0,1.0,False,-3,,10,0.0,-3.0,-6.0,0.62,0.54,0.35,0.61,0.53,0.34
401810789,2026-03-09,True,0.28500000000000003,0.29,0.28,2.0,2.0,False,4,,3,2.0,4.0,7.0,0.35,0.42,0.6,0.34,0.41,0.59
401810790,2026-03-09,True,0.46499999999999997,0.47,0.45999999999999996,2.0,1.0,False,9,,8,4.0,9.0,7.0,0.53,0.69,0.71,0.52,0.6799999999999999,0.7
401810786,2026-03-09,True,0.875,0.88,0.87,1.0,2.0,False,12,,14,6.0,12.0,21.0,0.92,0.97,1.0,0.9,0.96,0.99
401810788,2026-03-09,True,0.575,0.58,0.57,2.0,3.0,False,6,,3,-3.0,6.0,3.0,0.52,0.68,0.65,0.51,0.67,0.64
401810787,2026-03-09,True,0.515,0.52,0.51,2.0,2.0,False,8,,11,2.0,8.0,5.0,0.55,0.71,0.72,0.54,0.7,0.71
401810784,2026-03-08,True,0.785,0.79,0.78,2.0,2.0,False,17,,20,0.0,17.0,20.0,0.76,0.96,0.99,0.75,0.95,0.98
401810785,2026-03-08,True,0.365,0.37,0.36,3.0,3.0,False,14,,16,5.0,14.0,15.0,0.46,0.78,0.93,0.45,0.76,0.91
401810783,2026-03-08,True,0.36,0.37,0.35,2.0,2.0,False,2,,12,-2.0,2.0,4.0,0.33,0.46,0.6,0.31,0.45,0.59
401810781,2026-03-08,False,0.345,0.35,0.33999999999999997,1.0,1.0,False,-12,,-39,-10.0,-12.0,-30.0,0.19999999999999996,0.14,0.010000000000000009,0.18999999999999995,0.13,0.0
401810779,2026-03-08,True,0.945,0.95,0.94,3.0,2.0,False,13,,30,7.0,13.0,,0.98,1.0,,0.97,0.99,
401810782,2026-03-08,True,0.675,0.68,0.67,2.0,2.0,False,12,,25,-1.0,12.0,16.0,0.63,0.88,0.97,0.62,0.87,0.96
401810780,2026-03-08,True,0.755,0.77,0.74,2.0,3.0,False,5,,20,-3.0,5.0,9.0,0.91,0.9299999999999999,0.9299999999999999,0.9,0.92,0.92
401810777,2026-03-08,True,0.5800000000000001,0.5900000000000001,0.5700000000000001,2.0,2.0,False,5,,13,8.0,5.0,,0.52,0.94,,0.51,0.9299999999999999,
401810773,2026-03-07,False,0.275,0.28,0.27,3.0,1.0,False,1,,-3,18.0,1.0,1.0,0.62,0.28,0.35,0.61,0.27,0.34
401810774,2026-03-07,True,0.795,0.8,0.79,3.0,2.0,False,7,,14,11.0,7.0,7.0,0.9,0.87,0.89,0.89,0.85,0.88
401810775,2026-03-07,True,0.835,0.84,0.83,3.0,2.0,False,13,,7,6.0,13.0,3.0,0.88,0.94,0.8,0.86,0.93,0.79
401810771,2026-03-07,False,0.865,0.87,0.86,2.0,2.0,False,16,,-2,13.0,16.0,11.0,0.97,0.99,0.98,0.96,0.98,0.97
401810772,2026-03-07,True,0.705,0.71,0.7,3.0,3.0,False,-7,,9,-10.0,-7.0,3.0,0.5,0.48,0.73,0.49,0.47,0.71
401810770,2026-03-07,False,0.695,0.7,0.69,2.0,2.0,False,-10,,-27,3.0,-10.0,-12.0,0.75,0.41000000000000003,0.18000000000000005,0.74,0.4,0.17000000000000004
401810769,2026-03-06,True,0.785,0.79,0.78,1.0,2.0,False,13,,11,8.0,13.0,19.0,0.88,0.93,1.0,0.87,0.92,0.99
401810768,2026-03-06,True,0.725,0.73,0.72,1.0,2.0,False,-20,,4,-7.0,-20.0,-11.0,0.57,0.18,0.22,0.56,0.16,0.21
401810767,2026-03-06,True,0.625,0.63,0.62,1.0,1.0,False,6,,2,-3.0,6.0,11.0,0.54,0.75,0.93,0.53,0.74,0.92
401810765,2026-03-06,True,0.715,0.72,0.71,1.0,2.0,False,1,,7,-7.0,1.0,-5.0,0.5900000000000001,0.69,0.43999999999999995,0.5800000000000001,0.6699999999999999,0.43000000000000005
401810764,2026-03-06,False,0.715,0.72,0.71,2.0,1.0,False,3,,-8,-3.0,3.0,3.0,0.6699999999999999,0.74,0.72,0.6599999999999999,0.73,0.71
401810763,2026-03-06,True,0.895,0.9,0.89,2.0,1.0,False,5,,20,-1.0,5.0,10.0,0.88,0.91,0.97,0.87,0.9,0.96
401810760,2026-03-05,False,0.825,0.83,0.82,2.0,2.0,False,-5,,-2,-4.0,-5.0,-6.0,0.73,0.65,0.54,0.71,0.64,0.53
401810757,2026-03-05,False,0.795,0.8,0.79,3.0,3.0,False,-4,,-2,-10.0,-4.0,1.0,0.63,0.7,0.73,0.62,0.69,0.71
401810759,2026-03-05,True,0.575,0.58,0.57,2.0,2.0,False,16,,15,15.0,16.0,8.0,0.84,0.89,0.88,0.83,0.88,0.87
401810758,2026-03-05,True,0.655,0.6599999999999999,0.65,2.0,2.0,False,1,,8,4.0,1.0,14.0,0.72,0.6599999999999999,0.96,0.71,0.64,0.95
401810754,2026-03-05,True,0.75,0.76,0.74,2.0,2.0,False,-2,,1,-7.0,-2.0,3.0,0.6,0.68,0.79,0.59,0.67,0.78
401810755,2026-03-05,False,0.605,0.61,0.6,2.0,1.0,False,-18,,-10,-14.0,-18.0,-9.0,0.33,0.14,0.21,0.32,0.13,0.2
401810753,2026-03-04,True,0.835,0.84,0.83,2.0,3.0,False,12,,23,17.0,12.0,25.0,0.97,0.96,1.0,0.95,0.95,0.99
401810751,2026-03-04,False,0.235,0.24,0.22999999999999998,1.0,3.0,False,0,,-8,-4.0,0.0,-4.0,0.18999999999999995,0.28,0.18000000000000005,0.18000000000000005,0.27,0.17000000000000004
401810752,2026-03-04,False,0.495,0.5,0.49,2.0,3.0,False,5,,-18,13.0,5.0,-9.0,0.77,0.66,0.18,0.75,0.65,0.17
401810750,2026-03-04,True,0.735,0.74,0.73,1.0,2.0,False,5,,4,7.0,5.0,-1.0,0.84,0.8200000000000001,0.7,0.83,0.81,0.6799999999999999
401810749,2026-03-04,False,0.695,0.7,0.69,2.0,1.0,False,-21,,-29,-12.0,-21.0,-23.0,0.48,0.12,0.020000000000000018,0.45999999999999996,0.10999999999999999,0.010000000000000009
401810748,2026-03-04,False,0.385,0.39,0.38,1.0,1.0,False,-10,,-3,-2.0,-10.0,3.0,0.38,0.18999999999999995,0.52,0.37,0.18000000000000005,0.51
401810747,2026-03-03,False,0.225,0.23,0.22,2.0,5.0,False,-4,,-11,8.0,-4.0,-15.0,0.38,0.21,0.03,0.37,0.2,0.02
401810745,2026-03-03,True,0.865,0.87,0.86,2.0,2.0,False,-5,,7,-9.0,-5.0,7.0,0.76,0.76,0.91,0.74,0.75,0.9
401810741,2026-03-03,True,0.845,0.85,0.84,3.0,2.0,False,15,,26,6.0,15.0,16.0,0.89,0.98,0.99,0.88,0.97,0.98
401810744,2026-03-03,False,0.22499999999999998,0.22999999999999998,0.21999999999999997,2.0,2.0,False,-1,,-8,-4.0,-1.0,-11.0,0.17000000000000004,0.26,0.06000000000000005,0.16000000000000003,0.25,0.050000000000000044
401810743,2026-03-03,False,0.255,0.26,0.25,2.0,2.0,False,-25,,-40,-7.0,-25.0,-49.0,0.18000000000000005,0.010000000000000009,0.010000000000000009,0.16000000000000003,0.0,0.0
401810742,2026-03-03,False,0.435,0.44,0.43,3.0,2.0,False,-10,,-16,-1.0,-10.0,-5.0,0.42,0.21,0.25,0.41,0.2,0.23
401810739,2026-03-03,True,0.42500000000000004,0.43000000000000005,0.42000000000000004,2.0,2.0,False,6,,4,-2.0,6.0,9.0,0.4,0.61,0.79,0.39,0.6,0.78
401810738,2026-03-03,True,0.855,0.86,0.85,3.0,2.0,False,9,,27,8.0,9.0,20.0,0.9299999999999999,0.94,1.0,0.92,0.9299999999999999,0.99
401810740,2026-03-03,True,0.905,0.91,0.9,2.0,1.0,False,3,,17,3.0,3.0,16.0,0.9299999999999999,0.9,1.0,0.92,0.89,0.99
401810736,2026-03-02,False,0.165,0.17,0.16,2.0,1.0,False,1,,-3,1.0,1.0,-7.0,0.2,0.2,0.1,0.19,0.19,0.09
401810737,2026-03-02,False,0.485,0.49,0.48,2.0,1.0,False,14,,-13,12.0,14.0,2.0,0.72,0.83,0.52,0.71,0.8200000000000001,0.5
401810734,2026-03-02,False,0.10500000000000001,0.11,0.1,2.0,2.0,False,-9,,-5,4.0,-9.0,-14.0,0.19,0.07,0.02,0.18,0.06,0.01
401810729,2026-03-01,True,0.745,0.75,0.74,2.0,3.0,False,12,,16,-2.0,12.0,6.0,0.7,0.89,0.83,0.69,0.88,0.8200000000000001
401810732,2026-03-01,True,0.745,0.75,0.74,3.0,1.0,False,6,,20,11.0,6.0,13.0,0.89,0.85,0.97,0.88,0.83,0.96
401810730,2026-03-01,False,0.345,0.35,0.34,3.0,2.0,False,7,,-14,3.0,7.0,-6.0,0.4,0.55,0.2,0.39,0.54,0.19
401810728,2026-03-01,True,0.6749999999999999,0.6799999999999999,0.6699999999999999,3.0,1.0,False,17,,34,19.0,17.0,18.0,0.92,0.94,0.99,0.91,0.9299999999999999,0.98
401810727,2026-03-01,False,0.495,0.5,0.49,3.0,2.0,False,-5,,-19,0.0,-5.0,-8.0,0.5,0.36,0.19999999999999996,0.48,0.35,0.18999999999999995
401810726,2026-03-01,False,0.5650000000000001,0.5700000000000001,0.56,2.0,3.0,False,-8,,-9,9.0,-8.0,-8.0,0.74,0.37,0.30000000000000004,0.73,0.36,0.29000000000000004
401810723,2026-03-01,True,0.485,0.49,0.48,2.0,3.0,False,10,,25,1.0,10.0,11.0,0.51,0.7,0.84,0.49,0.69,0.8200000000000001
401810721,2026-02-28,False,0.395,0.4,0.39,3.0,2.0,False,-18,,-28,-13.0,-18.0,-27.0,0.16000000000000003,0.07999999999999996,0.010000000000000009,0.15000000000000002,0.06999999999999995,0.0
401810718,2026-02-28,True,0.705,0.71,0.7,2.0,2.0,False,8,,16,12.0,8.0,7.0,0.85,0.85,0.87,0.84,0.84,0.86
401810717,2026-02-27,True,0.695,0.7,0.69,2.0,2.0,False,-9,,6,-14.0,-9.0,-6.0,0.4,0.44,0.39,0.39,0.43,0.38
401810716,2026-02-27,False,0.645,0.65,0.64,1.0,2.0,False,-20,,-19,-14.0,-20.0,-31.0,0.32999999999999996,0.12,0.010000000000000009,0.31000000000000005,0.10999999999999999,0.0
401810715,2026-02-27,False,0.265,0.27,0.26,2.0,3.0,False,-20,,-29,-8.0,-20.0,-20.0,0.18999999999999995,0.040000000000000036,0.010000000000000009,0.17000000000000004,0.030000000000000027,0.0
401810714,2026-02-27,True,0.905,0.91,0.9,2.0,1.0,False,9,,37,3.0,9.0,26.0,0.92,0.95,1.0,0.91,0.93,0.99
401810713,2026-02-27,True,0.755,0.76,0.75,2.0,2.0,False,-4,,3,-8.0,-4.0,1.0,0.61,0.65,0.73,0.6,0.63,0.71
401810711,2026-02-26,False,0.335,0.34,0.33,3.0,2.0,False,-17,,-11,1.0,-17.0,-15.0,0.34,0.05,0.04,0.33,0.04,0.03
401810710,2026-02-26,True,0.335,0.34,0.33,2.0,2.0,False,0,,3,-5.0,0.0,0.0,0.25,0.32,0.39,0.24,0.31,0.38
401810708,2026-02-26,False,0.405,0.41000000000000003,0.4,2.0,2.0,False,-6,,-9,2.0,-6.0,-7.0,0.44999999999999996,0.29000000000000004,0.20999999999999996,0.43999999999999995,0.28,0.19999999999999996
401810705,2026-02-26,True,0.8150000000000001,0.8200000000000001,0.81,2.0,2.0,False,20,,30,11.0,20.0,18.0,0.89,0.98,0.99,0.88,0.97,0.98
401810706,2026-02-26,False,0.16500000000000004,0.17000000000000004,0.16000000000000003,2.0,1.0,False,-15,,-16,-14.0,-15.0,-20.0,0.06999999999999995,0.040000000000000036,0.010000000000000009,0.06000000000000005,0.020000000000000018,0.0
401810707,2026-02-26,False,0.425,0.43,0.42,2.0,1.0,False,10,,-5,7.0,10.0,-1.0,0.56,0.73,0.46,0.55,0.72,0.45
401810703,2026-02-26,False,0.165,0.17,0.16,2.0,2.0,False,-21,,-24,3.0,-21.0,-25.0,0.24,0.02,0.01,0.23,0.01,0.0
401810704,2026-02-26,True,0.555,0.56,0.55,2.0,2.0,False,16,,7,1.0,16.0,8.0,0.56,0.9,0.79,0.54,0.88,0.78
401810700,2026-02-25,True,0.875,0.88,0.87,2.0,2.0,False,27,,31,11.0,27.0,31.0,0.94,1.0,1.0,0.9299999999999999,0.99,0.99
401810698,2026-02-25,False,0.335,0.34,0.33,1.0,2.0,False,2,,-3,-1.0,2.0,12.0,0.33,0.43,0.85,0.32,0.42,0.84
401810699,2026-02-25,False,0.375,0.38,0.37,2.0,1.0,False,-21,,-21,-3.0,-21.0,-20.0,0.34,0.06,0.02,0.33,0.05,0.0
401810695,2026-02-24,False,0.695,0.7,0.69,2.0,2.0,False,3,,-1,8.0,3.0,1.0,0.8,0.72,0.65,0.79,0.71,0.64
401810696,2026-02-24,False,0.325,0.33,0.32,2.0,2.0,False,-3,,-3,-6.0,-3.0,-2.0,0.26,0.3,0.34,0.25,0.29,0.33
401810692,2026-02-24,True,0.315,0.32,0.31,2.0,3.0,False,5,,11,1.0,5.0,-4.0,0.36,0.49,0.22,0.34,0.47,0.21
401810691,2026-02-24,False,0.255,0.26,0.25,2.0,2.0,False,-1,,-32,0.0,-1.0,-27.0,0.3,0.27,0.01,0.28,0.26,0.0
401810694,2026-02-24,False,0.335,0.34,0.33,2.0,2.0,False,-4,,-16,5.0,-4.0,-23.0,0.43,0.29,0.01,0.42,0.28,0.0
401810693,2026-02-24,True,0.475,0.48,0.47,3.0,2.0,False,7,,4,12.0,7.0,5.0,0.73,0.69,0.73,0.72,0.68,0.72
401810690,2026-02-24,True,0.605,0.61,0.6,2.0,2.0,False,6,,15,9.0,6.0,18.0,0.75,0.74,0.97,0.74,0.72,0.96
401810689,2026-02-24,False,0.49,0.5,0.48,2.0,2.0,False,-9,,-9,7.0,-9.0,-18.0,0.63,0.28,0.03,0.61,0.27,0.02
401810687,2026-02-24,True,0.845,0.85,0.84,2.0,2.0,False,17,,21,15.0,17.0,36.0,0.94,0.98,1.0,0.9299999999999999,0.97,0.99
401810686,2026-02-24,False,0.185,0.18999999999999995,0.18000000000000005,2.0,2.0,False,-10,,-21,8.0,-10.0,-21.0,0.33999999999999997,0.08999999999999997,0.010000000000000009,0.32999999999999996,0.07999999999999996,0.0
401810684,2026-02-23,False,0.555,0.56,0.55,2.0,2.0,False,-2,,-9,-8.0,-2.0,-3.0,0.42000000000000004,0.48,0.42000000000000004,0.41000000000000003,0.45999999999999996,0.4
401810685,2026-02-23,True,0.865,0.87,0.86,2.0,3.0,False,21,,20,16.0,21.0,25.0,0.97,0.99,1.0,0.96,0.98,0.99
401810683,2026-02-23,False,0.525,0.53,0.52,2.0,2.0,False,-2,,-11,3.0,-2.0,-8.0,0.6,0.47,0.24,0.5900000000000001,0.45999999999999996,0.22999999999999998
401810681,2026-02-22,False,0.405,0.41000000000000003,0.4,1.0,2.0,False,-9,,-15,0.0,-9.0,-14.0,0.43999999999999995,0.29000000000000004,0.050000000000000044,0.42000000000000004,0.28,0.040000000000000036
401810682,2026-02-22,False,0.62,0.63,0.61,2.0,1.0,False,-4,,-2,-4.0,-4.0,1.0,0.55,0.51,0.65,0.54,0.5,0.64
401810680,2026-02-22,False,0.22499999999999998,0.22999999999999998,0.21999999999999997,1.0,1.0,False,1,,-6,2.0,1.0,-5.0,0.28,0.31000000000000005,0.18000000000000005,0.27,0.30000000000000004,0.17000000000000004
401810679,2026-02-22,False,0.755,0.76,0.75,2.0,1.0,False,-10,,-27,-9.0,-10.0,-16.0,0.5900000000000001,0.45999999999999996,0.13,0.5800000000000001,0.44999999999999996,0.10999999999999999
401810676,2026-02-22,False,0.485,0.49,0.48,2.0,2.0,False,-5,,-4,-3.0,-5.0,-8.0,0.44,0.35,0.2,0.43,0.34,0.19
401810673,2026-02-22,True,0.775,0.78,0.77,2.0,2.0,False,4,,11,2.0,4.0,2.0,0.79,0.8,0.74,0.77,0.78,0.73
401810674,2026-02-22,False,0.385,0.39,0.38,2.0,3.0,False,-9,,-28,5.0,-9.0,-19.0,0.51,0.19999999999999996,0.020000000000000018,0.5,0.18999999999999995,0.010000000000000009
401810672,2026-02-22,True,0.39,0.4,0.38,2.0,2.0,False,9,,8,15.0,9.0,3.0,0.69,0.64,0.49,0.68,0.63,0.48
401810671,2026-02-21,True,0.605,0.61,0.6,2.0,2.0,False,-1,,2,6.0,-1.0,-16.0,0.72,0.54,0.07,0.7,0.53,0.05
401810669,2026-02-21,False,0.17500000000000004,0.18000000000000005,0.17000000000000004,2.0,2.0,False,-3,,-16,2.0,-3.0,-21.0,0.25,0.18999999999999995,0.010000000000000009,0.24,0.18000000000000005,0.0
401810670,2026-02-21,True,0.925,0.93,0.92,2.0,2.0,False,8,,17,4.0,8.0,11.0,0.94,0.95,0.97,0.93,0.93,0.96
401810668,2026-02-21,True,0.825,0.83,0.82,1.0,1.0,False,5,,16,6.0,5.0,18.0,0.87,0.85,0.99,0.85,0.84,0.98
401810666,2026-02-21,True,0.59,0.6,0.58,2.0,2.0,False,-8,,3,-4.0,-8.0,4.0,0.51,0.31,0.69,0.5,0.3,0.68
401810664,2026-02-20,True,0.685,0.69,0.68,8.0,1.0,False,7,,3,11.0,7.0,4.0,0.85,0.79,0.76,0.83,0.78,0.75
401810663,2026-02-20,True,0.895,0.9,0.89,8.0,1.0,False,17,,19,-2.0,17.0,10.0,0.86,0.97,0.96,0.85,0.96,0.95
401810662,2026-02-20,False,0.615,0.62,0.61,9.0,8.0,False,-6,,-21,5.0,-6.0,-7.0,0.7,0.43,0.36,0.68,0.41,0.34
401810665,2026-02-20,False,0.495,0.5,0.49,8.0,1.0,False,-29,,-54,-14.0,-29.0,-40.0,0.23,0.03,0.01,0.22,0.02,0.0
401810661,2026-02-20,True,0.865,0.87,0.86,9.0,8.0,False,12,,11,15.0,12.0,8.0,0.96,0.95,0.93,0.95,0.94,0.92
401810659,2026-02-20,True,0.5650000000000001,0.5700000000000001,0.56,9.0,8.0,False,-12,,9,-4.0,-12.0,-1.0,0.45999999999999996,0.26,0.53,0.43999999999999995,0.25,0.52
401810658,2026-02-20,True,0.525,0.53,0.52,1.0,1.0,False,-11,,13,-5.0,-11.0,0.0,0.43,0.25,0.52,0.42,0.24,0.51
401810651,2026-02-19,False,0.595,0.6,0.59,8.0,8.0,False,-10,,-15,-2.0,-10.0,-11.0,0.55,0.3,0.18,0.54,0.29,0.17
401810647,2026-02-19,False,0.365,0.37,0.36,8.0,8.0,False,-1,,-4,9.0,-1.0,-2.0,0.56,0.39,0.35,0.55,0.38,0.33999999999999997
401810653,2026-02-19,True,0.725,0.73,0.72,8.0,8.0,False,12,,27,5.0,12.0,27.0,0.79,0.91,1.0,0.78,0.9,0.99
401810656,2026-02-19,True,0.37,0.38,0.36,8.0,8.0,False,-7,,1,1.0,-7.0,1.0,0.42,0.22,0.45,0.4,0.21,0.44
401810648,2026-02-19,True,0.895,0.9,0.89,8.0,8.0,False,22,,28,18.0,22.0,35.0,0.98,0.99,1.0,0.97,0.98,0.99
401810655,2026-02-19,False,0.25,0.26,0.24,8.0,8.0,False,-9,,-37,10.0,-9.0,-18.0,0.48,0.15,0.02,0.47,0.14,0.01
401810654,2026-02-19,False,0.335,0.34,0.33,8.0,8.0,False,-23,,-11,-4.0,-23.0,-29.0,0.28,0.04,0.01,0.27,0.03,0.0
401810646,2026-02-12,True,0.695,0.7,0.69,2.0,2.0,False,1,,20,5.0,1.0,14.0,0.74,0.67,0.95,0.73,0.66,0.94
401810644,2026-02-12,False,0.835,0.84,0.83,1.0,1.0,False,-12,,-17,-5.0,-12.0,-16.0,0.74,0.45,0.15,0.73,0.44,0.14
401810643,2026-02-11,False,0.315,0.31999999999999995,0.31000000000000005,2.0,1.0,False,4,,-13,7.0,4.0,0.0,0.43000000000000005,0.38,0.30000000000000004,0.42000000000000004,0.37,0.29000000000000004
401810641,2026-02-11,True,0.655,0.66,0.65,2.0,2.0,False,27,,28,19.0,27.0,34.0,0.91,0.98,1.0,0.9,0.97,0.99
401810637,2026-02-11,False,0.745,0.75,0.74,1.0,1.0,False,10,,-3,7.0,10.0,6.0,0.8200000000000001,0.87,0.84,0.81,0.86,0.8200000000000001
401810639,2026-02-11,False,0.535,0.54,0.53,2.0,2.0,False,-3,,-12,-6.0,-3.0,-11.0,0.42,0.44,0.14,0.4,0.43,0.13
401810633,2026-02-11,True,0.855,0.86,0.85,3.0,2.0,False,28,,19,9.0,28.0,28.0,0.91,1.0,1.0,0.9,0.99,0.99
401810636,2026-02-11,False,0.505,0.51,0.5,3.0,2.0,False,-15,,-18,-10.0,-15.0,-20.0,0.31,0.17,0.03,0.3,0.15,0.02
401810630,2026-02-11,True,0.545,0.55,0.54,2.0,2.0,False,9,,3,8.0,9.0,14.0,0.7,0.74,0.93,0.69,0.73,0.92
401810632,2026-02-11,False,0.815,0.82,0.81,2.0,2.0,False,-1,,-8,4.0,-1.0,-5.0,0.83,0.73,0.53,0.82,0.72,0.52
401810631,2026-02-11,True,0.895,0.9,0.89,2.0,3.0,False,15,,25,16.0,15.0,19.0,0.97,0.98,1.0,0.96,0.97,0.98
401810629,2026-02-10,False,0.15500000000000003,0.16000000000000003,0.15000000000000002,1.0,3.0,False,-29,,-28,-17.0,-29.0,-34.0,0.050000000000000044,0.010000000000000009,0.010000000000000009,0.040000000000000036,0.0,0.0
401810627,2026-02-10,True,0.735,0.74,0.73,3.0,2.0,False,-1,,7,1.0,-1.0,6.0,0.73,0.7,0.84,0.72,0.69,0.83
401810628,2026-02-10,True,0.735,0.74,0.73,3.0,3.0,False,17,,9,20.0,17.0,21.0,0.95,0.93,1.0,0.93,0.92,0.99
401810623,2026-02-09,True,0.745,0.75,0.74,2.0,2.0,False,-8,,1,0.0,-8.0,-13.0,0.72,0.49,0.18000000000000005,0.71,0.48,0.17000000000000004
401810625,2026-02-09,True,0.605,0.61,0.6,2.0,2.0,False,-1,,17,-2.0,-1.0,26.0,0.56,0.55,1.0,0.55,0.54,0.99
401810624,2026-02-09,False,0.30500000000000005,0.31000000000000005,0.30000000000000004,2.0,2.0,False,-9,,-9,-1.0,-9.0,-2.0,0.31999999999999995,0.19999999999999996,0.36,0.31000000000000005,0.18999999999999995,0.35
401810621,2026-02-09,True,0.765,0.77,0.76,3.0,2.0,False,15,,26,5.0,15.0,25.0,0.8200000000000001,0.94,1.0,0.81,0.9299999999999999,0.99
401810620,2026-02-09,True,0.745,0.75,0.74,1.0,2.0,False,25,,22,7.0,25.0,19.0,0.84,0.98,0.99,0.83,0.97,0.98
401810617,2026-02-09,True,0.41500000000000004,0.42000000000000004,0.41000000000000003,2.0,2.0,False,6,,8,-4.0,6.0,0.0,0.33999999999999997,0.5700000000000001,0.4,0.32999999999999996,0.56,0.38
401810616,2026-02-09,False,0.42500000000000004,0.43000000000000005,0.42000000000000004,2.0,3.0,False,-4,,-6,4.0,-4.0,-10.0,0.51,0.35,0.12,0.5,0.33999999999999997,0.09999999999999998
401810615,2026-02-08,False,0.755,0.76,0.75,2.0,2.0,False,-12,,-19,-4.0,-12.0,-21.0,0.68,0.39,0.04,0.67,0.38,0.03
401810614,2026-02-08,True,0.755,0.76,0.75,3.0,2.0,False,-2,,18,1.0,-2.0,16.0,0.75,0.66,0.99,0.74,0.64,0.98
401810612,2026-02-08,False,0.5750000000000001,0.5800000000000001,0.5700000000000001,2.0,2.0,False,-7,,-22,-11.0,-7.0,-17.0,0.38,0.4,0.06000000000000005,0.37,0.39,0.050000000000000044
401810608,2026-02-07,True,0.545,0.55,0.54,2.0,2.0,False,-1,,6,-1.0,-1.0,8.0,0.56,0.53,0.82,0.55,0.52,0.81
401810611,2026-02-07,False,0.165,0.17,0.16,1.0,3.0,False,-2,,-6,6.0,-2.0,3.0,0.27,0.19,0.37,0.25,0.18,0.36
401810609,2026-02-07,False,0.555,0.56,0.55,2.0,2.0,False,-11,,-6,-2.0,-11.0,-10.0,0.51,0.25,0.18,0.5,0.23,0.17
401810607,2026-02-07,False,0.245,0.25,0.24,2.0,3.0,False,6,,-16,-3.0,6.0,7.0,0.21999999999999997,0.43000000000000005,0.5700000000000001,0.20999999999999996,0.41000000000000003,0.56
401810606,2026-02-07,False,0.46499999999999997,0.47,0.45999999999999996,2.0,2.0,False,0,,-7,3.0,0.0,-8.0,0.5,0.47,0.21999999999999997,0.49,0.45999999999999996,0.20999999999999996
401810605,2026-02-07,True,0.725,0.73,0.72,2.0,2.0,False,-11,,3,3.0,-11.0,-7.0,0.75,0.43999999999999995,0.35,0.74,0.43000000000000005,0.33999999999999997
401810604,2026-02-07,True,0.795,0.8,0.79,2.0,2.0,False,14,,13,7.0,14.0,23.0,0.86,0.95,1.0,0.85,0.94,0.99
401810602,2026-02-07,True,0.715,0.72,0.71,2.0,2.0,False,33,,14,26.0,33.0,19.0,0.96,0.99,0.99,0.95,0.98,0.98
401810603,2026-02-07,False,0.595,0.6,0.59,3.0,2.0,False,6,,-6,0.0,6.0,-6.0,0.57,0.7,0.34,0.56,0.68,0.33
401810600,2026-02-06,True,0.725,0.73,0.72,3.0,2.0,False,4,,20,-11.0,4.0,19.0,0.52,0.78,0.99,0.51,0.77,0.98
401810598,2026-02-06,True,0.475,0.48,0.47,2.0,3.0,False,7,,6,-6.0,7.0,18.0,0.38,0.67,0.97,0.37,0.65,0.96
401810596,2026-02-06,True,0.6649999999999999,0.6699999999999999,0.6599999999999999,2.0,3.0,False,-21,,2,-14.0,-21.0,0.0,0.38,0.12,0.63,0.37,0.10999999999999999,0.62
401810597,2026-02-06,True,0.655,0.6599999999999999,0.65,1.0,2.0,False,21,,38,11.0,21.0,30.0,0.8,0.95,1.0,0.79,0.94,0.99
401810595,2026-02-05,True,0.555,0.56,0.55,2.0,2.0,False,-8,,4,-6.0,-8.0,-2.0,0.44999999999999996,0.32999999999999996,0.4,0.43999999999999995,0.31999999999999995,0.38
401810591,2026-02-05,True,0.735,0.74,0.73,1.0,2.0,False,7,,16,8.0,7.0,12.0,0.83,0.82,0.95,0.82,0.81,0.94
401810592,2026-02-05,False,0.625,0.63,0.62,1.0,3.0,False,-12,,-10,-3.0,-12.0,-16.0,0.58,0.31,0.09,0.57,0.3,0.08
401810590,2026-02-05,True,0.735,0.74,0.73,2.0,2.0,False,1,,2,-1.0,1.0,-4.0,0.7,0.71,0.52,0.6799999999999999,0.7,0.51
401810589,2026-02-05,True,0.775,0.78,0.77,2.0,2.0,False,16,,20,8.0,16.0,21.0,0.85,0.95,1.0,0.84,0.94,0.99
401810588,2026-02-05,False,0.905,0.91,0.9,2.0,2.0,False,-4,,-9,-13.0,-4.0,-11.0,0.72,0.76,0.36,0.7,0.75,0.35
401810587,2026-02-04,False,0.425,0.43,0.42,2.0,3.0,False,-20,,-33,-18.0,-20.0,-26.0,0.12,0.08,0.01,0.1,0.06,0.0
401810585,2026-02-04,True,0.785,0.79,0.78,3.0,1.0,False,15,,10,13.0,15.0,10.0,0.9,0.95,0.94,0.89,0.94,0.93
401810583,2026-02-04,False,0.725,0.73,0.72,2.0,1.0,False,-7,,-21,-1.0,-7.0,-22.0,0.72,0.53,0.03,0.71,0.52,0.02
401810582,2026-02-04,False,0.445,0.45,0.44,3.0,2.0,False,13,,-2,3.0,13.0,10.0,0.53,0.79,0.82,0.52,0.77,0.81
401810576,2026-02-03,False,0.295,0.3,0.29,3.0,2.0,False,-8,,-10,-3.0,-8.0,-19.0,0.25,0.16,0.03,0.24,0.15,0.02
401810578,2026-02-03,True,0.825,0.83,0.8200000000000001,2.0,2.0,False,27,,36,25.0,27.0,26.0,0.98,1.0,1.0,0.97,0.98,0.99
401810579,2026-02-03,False,0.625,0.63,0.62,4.0,1.0,False,-3,,-19,1.0,-3.0,-13.0,0.63,0.5,0.12,0.62,0.48,0.10999999999999999
401810577,2026-02-03,True,0.475,0.48,0.47,2.0,2.0,False,25,,16,15.0,25.0,16.0,0.76,0.95,0.96,0.75,0.94,0.95
401810573,2026-02-03,False,0.155,0.16,0.15,2.0,2.0,False,-27,,-31,-16.0,-27.0,-31.0,0.05,0.01,0.01,0.04,0.0,0.0
401810572,2026-02-03,False,0.42500000000000004,0.43000000000000005,0.42000000000000004,1.0,2.0,False,0,,-9,7.0,0.0,-7.0,0.5700000000000001,0.42000000000000004,0.20999999999999996,0.56,0.41000000000000003,0.18999999999999995
401810570,2026-02-02,False,0.49,0.5,0.48,1.0,2.0,False,-19,,-15,-19.0,-19.0,-13.0,0.18000000000000005,0.09999999999999998,0.08999999999999997,0.17000000000000004,0.08999999999999997,0.07999999999999996
401810569,2026-02-02,True,0.275,0.28,0.27,2.0,2.0,False,8,,9,7.0,8.0,12.0,0.4,0.51,0.79,0.39,0.5,0.78
401810567,2026-02-02,True,0.6849999999999999,0.69,0.6799999999999999,2.0,2.0,False,-15,,7,-7.0,-15.0,-4.0,0.56,0.28,0.52,0.55,0.27,0.51
401810565,2026-02-01,False,0.365,0.37,0.36,2.0,2.0,False,-9,,-19,-5.0,-9.0,-20.0,0.3,0.2,0.03,0.29,0.19,0.02
401810566,2026-02-01,False,0.32499999999999996,0.32999999999999996,0.31999999999999995,2.0,3.0,False,-7,,-10,-6.0,-7.0,-16.0,0.25,0.22999999999999998,0.040000000000000036,0.24,0.21999999999999997,0.030000000000000027
401810563,2026-02-01,True,0.675,0.68,0.67,2.0,2.0,False,-4,,12,-6.0,-4.0,8.0,0.54,0.54,0.86,0.53,0.52,0.85
401810564,2026-02-01,False,0.575,0.58,0.57,2.0,2.0,False,-6,,-24,-4.0,-6.0,-14.0,0.51,0.39,0.09,0.5,0.38,0.08
401810560,2026-02-01,True,0.655,0.66,0.65,1.0,1.0,False,22,,43,21.0,22.0,39.0,0.93,0.97,1.0,0.92,0.96,0.99
401810562,2026-02-01,True,0.475,0.48,0.47,2.0,2.0,False,5,,4,9.0,5.0,6.0,0.68,0.64,0.74,0.66,0.63,0.72
401810556,2026-01-31,True,0.785,0.79,0.78,2.0,2.0,False,8,,4,3.0,8.0,5.0,0.8,0.87,0.85,0.79,0.86,0.84
401810553,2026-01-31,True,0.475,0.48,0.47,3.0,2.0,False,7,,5,-4.0,7.0,3.0,0.4,0.67,0.57,0.39,0.65,0.56
401810547,2026-01-31,False,0.655,0.66,0.65,2.0,2.0,False,7,,-7,-6.0,7.0,-7.0,0.51,0.77,0.35,0.5,0.76,0.33
401810552,2026-01-31,True,0.385,0.39,0.38,2.0,3.0,False,14,,5,-4.0,14.0,10.0,0.31999999999999995,0.77,0.77,0.31000000000000005,0.76,0.76
401810554,2026-01-31,True,0.675,0.68,0.67,2.0,1.0,False,13,,10,-2.0,13.0,6.0,0.61,0.88,0.82,0.6,0.87,0.81
401810551,2026-01-30,False,0.535,0.54,0.53,2.0,1.0,False,-13,,-7,-8.0,-13.0,-13.0,0.38,0.21,0.1,0.37,0.2,0.09
401810548,2026-01-30,True,0.455,0.46,0.45,1.0,2.0,False,5,,13,1.0,5.0,18.0,0.5,0.61,0.95,0.48,0.6,0.94
401810550,2026-01-30,True,0.435,0.43999999999999995,0.43000000000000005,1.0,3.0,False,9,,13,8.0,9.0,12.0,0.61,0.72,0.88,0.6,0.71,0.87
401810542,2026-01-30,True,0.555,0.56,0.55,2.0,2.0,False,-7,,10,1.0,-7.0,-13.0,0.5700000000000001,0.39,0.14,0.54,0.38,0.13
401810545,2026-01-30,True,0.695,0.7,0.69,2.0,3.0,False,10,,30,15.0,10.0,18.0,0.88,0.86,0.98,0.87,0.85,0.97
401810546,2026-01-30,True,0.585,0.59,0.58,3.0,2.0,False,-3,,8,-4.0,-3.0,17.0,0.54,0.51,0.96,0.52,0.49,0.93
401810544,2026-01-30,True,0.825,0.83,0.8200000000000001,2.0,1.0,False,26,,19,15.0,26.0,23.0,0.95,0.99,1.0,0.94,0.97,0.99
401810543,2026-01-30,False,0.185,0.19,0.18,1.0,2.0,False,-29,,-31,-14.0,-29.0,-24.0,0.08,0.01,0.01,0.07,0.0,0.0
401810541,2026-01-29,True,0.355,0.36,0.35,1.0,2.0,False,13,,12,12.0,13.0,16.0,0.61,0.73,0.9299999999999999,0.6,0.72,0.92
401810539,2026-01-29,True,0.685,0.69,0.68,2.0,2.0,False,15,,4,4.0,15.0,3.0,0.74,0.94,0.74,0.73,0.93,0.72
401810540,2026-01-29,True,0.415,0.42,0.41,2.0,2.0,False,16,,18,4.0,16.0,12.0,0.46,0.81,0.84,0.44,0.8,0.83
401810538,2026-01-29,False,0.415,0.42,0.41,1.0,1.0,False,-1,,-2,-13.0,-1.0,0.0,0.22,0.42,0.46,0.21,0.41,0.43
401810537,2026-01-29,False,0.29500000000000004,0.30000000000000004,0.29000000000000004,1.0,1.0,False,-1,,-18,0.0,-1.0,-12.0,0.31999999999999995,0.31000000000000005,0.06999999999999995,0.30000000000000004,0.30000000000000004,0.06000000000000005
401850920,2026-01-29,False,0.44499999999999995,0.44999999999999996,0.43999999999999995,1.0,1.0,False,-11,,-3,-3.0,-11.0,-6.0,0.41000000000000003,0.19999999999999996,0.24,0.39,0.18999999999999995,0.22999999999999998
401810535,2026-01-29,True,0.775,0.78,0.77,2.0,2.0,False,6,,2,3.0,6.0,-4.0,0.77,0.8200000000000001,0.51,0.76,0.81,0.5
401810532,2026-01-28,False,0.255,0.26,0.25,3.0,2.0,False,-10,,-13,-2.0,-10.0,-17.0,0.25,0.14,0.040000000000000036,0.24,0.13,0.030000000000000027
401810534,2026-01-28,False,0.555,0.56,0.55,2.0,3.0,False,8,,-12,10.0,8.0,2.0,0.73,0.72,0.62,0.72,0.71,0.61
401810531,2026-01-28,False,0.445,0.45,0.44,2.0,2.0,False,-7,,-15,-8.0,-7.0,-15.0,0.3,0.29,0.08,0.29,0.28,0.07
401810530,2026-01-28,False,0.535,0.54,0.53,3.0,1.0,False,4,,-27,10.0,4.0,-12.0,0.74,0.62,0.13,0.73,0.61,0.12
401810528,2026-01-28,False,0.655,0.66,0.65,2.0,2.0,False,-14,,-11,-20.0,-14.0,-11.0,0.27,0.25,0.18,0.26,0.24,0.17
401810526,2026-01-28,True,0.595,0.6,0.5900000000000001,2.0,2.0,False,2,,30,-4.0,2.0,22.0,0.54,0.63,0.98,0.53,0.61,0.97
401810529,2026-01-28,False,0.5750000000000001,0.5800000000000001,0.5700000000000001,3.0,2.0,False,9,,-9,-7.0,9.0,-11.0,0.4,0.75,0.18999999999999995,0.39,0.74,0.18000000000000005
401810527,2026-01-28,True,0.455,0.46,0.45,2.0,2.0,False,-4,,3,-9.0,-4.0,-9.0,0.27,0.35,0.18,0.26,0.34,0.17
401810525,2026-01-27,False,0.255,0.26,0.25,3.0,2.0,False,1,,-12,11.0,1.0,-15.0,0.42,0.31,0.05,0.41,0.3,0.03
401810524,2026-01-27,True,0.735,0.74,0.73,2.0,2.0,False,9,,4,-1.0,9.0,7.0,0.69,0.86,0.85,0.68,0.85,0.84
401810523,2026-01-27,False,0.29500000000000004,0.30000000000000004,0.29000000000000004,2.0,2.0,False,-6,,-2,-13.0,-6.0,-10.0,0.13,0.20999999999999996,0.12,0.12,0.19999999999999996,0.10999999999999999
401810520,2026-01-27,True,0.865,0.87,0.86,3.0,2.0,False,1,,16,10.0,1.0,0.0,0.9299999999999999,0.8200000000000001,0.71,0.92,0.8,0.7
401810521,2026-01-27,True,0.765,0.77,0.76,1.0,2.0,False,9,,17,8.0,9.0,11.0,0.86,0.88,0.93,0.85,0.87,0.92
401810519,2026-01-27,True,0.315,0.32,0.31,3.0,1.0,False,7,,4,-2.0,7.0,-1.0,0.3,0.51,0.33,0.28,0.5,0.32
401810516,2026-01-26,False,0.46499999999999997,0.47,0.45999999999999996,2.0,2.0,False,-13,,-11,-4.0,-13.0,-15.0,0.4,0.16000000000000003,0.06000000000000005,0.38,0.15000000000000002,0.050000000000000044
401810512,2026-01-26,True,0.555,0.56,0.55,2.0,2.0,False,25,,37,6.0,25.0,50.0,0.65,0.94,1.0,0.64,0.9299999999999999,0.99
401810517,2026-01-26,True,0.8150000000000001,0.8200000000000001,0.81,3.0,1.0,False,-3,,9,-1.0,-3.0,-1.0,0.76,0.6699999999999999,0.6799999999999999,0.75,0.6599999999999999,0.6699999999999999
401810514,2026-01-26,True,0.645,0.65,0.64,3.0,3.0,False,-4,,16,-4.0,-4.0,3.0,0.55,0.53,0.72,0.54,0.52,0.71
401810513,2026-01-26,True,0.655,0.6599999999999999,0.65,2.0,2.0,False,5,,16,-10.0,5.0,10.0,0.44999999999999996,0.76,0.9,0.43999999999999995,0.75,0.89
401810510,2026-01-25,False,0.615,0.62,0.61,2.0,1.0,False,-10,,-9,-11.0,-10.0,-5.0,0.38,0.32,0.36,0.37,0.31,0.34
401810509,2026-01-25,False,0.815,0.82,0.81,3.0,2.0,False,-9,,-9,3.0,-9.0,-14.0,0.84,0.57,0.2,0.83,0.56,0.19
401810503,2026-01-24,False,0.385,0.39,0.38,2.0,2.0,False,-13,,-6,-9.0,-13.0,8.0,0.25,0.15000000000000002,0.69,0.24,0.13,0.6799999999999999
401810502,2026-01-24,True,0.415,0.42,0.41,2.0,1.0,False,-6,,3,2.0,-6.0,3.0,0.45,0.29,0.54,0.43,0.28,0.52
401810501,2026-01-24,False,0.525,0.53,0.52,2.0,1.0,False,-7,,-14,-2.0,-7.0,-12.0,0.5,0.35,0.13,0.49,0.34,0.12
401810500,2026-01-24,True,0.805,0.81,0.8,2.0,2.0,False,8,,4,1.0,8.0,12.0,0.8,0.87,0.95,0.78,0.86,0.9299999999999999
401810498,2026-01-24,False,0.49,0.5,0.48,2.0,3.0,False,4,,-3,0.0,4.0,-13.0,0.52,0.6,0.12,0.5,0.59,0.11
401810497,2026-01-23,False,0.395,0.4,0.39,1.0,2.0,False,-7,,-12,-7.0,-7.0,-2.0,0.29000000000000004,0.26,0.32999999999999996,0.28,0.25,0.31999999999999995
401810495,2026-01-23,False,0.73,0.74,0.72,2.0,1.0,False,-6,,-2,0.0,-6.0,-15.0,0.72,0.54,0.13,0.71,0.53,0.12
401810496,2026-01-23,False,0.885,0.89,0.88,2.0,2.0,False,-5,,-3,-11.0,-5.0,-4.0,0.75,0.74,0.69,0.74,0.73,0.68
401810493,2026-01-23,True,0.825,0.83,0.8200000000000001,2.0,2.0,False,-3,,5,0.0,-3.0,9.0,0.83,0.75,0.9299999999999999,0.8200000000000001,0.73,0.92
401810494,2026-01-23,False,0.635,0.64,0.63,2.0,2.0,False,5,,-6,0.0,5.0,8.0,0.61,0.73,0.87,0.6,0.72,0.86
401810492,2026-01-23,False,0.235,0.24,0.22999999999999998,2.0,2.0,False,6,,-4,0.0,6.0,3.0,0.25,0.43000000000000005,0.43000000000000005,0.24,0.42000000000000004,0.42000000000000004
401810489,2026-01-22,True,0.585,0.59,0.58,4.0,2.0,False,1,,17,7.0,1.0,11.0,0.72,0.61,0.89,0.71,0.59,0.87
401810488,2026-01-22,True,0.5650000000000001,0.5700000000000001,0.56,2.0,2.0,False,17,,8,7.0,17.0,14.0,0.69,0.9,0.92,0.6799999999999999,0.88,0.91
401810487,2026-01-22,False,0.165,0.17,0.16,2.0,2.0,False,-12,,-17,0.0,-12.0,-5.0,0.21,0.09,0.17,0.2,0.07,0.16
401810482,2026-01-22,False,0.595,0.6,0.59,4.0,1.0,False,-21,,-27,-12.0,-21.0,-30.0,0.32,0.1,0.01,0.3,0.09,0.0
401810485,2026-01-22,True,0.315,0.31999999999999995,0.31000000000000005,3.0,2.0,False,5,,8,-3.0,5.0,-5.0,0.30000000000000004,0.45999999999999996,0.22999999999999998,0.29000000000000004,0.44999999999999996,0.21999999999999997
401810486,2026-01-22,False,0.765,0.77,0.76,2.0,2.0,False,1,,-5,6.0,1.0,-3.0,0.83,0.75,0.58,0.82,0.74,0.57
401810484,2026-01-22,False,0.305,0.31,0.3,3.0,2.0,False,-2,,-10,-4.0,-2.0,-6.0,0.26,0.3,0.17,0.25,0.29,0.15
401810480,2026-01-21,False,0.17500000000000004,0.18000000000000005,0.17000000000000004,2.0,2.0,False,-18,,-20,-20.0,-18.0,-22.0,0.050000000000000044,0.040000000000000036,0.010000000000000009,0.030000000000000027,0.030000000000000027,0.0
401810478,2026-01-21,False,0.52,0.53,0.51,3.0,2.0,False,-7,,-2,1.0,-7.0,1.0,0.54,0.34,0.57,0.52,0.33,0.55
401810476,2026-01-21,True,0.795,0.8,0.79,2.0,2.0,False,20,,15,10.0,20.0,13.0,0.88,0.97,0.97,0.87,0.96,0.95
401810474,2026-01-20,False,0.385,0.39,0.38,2.0,1.0,False,-13,,-13,-7.0,-13.0,-11.0,0.3,0.18,0.12,0.28,0.17,0.1
401810473,2026-01-20,False,0.615,0.62,0.61,1.0,2.0,False,-20,,-18,-13.0,-20.0,-14.0,0.37,0.10999999999999999,0.10999999999999999,0.36,0.09999999999999998,0.09999999999999998
401810472,2026-01-20,False,0.405,0.41000000000000003,0.4,2.0,2.0,False,14,,-8,9.0,14.0,2.0,0.56,0.73,0.54,0.55,0.72,0.53
401810471,2026-01-20,True,0.14500000000000002,0.15,0.14,1.0,3.0,False,1,,5,-5.0,1.0,-12.0,0.13,0.23,0.04,0.12,0.22,0.03
401810470,2026-01-20,True,0.615,0.62,0.61,2.0,1.0,False,-10,,5,-11.0,-10.0,-10.0,0.41000000000000003,0.33999999999999997,0.18999999999999995,0.39,0.31999999999999995,0.17000000000000004
401810467,2026-01-19,True,0.645,0.65,0.64,2.0,2.0,False,4,,23,2.0,4.0,11.0,0.6599999999999999,0.71,0.89,0.65,0.7,0.88
401809250,2026-01-19,True,0.555,0.56,0.55,2.0,2.0,False,10,,1,-1.0,10.0,2.0,0.51,0.74,0.61,0.49,0.73,0.6
401810463,2026-01-19,False,0.28500000000000003,0.29,0.28,2.0,3.0,False,-1,,-4,0.0,-1.0,2.0,0.31,0.32,0.51,0.3,0.31,0.5
401809249,2026-01-19,False,0.835,0.84,0.83,2.0,2.0,False,-28,,-17,-9.0,-28.0,-23.0,0.72,0.12,0.04,0.7,0.11,0.03
401809248,2026-01-19,False,0.33499999999999996,0.33999999999999997,0.32999999999999996,3.0,2.0,False,-15,,-32,-5.0,-15.0,-12.0,0.25,0.09999999999999998,0.07999999999999996,0.24,0.08999999999999997,0.06999999999999995
401809247,2026-01-19,False,0.515,0.52,0.51,2.0,4.0,False,-16,,-2,-1.0,-16.0,-8.0,0.49,0.15000000000000002,0.24,0.48,0.13,0.22999999999999998
401810461,2026-01-18,False,0.485,0.49,0.48,2.0,1.0,False,-11,,-7,0.0,-11.0,-11.0,0.5,0.22,0.15,0.49,0.21,0.14
401810462,2026-01-18,True,0.555,0.56,0.55,1.0,2.0,False,1,,17,-7.0,1.0,7.0,0.4,0.5900000000000001,0.8200000000000001,0.39,0.5800000000000001,0.81
401810459,2026-01-18,True,0.865,0.87,0.86,2.0,2.0,False,10,,9,2.0,10.0,7.0,0.86,0.9299999999999999,0.92,0.85,0.92,0.91
401810460,2026-01-18,False,0.435,0.44,0.43,1.0,1.0,False,-26,,-23,-15.0,-26.0,-30.0,0.2,0.06,0.01,0.19,0.05,0.0
401810458,2026-01-18,True,0.695,0.7,0.69,2.0,2.0,False,19,,22,17.0,19.0,24.0,0.9,0.95,1.0,0.89,0.93,0.99
401810456,2026-01-17,True,0.585,0.59,0.58,2.0,2.0,False,10,,16,13.0,10.0,17.0,0.8,0.79,0.96,0.79,0.78,0.95
401810454,2026-01-17,True,0.705,0.71,0.7,2.0,2.0,False,12,,20,11.0,12.0,18.0,0.82,0.88,0.97,0.81,0.87,0.96
401810450,2026-01-17,True,0.875,0.88,0.87,2.0,1.0,False,35,,43,20.0,35.0,39.0,0.97,1.0,1.0,0.96,0.99,0.99
401810451,2026-01-17,False,0.52,0.53,0.51,2.0,2.0,False,1,,-7,8.0,1.0,-3.0,0.6699999999999999,0.54,0.4,0.6599999999999999,0.53,0.39
401810449,2026-01-17,False,0.405,0.41000000000000003,0.4,2.0,2.0,False,-31,,-26,-7.0,-31.0,-43.0,0.31000000000000005,0.030000000000000027,0.010000000000000009,0.30000000000000004,0.020000000000000018,0.0
401810448,2026-01-17,True,0.5850000000000001,0.5900000000000001,0.5800000000000001,2.0,2.0,False,12,,18,13.0,12.0,12.0,0.81,0.84,0.91,0.8,0.83,0.9
401810447,2026-01-16,True,0.705,0.71,0.7,2.0,2.0,False,6,,13,19.0,6.0,17.0,0.92,0.8,0.96,0.91,0.79,0.95
401810446,2026-01-16,True,0.595,0.6,0.5900000000000001,1.0,3.0,False,-2,,5,-5.0,-2.0,-1.0,0.51,0.55,0.56,0.49,0.54,0.55
401810445,2026-01-16,False,0.565,0.57,0.56,2.0,2.0,False,9,,-4,8.0,9.0,11.0,0.73,0.79,0.89,0.72,0.77,0.87
401810442,2026-01-16,True,0.51,0.52,0.5,2.0,2.0,False,17,,3,4.0,17.0,17.0,0.6,0.88,0.95,0.5900000000000001,0.87,0.94
401810443,2026-01-16,True,0.625,0.63,0.62,2.0,2.0,False,7,,8,-2.0,7.0,9.0,0.5700000000000001,0.76,0.88,0.55,0.75,0.86
401810440,2026-01-15,True,0.395,0.4,0.39,2.0,2.0,False,-2,,16,8.0,-2.0,1.0,0.52,0.37,0.5,0.51,0.35,0.48
401810438,2026-01-15,True,0.555,0.56,0.55,1.0,1.0,False,20,,22,11.0,20.0,33.0,0.75,0.94,1.0,0.73,0.92,0.99
401810435,2026-01-15,False,0.415,0.42,0.41,2.0,3.0,False,10,,-5,11.0,10.0,10.0,0.66,0.69,0.8,0.63,0.68,0.78
401810436,2026-01-15,False,0.38,0.39,0.37,2.0,2.0,False,-7,,-20,-2.0,-7.0,-2.0,0.33999999999999997,0.25,0.38,0.32999999999999996,0.24,0.37
401810434,2026-01-15,True,0.705,0.71,0.7,5.0,2.0,False,-7,,3,-9.0,-7.0,-1.0,0.5700000000000001,0.5,0.6,0.56,0.49,0.5800000000000001
401810433,2026-01-15,True,0.665,0.67,0.66,4.0,4.0,False,-9,,7,-16.0,-9.0,5.0,0.34,0.45,0.78,0.32,0.43,0.77
401810431,2026-01-14,True,0.20500000000000002,0.21,0.2,2.0,3.0,False,3,,11,,14.0,20.0,,0.69,0.96,,0.68,0.95
401810432,2026-01-14,True,0.805,0.81,0.8,2.0,3.0,False,19,,14,15.0,19.0,7.0,0.94,0.97,0.91,0.9299999999999999,0.95,0.9
401810430,2026-01-14,False,0.515,0.52,0.51,2.0,1.0,False,-10,,-9,-6.0,,-10.0,0.39,,0.12,0.38,,0.10999999999999999
401810428,2026-01-14,True,0.6649999999999999,0.6699999999999999,0.6599999999999999,1.0,2.0,False,9,,2,-3.0,9.0,0.0,0.5900000000000001,0.8200000000000001,0.6,0.5800000000000001,0.81,0.5900000000000001
401810426,2026-01-14,False,0.515,0.52,0.51,2.0,2.0,False,-19,,-14,-21.0,-19.0,-16.0,0.18999999999999995,0.14,0.06000000000000005,0.18000000000000005,0.12,0.050000000000000044
401810427,2026-01-14,False,0.505,0.51,0.5,2.0,2.0,False,-13,,-26,-15.0,-13.0,-18.0,0.23,0.2,0.06,0.22,0.19,0.05
401810425,2026-01-13,True,0.805,0.81,0.8,2.0,2.0,False,26,,22,14.0,26.0,24.0,0.92,1.0,0.99,0.91,0.99,0.98
401810421,2026-01-13,False,0.535,0.54,0.53,2.0,2.0,False,-31,,-33,-18.0,-31.0,-28.0,0.20999999999999996,0.030000000000000027,0.010000000000000009,0.18999999999999995,0.020000000000000018,0.0
401810419,2026-01-13,True,0.525,0.53,0.52,2.0,2.0,False,17,,6,8.0,17.0,0.0,0.6799999999999999,0.89,0.52,0.6699999999999999,0.88,0.5
401810423,2026-01-13,True,0.725,0.73,0.72,2.0,2.0,False,3,,21,6.0,3.0,19.0,0.79,0.74,0.97,0.78,0.73,0.95
401810418,2026-01-12,True,0.625,0.63,0.62,2.0,2.0,False,2,,8,-2.0,2.0,2.0,0.59,0.66,0.67,0.58,0.65,0.65
401810417,2026-01-12,True,0.245,0.25,0.24,1.0,3.0,False,7,,12,4.0,7.0,12.0,0.34,0.46,0.78,0.33,0.45,0.77
401810416,2026-01-12,True,0.585,0.59,0.58,2.0,1.0,False,11,,8,9.0,11.0,7.0,0.75,0.81,0.77,0.74,0.8,0.76
401810414,2026-01-12,True,0.345,0.35,0.34,2.0,2.0,False,-3,,2,-5.0,-3.0,2.0,0.28,0.32,0.5,0.27,0.3,0.48
401810413,2026-01-12,False,0.825,0.83,0.8200000000000001,2.0,2.0,False,8,,-11,-12.0,8.0,-4.0,0.6699999999999999,0.89,0.5900000000000001,0.6599999999999999,0.88,0.5800000000000001
401810412,2026-01-11,True,0.14500000000000002,0.15,0.14,2.0,2.0,False,1,,13,-1.0,1.0,2.0,0.18,0.28,0.38,0.17,0.25,0.37
401810410,2026-01-11,True,0.875,0.88,0.87,2.0,2.0,False,15,,19,4.0,15.0,29.0,0.87,0.97,1.0,0.86,0.9299999999999999,0.99
401810409,2026-01-11,True,0.33499999999999996,0.33999999999999997,0.32999999999999996,2.0,2.0,False,10,,4,4.0,10.0,11.0,0.4,0.5700000000000001,0.79,0.39,0.56,0.77
401810406,2026-01-11,False,0.335,0.34,0.33,2.0,2.0,False,-5,,-9,0.0,-5.0,-5.0,0.35,0.28,0.27,0.34,0.25,0.25
401810405,2026-01-11,True,0.485,0.49,0.48,2.0,2.0,False,10,,1,-3.0,10.0,-8.0,0.45,0.76,0.24,0.43,0.74,0.23
401810404,2026-01-11,True,0.705,0.71,0.7,2.0,2.0,False,11,,5,11.0,11.0,3.0,0.85,0.87,0.77,0.83,0.86,0.75
401810403,2026-01-11,True,0.7,0.71,0.69,2.0,2.0,False,-1,,10,0.0,-1.0,-7.0,0.7,0.64,0.38,0.69,0.63,0.37
401810402,2026-01-10,False,0.345,0.35,0.34,2.0,2.0,False,-39,,-55,-31.0,-39.0,-51.0,0.04,0.01,0.01,0.03,0.0,0.0
401810399,2026-01-10,False,0.515,0.52,0.51,3.0,1.0,False,14,,-6,14.0,14.0,8.0,0.75,0.81,0.75,0.74,0.8,0.73
401810400,2026-01-10,False,0.49,0.5,0.48,1.0,3.0,False,5,,-5,5.0,5.0,2.0,0.56,0.5900000000000001,0.5700000000000001,0.55,0.5800000000000001,0.56
401810401,2026-01-10,True,0.615,0.62,0.61,2.0,2.0,False,11,,18,8.0,11.0,15.0,0.75,0.84,0.95,0.74,0.83,0.94
401810398,2026-01-10,True,0.30500000000000005,0.31000000000000005,0.30000000000000004,2.0,2.0,False,16,,24,18.0,16.0,27.0,0.6699999999999999,0.76,0.99,0.6599999999999999,0.75,0.98
401810397,2026-01-10,True,0.5650000000000001,0.5700000000000001,0.56,2.0,2.0,False,-2,,12,-4.0,-2.0,8.0,0.5,0.48,0.79,0.49,0.47,0.77
401810395,2026-01-09,True,0.305,0.31,0.3,2.0,2.0,False,-1,,6,-1.0,-1.0,-13.0,0.31,0.33,0.07,0.3,0.31,0.05
401810396,2026-01-09,False,0.5850000000000001,0.5900000000000001,0.5800000000000001,2.0,2.0,False,-9,,-4,1.0,-9.0,-9.0,0.61,0.38,0.28,0.6,0.36,0.26
401810394,2026-01-09,True,0.86,0.87,0.85,2.0,3.0,False,4,,34,5.0,4.0,13.0,0.88,0.85,0.95,0.87,0.83,0.94
401810393,2026-01-09,True,0.495,0.5,0.49,2.0,2.0,False,2,,5,5.0,2.0,8.0,0.57,0.52,0.8,0.56,0.51,0.79
401810390,2026-01-09,False,0.32499999999999996,0.32999999999999996,0.31999999999999995,2.0,2.0,False,-16,,-16,-10.0,-16.0,-15.0,0.17000000000000004,0.06999999999999995,0.050000000000000044,0.16000000000000003,0.06000000000000005,0.040000000000000036
401810391,2026-01-09,False,0.33499999999999996,0.33999999999999997,0.32999999999999996,2.0,2.0,False,19,,-1,10.0,19.0,13.0,0.54,0.83,0.85,0.53,0.8200000000000001,0.84
401810388,2026-01-09,False,0.405,0.41000000000000003,0.4,2.0,2.0,False,1,,-12,4.0,1.0,-4.0,0.49,0.47,0.32999999999999996,0.48,0.44999999999999996,0.31000000000000005
401810389,2026-01-09,False,0.435,0.44,0.43,2.0,2.0,False,-10,,-21,-2.0,-10.0,-16.0,0.4,0.23,0.07,0.39,0.22,0.05
401810387,2026-01-09,True,0.76,0.77,0.75,2.0,2.0,False,8,,8,7.0,8.0,11.0,0.83,0.87,0.94,0.81,0.86,0.9299999999999999
401810386,2026-01-08,True,0.375,0.38,0.37,1.0,2.0,False,3,,2,5.0,3.0,-1.0,0.48,0.48,0.38,0.47,0.47,0.37
401810385,2026-01-08,True,0.575,0.58,0.57,2.0,2.0,False,-4,,9,1.0,-4.0,17.0,0.58,0.46,0.95,0.57,0.44,0.94
401810383,2026-01-08,False,0.625,0.63,0.62,1.0,2.0,False,-2,,-2,-3.0,-2.0,-3.0,0.6,0.5900000000000001,0.43000000000000005,0.5900000000000001,0.5800000000000001,0.42000000000000004
401810378,2026-01-07,True,0.725,0.73,0.72,1.0,1.0,False,5,,16,3.0,5.0,11.0,0.77,0.78,0.91,0.76,0.77,0.9
401810382,2026-01-07,True,0.295,0.3,0.29,2.0,2.0,False,10,,1,3.0,10.0,6.0,0.36,0.57,0.59,0.35,0.56,0.57
401810381,2026-01-07,True,0.6849999999999999,0.69,0.6799999999999999,2.0,3.0,False,11,,7,0.0,11.0,16.0,0.6799999999999999,0.85,0.97,0.6699999999999999,0.84,0.96
401810374,2026-01-07,True,0.795,0.8,0.79,2.0,1.0,False,12,,17,11.0,12.0,23.0,0.9,0.9299999999999999,1.0,0.89,0.92,0.99
401810379,2026-01-07,False,0.33999999999999997,0.35,0.32999999999999996,1.0,2.0,False,-18,,-19,-7.0,-18.0,-23.0,0.26,0.06999999999999995,0.010000000000000009,0.24,0.06000000000000005,0.0
401810380,2026-01-07,True,0.905,0.91,0.9,2.0,2.0,False,5,,4,9.0,5.0,5.0,0.94,0.91,0.88,0.9299999999999999,0.9,0.86
401810377,2026-01-07,True,0.645,0.65,0.64,2.0,2.0,False,-5,,12,-4.0,-5.0,3.0,0.6,0.5,0.69,0.58,0.49,0.67
401810376,2026-01-07,False,0.45499999999999996,0.45999999999999996,0.44999999999999996,3.0,1.0,False,-5,,-1,2.0,-5.0,-15.0,0.49,0.33999999999999997,0.050000000000000044,0.48,0.32999999999999996,0.040000000000000036
401810375,2026-01-07,False,0.755,0.76,0.75,2.0,2.0,False,0,,-4,4.0,0.0,3.0,0.79,0.72,0.79,0.78,0.7,0.77
401810373,2026-01-07,True,0.865,0.87,0.86,2.0,1.0,False,6,,21,7.0,6.0,12.0,0.91,0.9,0.96,0.9,0.89,0.95
401810372,2026-01-07,True,0.75,0.76,0.74,2.0,2.0,False,2,,15,6.0,2.0,-1.0,0.8,0.73,0.63,0.79,0.71,0.61
401810369,2026-01-06,False,0.335,0.34,0.33,2.0,2.0,False,3,,-8,-4.0,3.0,7.0,0.28,0.42,0.62,0.26,0.41,0.6
401810368,2026-01-06,True,0.645,0.65,0.64,2.0,2.0,False,7,,28,-2.0,7.0,16.0,0.6,0.76,0.95,0.58,0.75,0.94
401810365,2026-01-06,False,0.32,0.33,0.31,2.0,2.0,False,7,,-4,6.0,7.0,9.0,0.44,0.52,0.69,0.42,0.51,0.68
401810366,2026-01-06,True,0.28500000000000003,0.29,0.28,2.0,2.0,False,12,,8,1.0,12.0,14.0,0.32,0.65,0.89,0.3,0.62,0.88
401810360,2026-01-05,True,0.725,0.73,0.72,2.0,1.0,False,-6,,3,-4.0,-6.0,0.0,0.62,0.55,0.6599999999999999,0.61,0.53,0.64
401810364,2026-01-05,True,0.655,0.6599999999999999,0.65,2.0,2.0,False,21,,20,10.0,21.0,31.0,0.78,0.96,1.0,0.77,0.95,0.99
401810363,2026-01-05,True,0.375,0.38,0.37,2.0,2.0,False,4,,1,12.0,4.0,12.0,0.63,0.5,0.83,0.62,0.49,0.82
401810362,2026-01-05,False,0.875,0.88,0.87,2.0,1.0,False,0,,-1,-3.0,0.0,6.0,0.83,0.81,0.89,0.82,0.8,0.87
401810359,2026-01-05,True,0.565,0.57,0.56,2.0,2.0,False,12,,18,5.0,12.0,13.0,0.66,0.83,0.93,0.65,0.82,0.91
401810358,2026-01-05,True,0.805,0.81,0.8,2.0,2.0,False,21,,14,17.0,21.0,18.0,0.94,0.97,0.99,0.92,0.96,0.98
401810361,2026-01-05,False,0.895,0.9,0.89,1.0,2.0,False,-17,,-27,0.0,-17.0,-28.0,0.89,0.47,0.04,0.88,0.46,0.03
401810357,2026-01-05,True,0.475,0.48,0.47,1.0,2.0,False,10,,31,1.0,10.0,20.0,0.52,0.73,0.97,0.5,0.71,0.96
401810356,2026-01-04,True,0.6649999999999999,0.6699999999999999,0.6599999999999999,2.0,2.0,False,-11,,6,-8.0,-11.0,-4.0,0.5,0.35,0.48,0.48,0.33999999999999997,0.47
401810353,2026-01-04,False,0.215,0.22,0.21,2.0,1.0,False,-13,,-26,-10.0,-13.0,-29.0,0.14,0.07,0.01,0.13,0.06,0.0
401810354,2026-01-04,True,0.225,0.23,0.22,2.0,2.0,False,-7,,3,-6.0,-7.0,1.0,0.16,0.15,0.37,0.15,0.14,0.35
401810350,2026-01-04,True,0.695,0.7,0.69,2.0,2.0,False,11,,8,-8.0,11.0,7.0,0.55,0.87,0.86,0.54,0.86,0.84
401810351,2026-01-04,True,0.43,0.43999999999999995,0.42000000000000004,2.0,2.0,False,7,,12,4.0,7.0,16.0,0.55,0.6599999999999999,0.94,0.53,0.65,0.9299999999999999
401810349,2026-01-04,False,0.5900000000000001,0.6,0.5800000000000001,2.0,3.0,False,-10,,-4,9.0,-10.0,-5.0,0.74,0.31000000000000005,0.36,0.73,0.29000000000000004,0.33999999999999997
401810348,2026-01-03,False,0.545,0.55,0.54,2.0,2.0,False,-8,,-31,-14.0,-8.0,-14.0,0.3,0.35,0.12,0.29,0.33,0.1
401810347,2026-01-03,True,0.825,0.83,0.8200000000000001,1.0,2.0,False,-7,,9,-4.0,-7.0,4.0,0.75,0.62,0.83,0.73,0.6,0.8200000000000001
401810342,2026-01-03,False,0.605,0.61,0.6,1.0,2.0,False,-8,,-11,-1.0,-8.0,-12.0,0.5800000000000001,0.4,0.16000000000000003,0.56,0.39,0.14
401810343,2026-01-03,True,0.645,0.65,0.64,3.0,1.0,False,7,,17,6.0,7.0,1.0,0.75,0.78,0.61,0.74,0.77,0.6
401810341,2026-01-03,False,0.44499999999999995,0.44999999999999996,0.43999999999999995,2.0,3.0,False,-6,,-10,-2.0,-6.0,-4.0,0.41000000000000003,0.30000000000000004,0.27,0.4,0.29000000000000004,0.26
401810339,2026-01-02,False,0.14500000000000002,0.15000000000000002,0.14,2.0,2.0,False,-19,,-37,-11.0,-19.0,-29.0,0.06999999999999995,0.040000000000000036,0.010000000000000009,0.06000000000000005,0.030000000000000027,0.0
401810340,2026-01-02,True,0.655,0.6599999999999999,0.65,3.0,3.0,False,6,,7,8.0,6.0,0.0,0.76,0.77,0.63,0.75,0.76,0.61
401810335,2026-01-02,True,0.355,0.36,0.35,2.0,2.0,False,0,,7,-10.0,0.0,-4.0,0.20999999999999996,0.38,0.25,0.19999999999999996,0.37,0.24
401810337,2026-01-02,False,0.395,0.4,0.39,2.0,2.0,False,-8,,-13,8.0,-8.0,-10.0,0.5700000000000001,0.25,0.13,0.56,0.24,0.12
401810336,2026-01-02,True,0.675,0.68,0.67,2.0,2.0,False,-9,,1,-14.0,-9.0,-6.0,0.41,0.39,0.43,0.4,0.38,0.42
401810333,2026-01-02,True,0.855,0.86,0.85,2.0,2.0,False,3,,5,4.0,3.0,-9.0,0.87,0.86,0.44999999999999996,0.86,0.85,0.43999999999999995
401810334,2026-01-02,False,0.625,0.63,0.62,2.0,2.0,False,-13,,-12,-3.0,-13.0,-24.0,0.58,0.29,0.03,0.57,0.28,0.02
401810331,2026-01-02,False,0.33499999999999996,0.33999999999999997,0.32999999999999996,2.0,2.0,False,-13,,-10,1.0,-13.0,-8.0,0.38,0.12,0.14,0.37,0.10999999999999999,0.12
401810332,2026-01-02,True,0.58,0.59,0.57,2.0,1.0,False,14,,20,13.0,14.0,23.0,0.8,0.86,0.98,0.79,0.85,0.97
401810330,2026-01-01,True,0.845,0.85,0.84,2.0,2.0,False,3,,17,14.0,3.0,1.0,0.95,0.85,0.73,0.9299999999999999,0.84,0.72
401810329,2026-01-01,False,0.20500000000000002,0.21,0.2,2.0,2.0,False,-1,,-14,1.0,-1.0,0.0,0.25,0.25,0.3,0.24,0.23,0.29
401810328,2026-01-01,False,0.435,0.43999999999999995,0.43000000000000005,3.0,2.0,False,-11,,-15,6.0,-11.0,-9.0,0.56,0.20999999999999996,0.18000000000000005,0.55,0.18999999999999995,0.17000000000000004
401810326,2026-01-01,False,0.17500000000000004,0.18000000000000005,0.17000000000000004,3.0,3.0,False,-11,,-24,-6.0,-11.0,-23.0,0.13,0.07999999999999996,0.010000000000000009,0.12,0.06999999999999995,0.0
401810325,2025-12-31,True,0.885,0.89,0.88,2.0,2.0,False,18,,29,8.0,18.0,23.0,0.94,0.98,1.0,0.92,0.97,0.99
401810321,2025-12-31,True,0.535,0.54,0.53,2.0,2.0,False,5,,16,4.0,5.0,7.0,0.63,0.6699999999999999,0.76,0.61,0.6599999999999999,0.74
401810324,2025-12-31,False,0.805,0.81,0.8,2.0,2.0,False,-3,,-1,2.0,-3.0,2.0,0.8200000000000001,0.71,0.76,0.81,0.7,0.75
401810323,2025-12-31,False,0.695,0.7,0.69,2.0,2.0,False,-9,,-3,-9.0,-9.0,-6.0,0.56,0.46,0.49,0.54,0.44,0.48
401810318,2025-12-31,True,0.345,0.35,0.33999999999999997,2.0,2.0,False,21,,24,7.0,21.0,25.0,0.45999999999999996,0.86,1.0,0.44999999999999996,0.85,0.99
401810319,2025-12-31,False,0.375,0.38,0.37,2.0,2.0,False,-2,,-2,-3.0,-2.0,1.0,0.32999999999999996,0.35,0.43999999999999995,0.31999999999999995,0.33999999999999997,0.41000000000000003
401810314,2025-12-30,False,0.28500000000000003,0.29,0.28,3.0,2.0,False,5,,-10,7.0,5.0,-3.0,0.37,0.42,0.28,0.36,0.41,0.26
401810315,2025-12-30,False,0.435,0.44,0.43,2.0,2.0,False,-5,,-22,-6.0,-5.0,-8.0,0.38,0.36,0.22,0.37,0.35,0.21
401810313,2025-12-30,False,0.47,0.48,0.45999999999999996,2.0,2.0,False,0,,-3,6.0,0.0,-3.0,0.5800000000000001,0.49,0.42000000000000004,0.56,0.45999999999999996,0.4
401810312,2025-12-29,True,0.565,0.57,0.56,1.0,2.0,False,12,,3,13.0,12.0,4.0,0.76,0.82,0.71,0.75,0.81,0.7
401810309,2025-12-29,False,0.255,0.26,0.25,2.0,2.0,False,3,,-5,4.0,3.0,7.0,0.36,0.38,0.5800000000000001,0.35,0.37,0.5700000000000001
401810310,2025-12-29,True,0.905,0.91,0.9,1.0,2.0,False,-4,,11,-3.0,-4.0,10.0,0.85,0.8,0.95,0.84,0.79,0.93
401810308,2025-12-29,True,0.845,0.85,0.84,2.0,2.0,False,18,,7,5.0,18.0,27.0,0.88,0.97,1.0,0.87,0.95,0.99
401810311,2025-12-29,False,0.595,0.6,0.59,2.0,2.0,False,6,,-12,1.0,6.0,2.0,0.58,0.7,0.66,0.57,0.69,0.65
401810305,2025-12-29,True,0.47,0.48,0.46,2.0,2.0,False,0,,24,12.0,0.0,11.0,0.7,0.45,0.9,0.69,0.44,0.88
401810302,2025-12-29,False,0.42500000000000004,0.43000000000000005,0.42000000000000004,3.0,2.0,False,3,,-10,1.0,3.0,-6.0,0.43999999999999995,0.51,0.24,0.43000000000000005,0.5,0.22999999999999998
401810303,2025-12-29,False,0.215,0.22,0.21,1.0,2.0,False,-7,,-14,1.0,-7.0,-8.0,0.26,0.16,0.1,0.25,0.15,0.09
401810300,2025-12-28,True,0.385,0.39,0.38,2.0,2.0,False,18,,13,13.0,18.0,23.0,0.63,0.83,0.98,0.61,0.82,0.97
401810301,2025-12-28,True,0.805,0.81,0.8,3.0,1.0,False,15,,24,6.0,15.0,19.0,0.84,0.95,0.99,0.83,0.9299999999999999,0.98
401810298,2025-12-28,True,0.28500000000000003,0.29,0.28,2.0,2.0,False,1,,4,-2.0,1.0,-4.0,0.3,0.38,0.25,0.28,0.37,0.24
401810299,2025-12-28,True,0.305,0.31,0.3,2.0,2.0,False,-8,,6,1.0,-8.0,1.0,0.33,0.19,0.41,0.32,0.18,0.4
401810296,2025-12-28,True,0.385,0.39,0.38,2.0,3.0,False,1,,14,4.0,1.0,-4.0,0.48,0.44,0.27,0.47,0.43,0.26
401810290,2025-12-27,False,0.33499999999999996,0.33999999999999997,0.32999999999999996,1.0,2.0,False,-13,,-3,-6.0,-13.0,-9.0,0.27,0.12,0.14,0.25,0.10999999999999999,0.12
401810292,2025-12-27,False,0.555,0.56,0.55,1.0,1.0,False,-4,,-9,-2.0,-4.0,-5.0,0.49,0.42000000000000004,0.36,0.48,0.41000000000000003,0.35
401810291,2025-12-27,True,0.705,0.71,0.7,1.0,1.0,False,-1,,26,1.0,-1.0,4.0,0.7,0.61,0.73,0.69,0.6,0.72
401810294,2025-12-27,False,0.835,0.84,0.83,2.0,4.0,False,1,,-16,-3.0,1.0,-12.0,0.79,0.81,0.32,0.78,0.8,0.31
401810289,2025-12-27,False,0.365,0.37,0.36,1.0,1.0,False,-10,,-9,1.0,-10.0,-8.0,0.41000000000000003,0.18999999999999995,0.18000000000000005,0.39,0.18000000000000005,0.17000000000000004
401810288,2025-12-27,True,0.395,0.4,0.39,1.0,2.0,False,-14,,1,-8.0,-14.0,-9.0,0.3,0.15,0.15,0.28,0.14,0.14
401810287,2025-12-27,True,0.435,0.44,0.43,4.0,2.0,False,15,,6,8.0,15.0,11.0,0.6,0.81,0.87,0.59,0.8,0.85
401810286,2025-12-26,False,0.45,0.46,0.44,3.0,3.0,False,6,,-16,10.0,6.0,-7.0,0.67,0.61,0.25,0.66,0.6,0.24
401810285,2025-12-26,True,0.225,0.23,0.22,3.0,3.0,False,-1,,2,-3.0,-1.0,8.0,0.22,0.27,0.59,0.21,0.25,0.58
401810279,2025-12-26,False,0.675,0.68,0.67,3.0,3.0,False,-9,,-15,-10.0,-9.0,-19.0,0.45,0.44,0.07,0.44,0.42,0.06
401810284,2025-12-26,False,0.36,0.37,0.35,3.0,3.0,False,-5,,-7,-2.0,-5.0,-1.0,0.31999999999999995,0.26,0.37,0.31000000000000005,0.25,0.36
401810283,2025-12-26,True,0.63,0.64,0.62,3.0,3.0,False,10,,21,-10.0,10.0,9.0,0.43999999999999995,0.84,0.89,0.43000000000000005,0.83,0.88
401810282,2025-12-26,True,0.45499999999999996,0.45999999999999996,0.44999999999999996,3.0,3.0,False,-3,,7,2.0,-3.0,-4.0,0.51,0.4,0.32999999999999996,0.5,0.39,0.31999999999999995
401810280,2025-12-26,True,0.255,0.26,0.25,3.0,3.0,False,11,,21,3.0,11.0,2.0,0.3,0.58,0.44,0.29,0.56,0.43
401810278,2025-12-26,False,0.5650000000000001,0.5700000000000001,0.56,3.0,3.0,False,-12,,-15,0.0,-12.0,-6.0,0.5900000000000001,0.28,0.31999999999999995,0.5800000000000001,0.26,0.30000000000000004
401809242,2025-12-25,True,0.485,0.49,0.48,2.0,2.0,False,2,,4,3.0,2.0,14.0,0.56,0.56,0.91,0.55,0.55,0.9
401809240,2025-12-25,True,0.735,0.74,0.73,3.0,2.0,False,13,,10,12.0,13.0,11.0,0.83,0.88,0.93,0.82,0.87,0.92
401809238,2025-12-25,True,0.615,0.62,0.61,2.0,2.0,False,2,,2,-15.0,2.0,-12.0,0.36,0.64,0.22,0.35,0.63,0.21
401809239,2025-12-25,False,0.755,0.76,0.75,2.0,2.0,False,-9,,-15,-5.0,-9.0,-16.0,0.6599999999999999,0.53,0.15000000000000002,0.64,0.52,0.14
401810277,2025-12-23,True,0.295,0.3,0.29,3.0,2.0,False,5,,20,-6.0,5.0,16.0,0.23,0.48,0.91,0.22,0.47,0.9
401810276,2025-12-23,False,0.20500000000000002,0.21,0.2,2.0,1.0,False,-17,,-9,-13.0,-17.0,-18.0,0.1,0.06,0.04,0.09,0.05,0.02
401810273,2025-12-23,True,0.585,0.59,0.58,3.0,3.0,False,10,,24,3.0,10.0,26.0,0.64,0.78,1.0,0.62,0.77,0.99
401810274,2025-12-23,False,0.39,0.4,0.38,1.0,1.0,False,-2,,-9,-6.0,-2.0,-8.0,0.32,0.38,0.18,0.31,0.36,0.17
401810272,2025-12-23,True,0.315,0.32,0.31,2.0,1.0,False,-2,,20,2.0,-2.0,5.0,0.37,0.33,0.54,0.35,0.31,0.53
401810271,2025-12-23,True,0.705,0.71,0.7,2.0,2.0,False,6,,11,3.0,6.0,6.0,0.73,0.77,0.79,0.72,0.76,0.78
401810270,2025-12-23,True,0.31,0.31999999999999995,0.30000000000000004,1.0,1.0,False,10,,1,14.0,10.0,0.0,0.5700000000000001,0.6,0.39,0.56,0.5800000000000001,0.37
401810269,2025-12-23,False,0.6499999999999999,0.6599999999999999,0.64,2.0,2.0,False,-7,,-21,-5.0,-7.0,-15.0,0.55,0.43999999999999995,0.09999999999999998,0.53,0.43000000000000005,0.07999999999999996
401810266,2025-12-23,False,0.5850000000000001,0.5900000000000001,0.5800000000000001,2.0,2.0,False,13,,-3,6.0,13.0,13.0,0.7,0.85,0.9,0.69,0.84,0.89
401810267,2025-12-23,True,0.775,0.78,0.77,1.0,1.0,False,9,,23,10.0,9.0,19.0,0.87,0.88,0.99,0.86,0.87,0.97
401810268,2025-12-23,False,0.485,0.49,0.48,1.0,2.0,False,-15,,-17,-6.0,-15.0,-18.0,0.37,0.15000000000000002,0.040000000000000036,0.36,0.14,0.020000000000000018
401810264,2025-12-23,True,0.6849999999999999,0.69,0.6799999999999999,1.0,2.0,False,-3,,17,-7.0,-3.0,2.0,0.54,0.6,0.6799999999999999,0.52,0.5800000000000001,0.6699999999999999
401810265,2025-12-23,False,0.775,0.78,0.77,3.0,2.0,False,-6,,-8,0.0,-6.0,-12.0,0.77,0.6,0.23,0.75,0.59,0.22
401810261,2025-12-22,True,0.895,0.9,0.89,3.0,2.0,False,13,,16,3.0,13.0,11.0,0.9,0.95,0.94,0.88,0.94,0.93
401810263,2025-12-22,False,0.315,0.32,0.31,2.0,2.0,False,-10,,-8,-4.0,-10.0,-17.0,0.29,0.17,0.04,0.27,0.15,0.03
401810262,2025-12-22,True,0.6699999999999999,0.6799999999999999,0.6599999999999999,2.0,2.0,False,1,,23,-4.0,1.0,6.0,0.6,0.64,0.77,0.5900000000000001,0.63,0.76
401810260,2025-12-22,True,0.845,0.85,0.84,2.0,2.0,False,23,,23,25.0,23.0,19.0,0.98,0.98,0.99,0.95,0.97,0.98
401810259,2025-12-22,True,0.48,0.49,0.47,2.0,2.0,False,-6,,6,2.0,-6.0,-8.0,0.52,0.33,0.2,0.5,0.32,0.18
401810258,2025-12-22,True,0.835,0.84,0.83,2.0,2.0,False,-18,,8,-9.0,-18.0,-8.0,0.6799999999999999,0.31999999999999995,0.45999999999999996,0.6599999999999999,0.31000000000000005,0.44999999999999996
401810257,2025-12-22,True,0.755,0.76,0.75,3.0,2.0,False,7,,7,-3.0,7.0,9.0,0.73,0.84,0.91,0.71,0.82,0.9
401810256,2025-12-21,True,0.165,0.17,0.16,1.0,1.0,False,-11,,1,-1.0,-11.0,-9.0,0.2,0.1,0.1,0.19,0.08,0.09
401810254,2025-12-21,False,0.095,0.1,0.09,1.0,2.0,False,-20,,-11,2.0,-20.0,-12.0,0.15,0.03,0.04,0.13,0.02,0.03
401810255,2025-12-21,True,0.835,0.84,0.83,2.0,3.0,False,-12,,3,-6.0,-12.0,0.0,0.72,0.48,0.75,0.7,0.47,0.73
401810252,2025-12-21,True,0.395,0.4,0.39,3.0,1.0,False,10,,15,6.0,10.0,2.0,0.5,0.6599999999999999,0.53,0.49,0.65,0.52
401810253,2025-12-21,True,0.715,0.72,0.71,2.0,2.0,False,4,,7,-7.0,4.0,6.0,0.57,0.77,0.84,0.56,0.75,0.82
401810251,2025-12-21,False,0.595,0.6,0.5900000000000001,2.0,2.0,False,-10,,-2,0.0,-10.0,-1.0,0.5700000000000001,0.31999999999999995,0.55,0.56,0.31000000000000005,0.54
401810247,2025-12-20,True,0.6649999999999999,0.6699999999999999,0.6599999999999999,2.0,2.0,False,-2,,3,-12.0,-2.0,6.0,0.45999999999999996,0.52,0.78,0.44999999999999996,0.51,0.77
401810250,2025-12-20,True,0.45499999999999996,0.45999999999999996,0.44999999999999996,2.0,2.0,False,15,,15,13.0,15.0,19.0,0.72,0.81,0.96,0.71,0.79,0.95
401810244,2025-12-20,True,0.565,0.57,0.56,2.0,2.0,False,15,,19,17.0,15.0,19.0,0.85,0.86,0.98,0.84,0.85,0.96
401810243,2025-12-20,False,0.525,0.53,0.52,2.0,1.0,False,2,,-16,-12.0,2.0,-3.0,0.31,0.6,0.42,0.29,0.59,0.4
401810245,2025-12-20,True,0.805,0.81,0.8,2.0,2.0,False,10,,26,6.0,10.0,7.0,0.86,0.9,0.87,0.85,0.89,0.86
401810242,2025-12-20,True,0.515,0.52,0.51,1.0,2.0,False,6,,7,5.0,6.0,-6.0,0.62,0.68,0.3,0.61,0.65,0.28
401810240,2025-12-19,True,0.30500000000000005,0.31000000000000005,0.30000000000000004,2.0,1.0,False,-3,,5,-10.0,-3.0,-2.0,0.19999999999999996,0.33999999999999997,0.33999999999999997,0.18000000000000005,0.31999999999999995,0.32999999999999996
401810239,2025-12-19,False,0.615,0.62,0.61,2.0,2.0,False,-11,,-11,0.0,-11.0,-2.0,0.62,0.33,0.5,0.61,0.32,0.49
401810237,2025-12-19,False,0.69,0.7,0.6799999999999999,1.0,5.0,False,2,,-9,0.0,2.0,-1.0,0.69,0.7,0.5900000000000001,0.6799999999999999,0.69,0.5700000000000001
401810235,2025-12-18,True,0.745,0.75,0.74,4.0,4.0,False,3,,1,-4.0,3.0,-1.0,0.65,0.75,0.6699999999999999,0.64,0.74,0.65
401810232,2025-12-18,True,0.695,0.7,0.69,3.0,5.0,False,14,,11,-7.0,14.0,14.0,0.5900000000000001,0.91,0.95,0.5700000000000001,0.9,0.94
401810234,2025-12-18,False,0.235,0.24,0.23,3.0,4.0,False,5,,-8,9.0,5.0,4.0,0.4,0.41,0.46,0.38,0.38,0.45
401810229,2025-12-18,False,0.375,0.38,0.37,4.0,3.0,False,-5,,-6,-6.0,-5.0,-7.0,0.29000000000000004,0.30000000000000004,0.18000000000000005,0.28,0.28,0.16000000000000003
401810231,2025-12-18,True,0.33999999999999997,0.35,0.32999999999999996,3.0,3.0,False,9,,2,5.0,9.0,12.0,0.43999999999999995,0.61,0.81,0.43000000000000005,0.5900000000000001,0.8
401810230,2025-12-18,True,0.225,0.23,0.22,4.0,3.0,False,-22,,5,-9.0,-22.0,-16.0,0.11,0.03,0.02,0.1,0.02,0.01
401810224,2025-12-18,True,0.915,0.92,0.91,5.0,3.0,False,9,,21,-6.0,9.0,20.0,0.84,0.94,1.0,0.83,0.93,0.99
401810227,2025-12-18,False,0.395,0.4,0.39,4.0,2.0,False,3,,-1,11.0,3.0,6.0,0.64,0.49,0.7,0.63,0.48,0.6799999999999999
401810223,2025-12-17,False,0.7,0.71,0.69,3.0,2.0,False,1,,-6,-2.0,1.0,-5.0,0.65,0.68,0.44,0.64,0.67,0.43
401836807,2025-12-15,False,0.645,0.65,0.64,4.0,3.0,False,-8,,-18,2.0,-8.0,-14.0,0.6599999999999999,0.4,0.16000000000000003,0.64,0.39,0.15000000000000002
401836805,2025-12-15,True,0.485,0.49,0.48,3.0,3.0,False,-4,,7,-6.0,-4.0,-7.0,0.37,0.41,0.26,0.36,0.39,0.25
401839023,2025-12-15,False,0.635,0.64,0.63,6.0,6.0,False,6,,-10,-1.0,6.0,3.0,0.5800000000000001,0.73,0.7,0.5700000000000001,0.71,0.69
401836804,2025-12-14,False,0.635,0.64,0.63,2.0,3.0,False,-5,,-10,5.0,-5.0,-1.0,0.71,0.49,0.5700000000000001,0.7,0.48,0.56
401836800,2025-12-14,True,0.485,0.49,0.48,2.0,3.0,False,17,,45,12.0,17.0,28.0,0.7,0.88,1.0,0.69,0.87,0.99
401839699,2025-12-14,False,0.525,0.53,0.52,4.0,4.0,False,0,,-2,5.0,0.0,-9.0,0.59,0.51,0.19,0.57,0.5,0.18
401836801,2025-12-14,True,0.795,0.8,0.79,2.0,3.0,False,-1,,14,-7.0,-1.0,4.0,0.6699999999999999,0.7,0.79,0.65,0.69,0.77
401836797,2025-12-14,False,0.785,0.79,0.78,2.0,2.0,False,-11,,-19,1.0,-11.0,-15.0,0.78,0.43999999999999995,0.16000000000000003,0.77,0.42000000000000004,0.14
401809838,2025-12-13,False,0.795,0.8,0.79,3.0,3.0,False,3,,-2,11.0,3.0,-1.0,0.91,0.8,0.69,0.89,0.79,0.6799999999999999
401836796,2025-12-12,False,0.635,0.64,0.63,5.0,4.0,False,2,,-7,-1.0,2.0,3.0,0.61,0.65,0.7,0.5900000000000001,0.64,0.69
401836795,2025-12-12,True,0.725,0.73,0.72,6.0,6.0,False,4,,8,-1.0,4.0,-2.0,0.7,0.76,0.59,0.69,0.74,0.58
401836752,2025-12-12,True,0.675,0.68,0.67,5.0,4.0,False,5,,10,3.0,5.0,0.0,0.7,0.74,0.59,0.69,0.73,0.58
401836750,2025-12-12,False,0.435,0.43999999999999995,0.43000000000000005,5.0,5.0,False,6,,-3,-4.0,6.0,3.0,0.39,0.6,0.5700000000000001,0.38,0.5900000000000001,0.55
401836754,2025-12-12,False,0.705,0.71,0.7,5.0,5.0,False,3,,-4,-5.0,3.0,-6.0,0.62,0.73,0.41000000000000003,0.61,0.72,0.4
401836753,2025-12-12,False,0.08499999999999999,0.09,0.08,6.0,6.0,False,-2,,-4,-11.0,-2.0,15.0,0.05,0.13,0.78,0.03,0.12,0.77
401836751,2025-12-12,True,0.715,0.72,0.71,6.0,6.0,False,9,,27,1.0,9.0,25.0,0.71,0.84,1.0,0.7,0.83,0.99
401836749,2025-12-11,False,0.185,0.19,0.18,3.0,4.0,False,-23,,-31,-15.0,-23.0,-28.0,0.07,0.03,0.01,0.06,0.02,0.0
401836748,2025-12-11,True,0.385,0.39,0.38,3.0,4.0,False,2,,23,9.0,2.0,8.0,0.5700000000000001,0.45999999999999996,0.72,0.56,0.44999999999999996,0.71
401809836,2025-12-10,False,0.715,0.72,0.71,3.0,2.0,False,-12,,-13,-9.0,-12.0,-17.0,0.5700000000000001,0.4,0.10999999999999999,0.56,0.39,0.09999999999999998
401809835,2025-12-10,True,0.895,0.9,0.89,3.0,2.0,False,26,,49,15.0,26.0,38.0,0.97,0.98,1.0,0.96,0.97,0.99
401809834,2025-12-09,False,0.315,0.32,0.31,2.0,2.0,False,-17,,-16,4.0,-17.0,-15.0,0.4,0.09,0.06,0.39,0.08,0.05
401809833,2025-12-09,True,0.525,0.53,0.52,2.0,3.0,False,-1,,9,-13.0,-1.0,6.0,0.29,0.51,0.75,0.28,0.5,0.74
401810221,2025-12-08,False,0.21499999999999997,0.21999999999999997,0.20999999999999996,2.0,3.0,False,-20,,-3,-10.0,-20.0,2.0,0.13,0.050000000000000044,0.41000000000000003,0.12,0.040000000000000036,0.4
401810220,2025-12-08,False,0.755,0.76,0.75,2.0,3.0,False,-4,,-3,-6.0,-4.0,0.0,0.65,0.61,0.6699999999999999,0.64,0.6,0.65
401810219,2025-12-08,True,0.595,0.6,0.5900000000000001,3.0,2.0,False,15,,11,12.0,15.0,4.0,0.81,0.9,0.74,0.79,0.89,0.73
401810218,2025-12-07,False,0.175,0.18,0.17,2.0,2.0,False,-26,,-30,-25.0,-26.0,-35.0,0.03,0.02,0.01,0.02,0.01,0.0
401810217,2025-12-07,False,0.435,0.44,0.43,2.0,2.0,False,7,,-4,0.0,7.0,-3.0,0.46,0.63,0.33,0.45,0.61,0.32
401810216,2025-12-07,False,0.485,0.49,0.48,2.0,1.0,False,-14,,-32,-13.0,-14.0,-11.0,0.25,0.17000000000000004,0.14,0.22999999999999998,0.16000000000000003,0.13
401810215,2025-12-07,True,0.545,0.55,0.54,5.0,2.0,False,20,,23,20.0,20.0,14.0,0.88,0.95,0.94,0.87,0.94,0.9299999999999999
401810214,2025-12-07,False,0.185,0.18999999999999995,0.18000000000000005,2.0,2.0,False,1,,-9,0.0,1.0,-6.0,0.21999999999999997,0.28,0.16000000000000003,0.20999999999999996,0.27,0.15000000000000002
401810213,2025-12-07,False,0.415,0.42,0.41,2.0,2.0,False,-18,,-8,-8.0,-18.0,-6.0,0.27,0.08,0.25,0.26,0.07,0.24
401810212,2025-12-07,True,0.51,0.52,0.5,2.0,2.0,False,-1,,6,6.0,-1.0,9.0,0.65,0.5900000000000001,0.87,0.63,0.5800000000000001,0.86
401810211,2025-12-06,True,0.29500000000000004,0.30000000000000004,0.29000000000000004,1.0,1.0,False,0,,13,3.0,0.0,17.0,0.36,0.35,0.94,0.35,0.33999999999999997,0.92
401810209,2025-12-06,False,0.755,0.76,0.75,1.0,3.0,False,-17,,-16,-3.0,-17.0,-23.0,0.7,0.28,0.030000000000000027,0.69,0.27,0.020000000000000018
401810208,2025-12-06,True,0.84,0.85,0.83,1.0,1.0,False,5,,12,7.0,5.0,10.0,0.89,0.87,0.94,0.88,0.86,0.9299999999999999
401810210,2025-12-06,True,0.755,0.76,0.75,2.0,3.0,False,-14,,3,-12.0,-14.0,-6.0,0.48,0.32,0.44,0.46,0.31,0.43
401810206,2025-12-06,False,0.20500000000000002,0.21,0.2,2.0,1.0,False,-15,,-15,-7.0,-15.0,-4.0,0.12,0.05,0.22,0.11,0.04,0.21
401810204,2025-12-05,True,0.895,0.9,0.89,3.0,2.0,False,15,,21,0.0,15.0,30.0,0.9,0.96,1.0,0.89,0.95,0.99
401810203,2025-12-05,False,0.495,0.5,0.49,2.0,1.0,False,-20,,-15,-13.0,-20.0,-16.0,0.26,0.07999999999999996,0.06000000000000005,0.25,0.06999999999999995,0.040000000000000036
401810200,2025-12-05,False,0.64,0.65,0.63,2.0,2.0,False,-5,,-15,3.0,-5.0,-9.0,0.6799999999999999,0.47,0.26,0.6699999999999999,0.45999999999999996,0.24
401810197,2025-12-05,True,0.745,0.75,0.74,2.0,2.0,False,7,,6,2.0,7.0,-1.0,0.77,0.84,0.6699999999999999,0.76,0.83,0.6599999999999999
401810196,2025-12-05,True,0.635,0.64,0.63,2.0,2.0,False,-8,,13,-5.0,-8.0,17.0,0.53,0.4,0.97,0.52,0.39,0.96
401810199,2025-12-05,False,0.705,0.71,0.7,1.0,2.0,False,-11,,-25,6.0,-11.0,-8.0,0.77,0.37,0.35,0.76,0.36,0.34
401810195,2025-12-05,False,0.405,0.41000000000000003,0.4,2.0,2.0,False,19,,-1,18.0,19.0,9.0,0.75,0.86,0.73,0.73,0.85,0.72
401810194,2025-12-05,True,0.675,0.68,0.67,2.0,2.0,False,-3,,1,2.0,-3.0,8.0,0.69,0.56,0.84,0.68,0.55,0.83
401810192,2025-12-04,False,0.165,0.17,0.16,2.0,2.0,False,0,,-9,-5.0,0.0,2.0,0.15,0.23,0.35,0.14,0.22,0.33
401810190,2025-12-04,False,0.365,0.37,0.36,1.0,3.0,False,9,,-13,9.0,9.0,9.0,0.53,0.61,0.75,0.52,0.6,0.74
401810188,2025-12-04,True,0.605,0.61,0.6,2.0,2.0,False,22,,1,20.0,22.0,14.0,0.92,0.96,0.96,0.91,0.94,0.94
401810191,2025-12-04,False,0.555,0.56,0.55,2.0,3.0,False,-9,,-3,-5.0,-9.0,-2.0,0.45,0.3,0.44,0.43,0.29,0.43
401810189,2025-12-04,False,0.185,0.19,0.18,2.0,2.0,False,-7,,-45,-6.0,-7.0,-23.0,0.16,0.14,0.01,0.15,0.12,0.0
401810187,2025-12-03,True,0.375,0.38,0.37,2.0,2.0,False,10,,10,-5.0,10.0,13.0,0.27,0.64,0.86,0.26,0.63,0.85
401810185,2025-12-03,True,0.905,0.91,0.9,2.0,3.0,False,-1,,26,2.0,-1.0,16.0,0.89,0.8200000000000001,0.99,0.88,0.8,0.98
401810186,2025-12-03,True,0.36,0.37,0.35,2.0,2.0,False,-3,,4,-9.0,-3.0,-7.0,0.16,0.24,0.15,0.15,0.23,0.14
401810184,2025-12-03,False,0.745,0.75,0.74,2.0,2.0,False,-10,,-10,-5.0,-10.0,-8.0,0.62,0.43,0.4,0.6,0.42,0.39
401810182,2025-12-03,False,0.545,0.55,0.54,2.0,2.0,False,-14,,-23,-6.0,-14.0,-21.0,0.4,0.14,0.040000000000000036,0.39,0.13,0.020000000000000018
401810181,2025-12-03,False,0.735,0.74,0.73,2.0,1.0,False,-9,,-2,-2.0,-9.0,-7.0,0.71,0.48,0.36,0.7,0.47,0.33999999999999997
401810179,2025-12-03,False,0.8,0.81,0.79,2.0,1.0,False,-10,,-12,-3.0,-10.0,-14.0,0.77,0.53,0.19999999999999996,0.76,0.51,0.18999999999999995
401810180,2025-12-03,False,0.255,0.26,0.25,2.0,2.0,False,-24,,-15,-5.0,-24.0,-23.0,0.2,0.05,0.01,0.19,0.04,0.0
401810178,2025-12-02,False,0.185,0.18999999999999995,0.18000000000000005,3.0,2.0,False,-19,,-12,-6.0,-19.0,-3.0,0.14,0.050000000000000044,0.15000000000000002,0.13,0.040000000000000036,0.13
401810176,2025-12-02,False,0.14500000000000002,0.15,0.14,2.0,2.0,False,10,,-7,-6.0,10.0,3.0,0.12,0.43,0.34,0.1,0.42,0.33
401810175,2025-12-02,True,0.475,0.48,0.47,2.0,2.0,False,6,,6,-11.0,6.0,18.0,0.27,0.61,0.94,0.26,0.5900000000000001,0.9299999999999999
401810173,2025-12-02,True,0.865,0.87,0.86,2.0,1.0,False,12,,19,3.0,12.0,24.0,0.85,0.94,1.0,0.84,0.9299999999999999,0.99
401810170,2025-12-01,False,0.825,0.83,0.82,2.0,2.0,False,-1,,-10,14.0,-1.0,2.0,0.93,0.75,0.77,0.92,0.74,0.76
401810171,2025-12-01,True,0.18,0.19,0.17,1.0,1.0,False,11,,8,-1.0,11.0,9.0,0.21,0.51,0.65,0.2,0.5,0.64
401810167,2025-12-01,True,0.365,0.37,0.36,2.0,2.0,False,0,,13,-1.0,0.0,6.0,0.38,0.4,0.63,0.37,0.39,0.62
401810169,2025-12-01,True,0.775,0.78,0.77,3.0,2.0,False,0,,5,3.0,0.0,0.0,0.79,0.74,0.71,0.78,0.73,0.69
401810164,2025-12-01,True,0.785,0.79,0.78,2.0,1.0,False,1,,1,-2.0,1.0,6.0,0.74,0.75,0.86,0.73,0.73,0.85
401810166,2025-12-01,True,0.20500000000000002,0.21,0.2,3.0,2.0,False,-8,,3,-6.0,-8.0,-3.0,0.16,0.13,0.21,0.15,0.12,0.2
401810163,2025-11-30,True,0.905,0.91,0.9,2.0,1.0,False,20,,12,19.0,20.0,16.0,0.98,0.99,0.99,0.97,0.98,0.98
401810159,2025-11-30,False,0.585,0.59,0.58,2.0,2.0,False,1,,-8,4.0,1.0,6.0,0.67,0.58,0.74,0.66,0.57,0.73
401810158,2025-11-30,True,0.745,0.75,0.74,2.0,1.0,False,7,,22,19.0,7.0,16.0,0.96,0.85,0.96,0.95,0.84,0.95
401810160,2025-11-30,False,0.155,0.16,0.15,4.0,2.0,False,1,,-8,-5.0,1.0,2.0,0.14,0.27,0.31,0.13,0.25,0.3
401810157,2025-11-30,False,0.715,0.72,0.71,2.0,1.0,False,-7,,-2,-2.0,-7.0,-11.0,0.68,0.52,0.23,0.66,0.51,0.22
401810156,2025-11-30,False,0.175,0.18,0.17,2.0,4.0,False,-19,,-28,-9.0,-19.0,-30.0,0.12,0.04,0.01,0.11,0.02,0.0
401810155,2025-11-29,False,0.765,0.77,0.76,1.0,1.0,False,7,,-4,3.0,7.0,0.0,0.83,0.87,0.71,0.81,0.86,0.7
401810154,2025-11-29,False,0.39,0.4,0.38,1.0,1.0,False,-3,,-18,-5.0,-3.0,-11.0,0.33,0.36,0.11,0.32,0.35,0.09
401810153,2025-11-29,True,0.785,0.79,0.78,3.0,3.0,False,4,,8,-1.0,4.0,1.0,0.76,0.84,0.75,0.75,0.83,0.73
401810149,2025-11-29,True,0.275,0.28,0.27,1.0,3.0,False,-6,,7,-13.0,-6.0,-7.0,0.12,0.19999999999999996,0.15000000000000002,0.10999999999999999,0.18999999999999995,0.14
401810150,2025-11-29,True,0.425,0.43,0.42,1.0,1.0,False,7,,2,-1.0,7.0,6.0,0.4,0.61,0.65,0.39,0.6,0.64
401809820,2025-11-28,True,0.805,0.81,0.8,3.0,4.0,False,-2,,10,6.0,-2.0,4.0,0.87,0.71,0.84,0.86,0.7,0.83
401809818,2025-11-28,False,0.725,0.73,0.72,4.0,2.0,False,15,,-3,-8.0,15.0,1.0,0.5700000000000001,0.9299999999999999,0.69,0.56,0.92,0.6799999999999999
401809819,2025-11-28,True,0.5700000000000001,0.58,0.56,4.0,2.0,False,11,,9,3.0,11.0,17.0,0.64,0.81,0.96,0.63,0.8,0.95
401809817,2025-11-28,True,0.885,0.89,0.88,2.0,2.0,False,4,,4,0.0,4.0,12.0,0.85,0.89,0.97,0.84,0.88,0.96
401809814,2025-11-28,False,0.605,0.61,0.6,2.0,3.0,False,-1,,-3,2.0,-1.0,-5.0,0.65,0.5900000000000001,0.38,0.64,0.5800000000000001,0.37
401809816,2025-11-28,True,0.715,0.72,0.71,2.0,2.0,False,-1,,9,-4.0,-1.0,4.0,0.66,0.66,0.8,0.65,0.65,0.79
401809812,2025-11-28,False,0.28500000000000003,0.29000000000000004,0.28,4.0,3.0,False,-15,,-12,-8.0,-15.0,-12.0,0.16000000000000003,0.06999999999999995,0.06000000000000005,0.15000000000000002,0.050000000000000044,0.050000000000000044
401809815,2025-11-28,True,0.6849999999999999,0.69,0.6799999999999999,2.0,3.0,False,12,,33,6.0,12.0,21.0,0.74,0.88,0.99,0.73,0.87,0.98
401809808,2025-11-26,False,0.605,0.61,0.6,2.0,2.0,False,12,,-4,3.0,12.0,2.0,0.6799999999999999,0.85,0.65,0.6599999999999999,0.83,0.63
401809809,2025-11-26,False,0.49,0.5,0.48,2.0,3.0,False,-2,,-13,1.0,-2.0,-5.0,0.53,0.45999999999999996,0.30000000000000004,0.51,0.44999999999999996,0.29000000000000004
401809810,2025-11-26,False,0.37,0.38,0.36,2.0,2.0,False,-22,,-12,-25.0,-22.0,-10.0,0.07,0.06,0.12,0.06,0.05,0.11
401809805,2025-11-26,True,0.805,0.81,0.8,2.0,2.0,False,1,,2,-4.0,1.0,6.0,0.71,0.77,0.89,0.7,0.75,0.88
401809807,2025-11-26,False,0.405,0.41,0.4,2.0,2.0,False,15,,-5,14.0,15.0,8.0,0.66,0.77,0.72,0.64,0.76,0.7
401809804,2025-11-26,True,0.8,0.81,0.79,2.0,2.0,False,6,,3,2.0,6.0,4.0,0.8200000000000001,0.86,0.81,0.81,0.85,0.8
401809806,2025-11-26,True,0.81,0.82,0.8,3.0,2.0,False,10,,8,7.0,10.0,5.0,0.87,0.9,0.89,0.86,0.89,0.88
401809803,2025-11-26,False,0.28500000000000003,0.29000000000000004,0.28,3.0,2.0,False,-25,,-28,-6.0,-25.0,-23.0,0.21999999999999997,0.030000000000000027,0.010000000000000009,0.19999999999999996,0.020000000000000018,0.0
401809801,2025-11-25,True,0.695,0.7,0.69,2.0,2.0,False,3,,17,-1.0,3.0,5.0,0.67,0.73,0.8,0.66,0.72,0.78
401809799,2025-11-25,True,0.175,0.18,0.17,3.0,2.0,False,22,,19,22.0,22.0,33.0,0.68,0.84,1.0,0.67,0.83,0.99
401810147,2025-11-24,True,0.19,0.2,0.18,2.0,3.0,False,-8,,5,-4.0,-8.0,-5.0,0.17,0.14,0.19,0.16,0.13,0.18
401810146,2025-11-24,True,0.855,0.86,0.85,3.0,1.0,False,12,,17,-9.0,12.0,22.0,0.72,0.95,1.0,0.7,0.94,0.99
401810145,2025-11-24,False,0.335,0.34,0.33,1.0,3.0,False,-9,,-22,-7.0,-9.0,-9.0,0.25,0.16,0.14,0.24,0.15,0.13
401810142,2025-11-24,False,0.28500000000000003,0.29,0.28,2.0,2.0,False,-8,,-10,-4.0,-8.0,-8.0,0.26,0.18,0.13,0.25,0.17,0.11
401810143,2025-11-24,False,0.505,0.51,0.5,2.0,1.0,False,-12,,-12,-5.0,-12.0,-21.0,0.44999999999999996,0.21999999999999997,0.050000000000000044,0.43999999999999995,0.19999999999999996,0.030000000000000027
401810144,2025-11-24,True,0.35,0.36,0.34,2.0,2.0,False,16,,13,7.0,16.0,15.0,0.49,0.77,0.93,0.48,0.76,0.92
401810141,2025-11-24,True,0.715,0.72,0.71,1.0,2.0,False,8,,4,1.0,8.0,8.0,0.74,0.85,0.9,0.73,0.83,0.89
401810140,2025-11-24,False,0.14500000000000002,0.15000000000000002,0.14,1.0,2.0,False,-3,,-13,2.0,-3.0,-14.0,0.19999999999999996,0.17000000000000004,0.040000000000000036,0.18999999999999995,0.16000000000000003,0.020000000000000018
401810136,2025-11-23,True,0.535,0.54,0.53,2.0,3.0,False,-7,,9,-5.0,-7.0,6.0,0.43000000000000005,0.37,0.76,0.42000000000000004,0.35,0.74
401810137,2025-11-23,False,0.215,0.22,0.21,2.0,5.0,False,-7,,-2,-2.0,-7.0,-3.0,0.22,0.14,0.2,0.21,0.13,0.19
401810135,2025-11-23,True,0.895,0.9,0.89,2.0,2.0,False,21,,27,21.0,21.0,28.0,0.99,0.99,1.0,0.97,0.98,0.99
401810132,2025-11-23,True,0.615,0.62,0.61,2.0,1.0,False,23,,9,5.0,23.0,21.0,0.73,0.96,0.98,0.7,0.94,0.97
401810133,2025-11-23,True,0.735,0.74,0.73,2.0,1.0,False,7,,15,3.0,7.0,13.0,0.75,0.8,0.95,0.74,0.79,0.94
401810130,2025-11-23,False,0.505,0.51,0.5,3.0,2.0,False,-4,,-10,-10.0,-4.0,-6.0,0.34,0.39,0.3,0.33,0.38,0.29
401810128,2025-11-22,False,0.5,0.51,0.49,1.0,2.0,False,4,,-6,1.0,4.0,-3.0,0.55,0.63,0.41000000000000003,0.53,0.62,0.4
401810129,2025-11-22,False,0.825,0.83,0.8200000000000001,1.0,2.0,False,4,,-5,5.0,4.0,1.0,0.87,0.84,0.76,0.85,0.83,0.74
401810126,2025-11-22,True,0.855,0.86,0.85,1.0,1.0,False,-6,,1,-1.0,-6.0,-6.0,0.8200000000000001,0.6799999999999999,0.53,0.81,0.6599999999999999,0.52
401810127,2025-11-22,False,0.245,0.25,0.24,2.0,4.0,False,-17,,-13,-4.0,-17.0,-19.0,0.21,0.05,0.02,0.19,0.04,0.01
401810125,2025-11-22,False,0.195,0.2,0.19,1.0,2.0,False,-10,,-17,4.0,-10.0,-18.0,0.27,0.1,0.02,0.26,0.08,0.01
401810123,2025-11-22,False,0.505,0.51,0.5,3.0,2.0,False,-5,,-15,-8.0,-5.0,-14.0,0.38,0.37,0.07999999999999996,0.36,0.36,0.06000000000000005
401809797,2025-11-21,False,0.095,0.1,0.09,3.0,2.0,False,1,,-32,14.0,1.0,-22.0,0.28,0.15,0.01,0.26,0.14,0.0
401809798,2025-11-21,False,0.785,0.79,0.78,2.0,2.0,False,7,,-4,-7.0,7.0,3.0,0.6699999999999999,0.86,0.77,0.6599999999999999,0.84,0.76
401809796,2025-11-21,False,0.58,0.59,0.57,2.0,2.0,False,3,,-3,-13.0,3.0,-2.0,0.36,0.66,0.47,0.35,0.65,0.46
401809795,2025-11-21,True,0.37,0.38,0.36,3.0,2.0,False,13,,1,8.0,13.0,-1.0,0.53,0.74,0.4,0.52,0.72,0.38
401809794,2025-11-21,True,0.595,0.6,0.5900000000000001,2.0,2.0,False,-14,,3,-9.0,-14.0,0.0,0.43999999999999995,0.22999999999999998,0.56,0.43000000000000005,0.21999999999999997,0.55
401809793,2025-11-21,False,0.545,0.55,0.54,2.0,2.0,False,-18,,-36,-4.0,-18.0,-27.0,0.52,0.16000000000000003,0.030000000000000027,0.51,0.15000000000000002,0.020000000000000018
401809790,2025-11-21,True,0.875,0.88,0.87,2.0,2.0,False,7,,11,2.0,7.0,19.0,0.87,0.91,0.99,0.86,0.9,0.98
401809791,2025-11-21,False,0.875,0.88,0.87,3.0,3.0,False,-9,,-8,6.0,-9.0,-15.0,0.92,0.61,0.2,0.91,0.6,0.19
401809792,2025-11-21,True,0.885,0.89,0.88,2.0,2.0,False,10,,30,11.0,10.0,28.0,0.95,0.96,1.0,0.94,0.95,0.99
401810120,2025-11-20,True,0.5750000000000001,0.5800000000000001,0.5700000000000001,2.0,1.0,False,28,,41,13.0,28.0,37.0,0.8,0.97,1.0,0.78,0.96,0.99
401810122,2025-11-20,True,0.495,0.5,0.49,2.0,2.0,False,14,,9,-6.0,14.0,3.0,0.39,0.84,0.66,0.37,0.82,0.64
401810119,2025-11-20,True,0.695,0.7,0.69,2.0,3.0,False,12,,28,6.0,12.0,17.0,0.77,0.88,0.98,0.75,0.86,0.96
401810118,2025-11-19,False,0.405,0.41,0.4,1.0,2.0,False,-4,,-1,1.0,-4.0,-16.0,0.42,0.34,0.07,0.4,0.33,0.06
401810115,2025-11-19,False,0.165,0.17,0.16,2.0,2.0,False,-4,,-7,4.0,-4.0,-14.0,0.26,0.16,0.04,0.25,0.15,0.02
401810112,2025-11-19,True,0.785,0.79,0.78,2.0,1.0,False,4,,14,9.0,4.0,-2.0,0.88,0.82,0.62,0.87,0.8,0.61
401810116,2025-11-19,True,0.945,0.95,0.94,2.0,3.0,False,8,,14,2.0,8.0,14.0,0.94,0.95,0.98,0.92,0.94,0.97
401810110,2025-11-19,False,0.46499999999999997,0.47,0.45999999999999996,2.0,3.0,False,-17,,-10,-14.0,-17.0,-4.0,0.24,0.12,0.33999999999999997,0.21999999999999997,0.10999999999999999,0.31999999999999995
401810113,2025-11-19,False,0.435,0.43999999999999995,0.43000000000000005,2.0,2.0,False,3,,-9,-5.0,3.0,-15.0,0.37,0.53,0.07999999999999996,0.35,0.52,0.06999999999999995
401810111,2025-11-19,True,0.45999999999999996,0.47,0.45,2.0,2.0,False,16,,9,5.0,16.0,20.0,0.55,0.83,0.98,0.54,0.82,0.97
401810109,2025-11-18,False,0.525,0.53,0.52,2.0,2.0,False,-3,,-17,-3.0,-3.0,-18.0,0.47,0.43,0.04,0.46,0.42,0.03
401810108,2025-11-18,True,0.845,0.85,0.84,3.0,2.0,False,-4,,14,-9.0,-4.0,11.0,0.72,0.74,0.94,0.7,0.73,0.9299999999999999
401810107,2025-11-18,True,0.685,0.69,0.68,2.0,3.0,False,2,,10,-1.0,2.0,-1.0,0.68,0.68,0.58,0.67,0.67,0.57
401810104,2025-11-18,True,0.43,0.44,0.42,2.0,2.0,False,7,,8,4.0,7.0,8.0,0.5,0.61,0.73,0.49,0.6,0.72
401810106,2025-11-18,False,0.475,0.48,0.47,2.0,1.0,False,-13,,-8,-5.0,-13.0,-12.0,0.37,0.18000000000000005,0.10999999999999999,0.36,0.17000000000000004,0.09999999999999998
401810105,2025-11-18,False,0.15500000000000003,0.16000000000000003,0.15000000000000002,2.0,2.0,False,-1,,-14,0.0,-1.0,-4.0,0.19999999999999996,0.21999999999999997,0.19999999999999996,0.18999999999999995,0.20999999999999996,0.18999999999999995
401810103,2025-11-17,False,0.875,0.88,0.87,2.0,1.0,False,1,,-3,-2.0,1.0,-10.0,0.82,0.83,0.46,0.8,0.82,0.44
401810102,2025-11-17,False,0.065,0.06999999999999995,0.06000000000000005,1.0,2.0,False,-7,,-17,-19.0,-7.0,-19.0,0.010000000000000009,0.030000000000000027,0.010000000000000009,0.0,0.020000000000000018,0.0
401810100,2025-11-17,True,0.755,0.76,0.75,2.0,2.0,False,5,,2,4.0,5.0,2.0,0.81,0.81,0.74,0.8,0.8,0.72
401810096,2025-11-17,True,0.6849999999999999,0.69,0.6799999999999999,2.0,2.0,False,2,,12,-7.0,2.0,4.0,0.54,0.72,0.8200000000000001,0.52,0.69,0.81
401810098,2025-11-17,True,0.645,0.65,0.64,3.0,1.0,False,-10,,2,-8.0,-10.0,-10.0,0.47,0.36,0.23,0.46,0.35,0.21
401810097,2025-11-17,True,0.745,0.75,0.74,3.0,2.0,False,16,,15,5.0,16.0,18.0,0.8,0.94,1.0,0.79,0.9299999999999999,0.98
401810093,2025-11-16,True,0.41500000000000004,0.42000000000000004,0.41000000000000003,2.0,2.0,False,-4,,5,-8.0,-4.0,-6.0,0.31000000000000005,0.35,0.22999999999999998,0.30000000000000004,0.33999999999999997,0.20999999999999996
401810095,2025-11-16,True,0.36,0.37,0.35,3.0,4.0,False,-9,,3,0.0,-9.0,-4.0,0.37,0.2,0.3,0.36,0.19,0.27
401810094,2025-11-16,False,0.52,0.53,0.51,3.0,3.0,False,1,,-2,-4.0,1.0,18.0,0.45,0.56,0.98,0.43,0.55,0.97
401810090,2025-11-16,False,0.56,0.57,0.55,4.0,2.0,False,-10,,-23,0.0,-10.0,-10.0,0.56,0.29,0.18,0.55,0.26,0.17
401810089,2025-11-16,True,0.705,0.71,0.7,2.0,2.0,False,8,,13,12.0,8.0,10.0,0.86,0.82,0.9,0.84,0.81,0.88
401810086,2025-11-15,False,0.535,0.54,0.53,1.0,1.0,False,-31,,-24,-12.0,-31.0,-20.0,0.33,0.04,0.04,0.32,0.02,0.02
401810087,2025-11-15,False,0.495,0.5,0.49,1.0,3.0,False,5,,-11,2.0,5.0,,0.54,0.6,,0.53,0.59,
401810084,2025-11-15,False,0.08499999999999996,0.08999999999999997,0.07999999999999996,1.0,3.0,False,-3,,-13,0.0,-3.0,-17.0,0.09999999999999998,0.08999999999999997,0.020000000000000018,0.08999999999999997,0.06999999999999995,0.010000000000000009
401810085,2025-11-15,False,0.29500000000000004,0.30000000000000004,0.29000000000000004,2.0,2.0,False,-9,,-18,-3.0,-9.0,-16.0,0.26,0.16000000000000003,0.040000000000000036,0.24,0.14,0.030000000000000027
401810083,2025-11-15,True,0.8150000000000001,0.8200000000000001,0.81,2.0,3.0,False,-7,,8,-4.0,-7.0,-8.0,0.76,0.65,0.44999999999999996,0.75,0.64,0.43999999999999995
401809789,2025-11-14,False,0.575,0.58,0.57,2.0,2.0,False,-2,,-1,2.0,-2.0,2.0,0.62,0.53,0.62,0.61,0.52,0.61
401809786,2025-11-14,True,0.825,0.83,0.8200000000000001,4.0,2.0,False,0,,14,5.0,0.0,1.0,0.88,0.78,0.75,0.87,0.76,0.74
401809784,2025-11-14,True,0.745,0.75,0.74,2.0,2.0,False,9,,24,9.0,9.0,14.0,0.84,0.87,0.97,0.83,0.86,0.95
401809782,2025-11-14,True,0.885,0.89,0.88,2.0,3.0,False,-4,,7,-9.0,-4.0,-3.0,0.72,0.75,0.67,0.71,0.74,0.66
401809781,2025-11-14,True,0.685,0.69,0.68,2.0,2.0,False,10,,8,-3.0,10.0,6.0,0.61,0.85,0.83,0.6,0.83,0.82
401809783,2025-11-14,True,0.515,0.52,0.51,2.0,3.0,False,9,,9,1.0,9.0,-2.0,0.54,0.74,0.43000000000000005,0.53,0.72,0.41000000000000003
401810081,2025-11-13,True,0.615,0.62,0.61,1.0,2.0,False,18,,35,8.0,18.0,22.0,0.77,0.92,0.99,0.75,0.91,0.98
401810082,2025-11-13,False,0.46499999999999997,0.47,0.46,2.0,1.0,False,-13,,-10,-9.0,-13.0,0.0,0.28,0.17,0.5,0.26,0.16,0.49
401810079,2025-11-12,False,0.355,0.36,0.35,2.0,1.0,False,5,,-14,-4.0,5.0,-16.0,0.27,0.5,0.05,0.26,0.49,0.03
401810078,2025-11-12,False,0.375,0.38,0.37,1.0,2.0,False,-20,,-33,-3.0,-20.0,-37.0,0.35,0.08,0.01,0.34,0.06,0.0
401810075,2025-11-12,False,0.605,0.61,0.6,2.0,1.0,False,7,,-5,14.0,7.0,-8.0,0.82,0.74,0.28,0.81,0.73,0.26
401810073,2025-11-12,True,0.915,0.92,0.91,3.0,2.0,False,27,,23,11.0,27.0,16.0,0.97,0.98,0.99,0.95,0.97,0.97
401810074,2025-11-12,False,0.245,0.25,0.24,2.0,2.0,False,2,,-8,-5.0,2.0,-10.0,0.19999999999999996,0.36,0.07999999999999996,0.18999999999999995,0.35,0.06999999999999995
401810072,2025-11-12,False,0.635,0.64,0.63,2.0,2.0,False,3,,-14,9.0,3.0,4.0,0.78,0.65,0.7,0.77,0.64,0.69
401810071,2025-11-12,True,0.74,0.75,0.73,1.0,1.0,False,21,,36,8.0,21.0,26.0,0.84,0.97,0.99,0.83,0.96,0.98
401810068,2025-11-12,True,0.41500000000000004,0.42000000000000004,0.41000000000000003,2.0,2.0,False,9,,11,8.0,9.0,11.0,0.6,0.6699999999999999,0.85,0.5800000000000001,0.6599999999999999,0.83
401810070,2025-11-12,False,0.615,0.62,0.61,1.0,2.0,False,-20,,-17,-7.0,-20.0,-18.0,0.48,0.15000000000000002,0.06000000000000005,0.47,0.14,0.050000000000000044
401810066,2025-11-11,True,0.45,0.46,0.44,1.0,2.0,False,13,,24,4.0,13.0,23.0,0.55,0.78,0.98,0.54,0.77,0.97
401810064,2025-11-11,True,0.46499999999999997,0.47,0.46,2.0,2.0,False,10,,2,1.0,10.0,-6.0,0.49,0.74,0.32,0.48,0.73,0.31
401810065,2025-11-11,True,0.745,0.75,0.74,2.0,2.0,False,19,,24,9.0,19.0,35.0,0.78,0.95,1.0,0.76,0.94,0.99
401810063,2025-11-11,True,0.795,0.8,0.79,2.0,2.0,False,23,,13,12.0,23.0,21.0,0.91,0.96,1.0,0.89,0.95,0.99
401810062,2025-11-11,False,0.20499999999999996,0.20999999999999996,0.19999999999999996,2.0,3.0,False,-8,,-10,2.0,-8.0,-8.0,0.24,0.15000000000000002,0.15000000000000002,0.21999999999999997,0.13,0.14
401810060,2025-11-10,False,0.275,0.28,0.27,3.0,1.0,False,2,,-7,4.0,2.0,-13.0,0.32,0.36,0.05,0.31,0.35,0.04
401810059,2025-11-10,True,0.755,0.76,0.75,2.0,2.0,False,23,,23,7.0,23.0,24.0,0.85,0.99,1.0,0.84,0.98,0.99
401810058,2025-11-10,False,0.395,0.4,0.39,2.0,1.0,False,4,,-2,4.0,4.0,9.0,0.48,0.52,0.75,0.45999999999999996,0.5,0.74
401810057,2025-11-10,False,0.355,0.36,0.35,2.0,2.0,False,1,,-4,-8.0,1.0,9.0,0.24,0.37,0.72,0.22999999999999998,0.36,0.71
401810054,2025-11-10,True,0.825,0.83,0.8200000000000001,1.0,2.0,False,6,,2,-1.0,6.0,-9.0,0.81,0.88,0.43999999999999995,0.79,0.87,0.42000000000000004
401810055,2025-11-10,True,0.53,0.54,0.52,1.0,2.0,False,3,,3,2.0,3.0,11.0,0.5900000000000001,0.63,0.85,0.5800000000000001,0.61,0.84
401810052,2025-11-09,False,0.355,0.36,0.35,2.0,2.0,False,-17,,-27,-6.0,-17.0,-27.0,0.29,0.09,0.01,0.28,0.08,0.0
401810051,2025-11-09,True,0.835,0.84,0.83,2.0,1.0,False,7,,31,2.0,7.0,10.0,0.84,0.88,0.92,0.83,0.87,0.91
401810050,2025-11-09,False,0.375,0.38,0.37,1.0,2.0,False,10,,-3,-5.0,10.0,-3.0,0.3,0.68,0.34,0.29,0.66,0.33
401810047,2025-11-09,True,0.905,0.91,0.9,4.0,2.0,False,15,,36,18.0,15.0,33.0,0.98,0.97,1.0,0.97,0.96,0.99
401810049,2025-11-09,False,0.185,0.18999999999999995,0.18000000000000005,2.0,2.0,False,11,,-14,8.0,11.0,-5.0,0.32999999999999996,0.48,0.18000000000000005,0.31999999999999995,0.47,0.15000000000000002
401810048,2025-11-09,False,0.595,0.6,0.59,2.0,2.0,False,0,,-4,3.0,0.0,2.0,0.64,0.59,0.67,0.63,0.58,0.66
401810046,2025-11-09,False,0.4,0.41,0.39,2.0,2.0,False,11,,-7,2.0,11.0,3.0,0.44,0.71,0.57,0.42,0.69,0.55
401810045,2025-11-08,False,0.625,0.63,0.62,2.0,2.0,False,-14,,-11,-6.0,-14.0,-5.0,0.53,0.28,0.37,0.51,0.25,0.33999999999999997
401810044,2025-11-08,True,0.795,0.8,0.79,1.0,3.0,False,9,,17,13.0,9.0,13.0,0.92,0.89,0.95,0.91,0.88,0.94
401810043,2025-11-08,True,0.835,0.84,0.83,1.0,3.0,False,8,,7,6.0,8.0,7.0,0.87,0.9,0.92,0.86,0.89,0.91
401810038,2025-11-08,False,0.395,0.4,0.39,1.0,1.0,False,-4,,-6,-11.0,-4.0,4.0,0.21,0.32,0.61,0.2,0.31,0.59
401810040,2025-11-08,True,0.32499999999999996,0.32999999999999996,0.31999999999999995,1.0,3.0,False,14,,20,8.0,14.0,26.0,0.49,0.71,0.99,0.47,0.7,0.97
401810039,2025-11-08,True,0.645,0.65,0.64,3.0,1.0,False,5,,10,-10.0,5.0,4.0,0.47,0.75,0.73,0.45999999999999996,0.74,0.72
401809780,2025-11-07,False,0.175,0.18,0.17,2.0,2.0,False,-14,,-31,2.0,-14.0,-15.0,0.23,0.06,0.03,0.22,0.05,0.01
401809776,2025-11-07,True,0.625,0.63,0.62,2.0,2.0,False,23,,14,10.0,23.0,22.0,0.8,0.97,1.0,0.78,0.95,0.98
401809775,2025-11-07,True,0.705,0.71,0.7,2.0,3.0,False,3,,18,20.0,3.0,6.0,0.94,0.74,0.88,0.93,0.73,0.79
401809512,2025-11-07,False,0.545,0.55,0.54,3.0,3.0,False,9,,-12,0.0,9.0,4.0,0.55,0.76,0.6599999999999999,0.53,0.75,0.65
401809511,2025-11-07,False,0.125,0.13,0.12,2.0,2.0,False,-17,,-33,-13.0,-17.0,-23.0,0.06,0.06,0.01,0.05,0.04,0.0
401809510,2025-11-07,True,0.605,0.61,0.6,3.0,2.0,False,8,,13,13.0,8.0,4.0,0.81,0.76,0.71,0.79,0.75,0.7
401810036,2025-11-05,True,0.56,0.57,0.55,2.0,1.0,False,-5,,5,-7.0,-5.0,7.0,0.41,0.39,0.77,0.4,0.38,0.76
401810035,2025-11-05,True,0.395,0.4,0.39,2.0,1.0,False,-8,,2,-20.0,-8.0,-5.0,0.1,0.25,0.24,0.09,0.23,0.22
401810033,2025-11-05,True,0.77,0.78,0.76,2.0,2.0,False,8,,10,3.0,8.0,15.0,0.8,0.86,0.97,0.78,0.85,0.96
401810031,2025-11-05,False,0.265,0.27,0.26,2.0,2.0,False,-9,,-15,-12.0,-9.0,-14.0,0.13,0.16,0.04,0.12,0.15,0.03
401810032,2025-11-05,False,0.725,0.73,0.72,2.0,1.0,False,-3,,-2,-10.0,-3.0,-1.0,0.51,0.62,0.65,0.5,0.61,0.63
401810030,2025-11-05,True,0.595,0.6,0.59,2.0,2.0,False,-4,,23,2.0,-4.0,8.0,0.61,0.48,0.85,0.6,0.46,0.83
401810027,2025-11-05,True,0.785,0.79,0.78,2.0,2.0,False,-2,,11,-2.0,-2.0,9.0,0.74,0.71,0.92,0.73,0.7,0.91
401810029,2025-11-05,True,0.845,0.85,0.84,2.0,2.0,False,10,,29,-11.0,10.0,22.0,0.6599999999999999,0.92,0.99,0.65,0.91,0.98
401810028,2025-11-05,False,0.695,0.7,0.69,2.0,2.0,False,5,,-9,-7.0,5.0,3.0,0.58,0.79,0.74,0.57,0.77,0.71
401810026,2025-11-05,True,0.805,0.81,0.8,3.0,1.0,False,3,,11,14.0,3.0,20.0,0.9299999999999999,0.83,0.99,0.92,0.8200000000000001,0.98
401810025,2025-11-04,False,0.26,0.27,0.25,1.0,2.0,False,1,,-19,10.0,1.0,-8.0,0.45999999999999996,0.31000000000000005,0.13,0.43999999999999995,0.30000000000000004,0.12
401810022,2025-11-04,True,0.525,0.53,0.52,2.0,2.0,False,-19,,2,-18.0,-19.0,-11.0,0.19999999999999996,0.07999999999999996,0.13,0.18999999999999995,0.06999999999999995,0.12
401810020,2025-11-04,True,0.545,0.55,0.54,2.0,1.0,False,19,,28,10.0,19.0,25.0,0.7,0.92,0.99,0.69,0.91,0.98
401810019,2025-11-03,False,0.735,0.74,0.73,3.0,1.0,False,5,,-1,-2.0,5.0,-8.0,0.69,0.78,0.37,0.6799999999999999,0.77,0.35
401810018,2025-11-03,False,0.765,0.77,0.76,3.0,1.0,False,1,,-8,9.0,1.0,-4.0,0.89,0.74,0.54,0.87,0.72,0.53
401810016,2025-11-03,False,0.37,0.38,0.36,1.0,2.0,False,-10,,-8,-7.0,-10.0,-9.0,0.28,0.18,0.12,0.26,0.17,0.11
401810013,2025-11-03,False,0.805,0.81,0.8,2.0,1.0,False,10,,-2,4.0,10.0,-2.0,0.85,0.92,0.62,0.84,0.91,0.61
401810011,2025-11-03,False,0.20999999999999996,0.21999999999999997,0.19999999999999996,1.0,2.0,False,-4,,-16,0.0,-4.0,-3.0,0.19999999999999996,0.17000000000000004,0.18000000000000005,0.18999999999999995,0.16000000000000003,0.16000000000000003
401810010,2025-11-02,True,0.645,0.65,0.64,2.0,3.0,False,14,,10,7.0,14.0,4.0,0.74,0.88,0.76,0.72,0.87,0.75
401810009,2025-11-02,True,0.32499999999999996,0.32999999999999996,0.31999999999999995,2.0,3.0,False,17,,12,7.0,17.0,24.0,0.45999999999999996,0.78,0.98,0.44999999999999996,0.77,0.97
401810008,2025-11-02,True,0.705,0.71,0.7,2.0,2.0,False,8,,12,10.0,8.0,16.0,0.83,0.82,0.95,0.82,0.81,0.94
401810004,2025-11-02,False,0.355,0.36,0.35,4.0,2.0,False,-18,,-24,-3.0,-18.0,-12.0,0.31999999999999995,0.06999999999999995,0.06999999999999995,0.31000000000000005,0.050000000000000044,0.06000000000000005
401810007,2025-11-02,True,0.615,0.62,0.61,2.0,2.0,False,6,,13,3.0,6.0,13.0,0.67,0.74,0.93,0.66,0.72,0.91
401810005,2025-11-02,True,0.48,0.49,0.47,1.0,2.0,False,23,,23,14.0,23.0,18.0,0.75,0.95,0.96,0.74,0.94,0.95
401810003,2025-11-02,True,0.865,0.87,0.86,3.0,2.0,False,23,,31,17.0,23.0,26.0,0.97,0.98,1.0,0.95,0.97,0.99
401810002,2025-11-01,True,0.705,0.71,0.7,3.0,3.0,False,-2,,12,-3.0,-2.0,-6.0,0.62,0.63,0.41,0.59,0.62,0.39
401809999,2025-11-01,True,0.185,0.19,0.18,1.0,2.0,False,-5,,5,-4.0,-5.0,-6.0,0.18,0.2,0.16,0.17,0.19,0.15
401810001,2025-11-01,False,0.37,0.38,0.36,1.0,3.0,False,-18,,-27,-13.0,-18.0,-25.0,0.19999999999999996,0.08999999999999997,0.010000000000000009,0.18999999999999995,0.07999999999999996,0.0
401810000,2025-11-01,False,0.235,0.24,0.23,2.0,2.0,False,-19,,-31,3.0,-19.0,-28.0,0.33,0.05,0.01,0.32,0.04,0.0
401809997,2025-11-01,False,0.6799999999999999,0.69,0.6699999999999999,2.0,3.0,False,1,,-2,11.0,1.0,-6.0,0.8200000000000001,0.6799999999999999,0.41000000000000003,0.81,0.6699999999999999,0.4
401809507,2025-10-31,True,0.5850000000000001,0.5900000000000001,0.5800000000000001,2.0,2.0,False,14,,22,20.0,14.0,18.0,0.9,0.88,0.98,0.88,0.87,0.96
401809509,2025-10-31,True,0.8150000000000001,0.8200000000000001,0.81,3.0,2.0,False,8,,2,-2.0,8.0,10.0,0.76,0.89,0.9299999999999999,0.75,0.88,0.92
401809508,2025-10-31,True,0.335,0.34,0.33,2.0,2.0,False,-4,,2,-8.0,-4.0,-10.0,0.2,0.27,0.1,0.19,0.26,0.09
401809504,2025-10-31,False,0.645,0.65,0.64,2.0,2.0,False,-5,,-11,-8.0,-5.0,-4.0,0.49,0.49,0.43999999999999995,0.45999999999999996,0.47,0.43000000000000005
401809505,2025-10-31,True,0.365,0.37,0.36,2.0,3.0,False,19,,10,8.0,19.0,10.0,0.53,0.85,0.72,0.52,0.83,0.71
401809502,2025-10-31,False,0.455,0.46,0.45,2.0,2.0,False,-4,,-20,-3.0,-4.0,-21.0,0.42,0.37,0.03,0.41,0.36,0.02
401809503,2025-10-31,False,0.475,0.48,0.47,3.0,2.0,False,-11,,-1,-13.0,-11.0,-7.0,0.26,0.25,0.24,0.25,0.23,0.23
401809995,2025-10-30,True,0.5,1.0,0.0,2.0,2.0,False,10,,19,,,,,,,,,
401809994,2025-10-30,True,0.5,1.0,0.0,2.0,2.0,False,2,,10,,,,,,,,,
401809993,2025-10-30,False,0.42000000000000004,0.43000000000000005,0.41000000000000003,2.0,1.0,False,-13,,-16,-7.0,,,0.31999999999999995,,,0.30000000000000004,,
401809992,2025-10-29,False,0.33999999999999997,0.35,0.33,2.0,2.0,False,4,,-1,,,,,,,,,
401809990,2025-10-29,False,0.5,1.0,0.0,2.0,2.0,False,-6,,-2,,,,,,,,,
401809987,2025-10-29,True,0.5,1.0,0.0,2.0,1.0,False,-2,,13,,,,,,,,,
401809989,2025-10-29,True,0.5,1.0,0.0,2.0,2.0,False,6,,34,,,,,,,,,
401809984,2025-10-29,True,0.47,0.48,0.45999999999999996,2.0,2.0,False,1,,19,-7.0,,,0.36,,,0.33999999999999997,,
401809983,2025-10-29,True,0.385,0.39,0.38,2.0,2.0,False,15,,20,-2.0,,,0.37,,,0.36,,
401809985,2025-10-29,False,0.255,0.26,0.25,2.0,2.0,False,-13,,-5,,,,,,,,,
401809986,2025-10-29,False,0.325,0.33,0.32,2.0,2.0,False,-7,,-18,-9.0,-7.0,,0.22,0.21,,0.21,0.2,
401809982,2025-10-28,True,0.6749999999999999,0.6799999999999999,0.6699999999999999,1.0,2.0,False,9,,19,,,15.0,,,0.92,,,0.91
401809980,2025-10-28,True,0.5,1.0,0.0,2.0,2.0,False,-15,,10,,,,,,,,,
401809978,2025-10-28,False,0.365,0.37,0.36,2.0,1.0,False,4,,-5,8.0,,,0.5,,,0.49,,
401809977,2025-10-27,False,0.42500000000000004,0.43000000000000005,0.42000000000000004,1.0,1.0,False,-6,,-14,-4.0,-6.0,-12.0,0.38,0.29000000000000004,0.13,0.37,0.28,0.12
401809976,2025-10-27,True,0.745,0.75,0.74,3.0,2.0,False,4,,13,-1.0,4.0,16.0,0.69,0.78,0.98,0.6799999999999999,0.77,0.97
401809246,2025-10-27,False,0.315,0.32,0.31,1.0,2.0,False,8,,-13,-4.0,8.0,-8.0,0.26,0.55,0.14,0.24,0.53,0.13
401809975,2025-10-27,True,0.535,0.54,0.53,3.0,2.0,False,3,,4,12.0,3.0,8.0,0.76,0.62,0.83,0.75,0.6,0.81
401809970,2025-10-27,True,0.44,0.45,0.43,2.0,2.0,False,-1,,5,-8.0,-1.0,6.0,0.31,0.44,0.68,0.29,0.42,0.67
401809973,2025-10-27,True,0.625,0.63,0.62,1.0,1.0,False,19,,18,12.0,19.0,17.0,0.81,0.95,0.98,0.8,0.94,0.97
401809972,2025-10-27,False,0.36,0.37,0.35,3.0,1.0,False,-11,,-32,-8.0,-11.0,-9.0,0.24,0.17,0.12,0.22,0.16,0.11
401809245,2025-10-27,False,0.46499999999999997,0.47,0.46,1.0,1.0,False,-22,,-21,-9.0,-22.0,-24.0,0.31,0.07,0.02,0.29,0.06,0.01
401809968,2025-10-26,False,0.615,0.62,0.61,2.0,2.0,False,0,,-7,-9.0,0.0,-5.0,0.43,0.62,0.41,0.41,0.61,0.4
401809967,2025-10-26,True,0.745,0.75,0.74,2.0,2.0,False,-5,,7,11.0,-5.0,5.0,0.89,0.64,0.81,0.87,0.63,0.79
401809962,2025-10-26,True,0.6799999999999999,0.69,0.6699999999999999,2.0,2.0,False,9,,5,-3.0,9.0,2.0,0.6599999999999999,0.86,0.7,0.65,0.85,0.6699999999999999
401809965,2025-10-26,True,0.8200000000000001,0.83,0.81,2.0,1.0,False,-2,,4,0.0,-2.0,9.0,0.75,0.67,0.89,0.73,0.66,0.87
401809963,2025-10-26,True,0.41000000000000003,0.42000000000000004,0.4,2.0,2.0,False,3,,8,-3.0,3.0,7.0,0.35,0.52,0.69,0.32999999999999996,0.51,0.6799999999999999
401809961,2025-10-26,True,0.555,0.56,0.55,2.0,2.0,False,2,,6,-9.0,2.0,13.0,0.37,0.58,0.9,0.35,0.57,0.89
401809964,2025-10-26,False,0.545,0.55,0.54,2.0,1.0,False,11,,-26,-1.0,11.0,-7.0,0.55,0.77,0.26,0.54,0.76,0.24
401809960,2025-10-26,True,0.805,0.81,0.8,2.0,2.0,False,21,,11,7.0,21.0,7.0,0.9,0.98,0.89,0.88,0.97,0.87
401809959,2025-10-25,True,0.855,0.86,0.85,2.0,1.0,False,17,,22,6.0,17.0,17.0,0.87,0.97,0.98,0.86,0.95,0.96
401809955,2025-10-25,False,0.6799999999999999,0.69,0.67,1.0,3.0,False,-3,,-12,1.0,-3.0,-3.0,0.67,0.58,0.53,0.66,0.56,0.51
401809958,2025-10-25,True,0.535,0.54,0.53,1.0,2.0,False,8,,25,2.0,8.0,19.0,0.54,0.72,0.96,0.53,0.71,0.94
401809957,2025-10-25,True,0.645,0.65,0.64,3.0,3.0,False,3,,4,7.0,3.0,-10.0,0.75,0.69,0.26,0.74,0.67,0.25
401809952,2025-10-24,True,0.405,0.41,0.4,2.0,1.0,False,13,,20,0.0,13.0,12.0,0.43,0.69,0.83,0.42,0.68,0.81
401809953,2025-10-24,True,0.655,0.6599999999999999,0.65,2.0,2.0,False,3,,1,7.0,3.0,2.0,0.78,0.71,0.6799999999999999,0.77,0.69,0.6599999999999999
401809950,2025-10-24,False,0.79,0.8,0.78,2.0,2.0,False,-6,,-10,7.0,-6.0,-13.0,0.86,0.5900000000000001,0.21999999999999997,0.84,0.5800000000000001,0.20999999999999996
401809947,2025-10-24,False,0.705,0.71,0.7,3.0,2.0,False,-8,,-4,1.0,-8.0,-1.0,0.73,0.55,0.62,0.71,0.54,0.6
401809948,2025-10-24,False,0.5800000000000001,0.5900000000000001,0.5700000000000001,2.0,2.0,False,-39,,-32,-19.0,-39.0,-38.0,0.21999999999999997,0.030000000000000027,0.010000000000000009,0.20999999999999996,0.020000000000000018,0.0
401809949,2025-10-24,False,0.375,0.38,0.37,2.0,2.0,False,1,,-4,-3.0,1.0,-2.0,0.32999999999999996,0.43000000000000005,0.37,0.30000000000000004,0.41000000000000003,0.36
401809945,2025-10-24,True,0.615,0.62,0.61,2.0,2.0,False,20,,10,-8.0,20.0,17.0,0.47,0.93,0.96,0.46,0.92,0.94
401809944,2025-10-24,False,0.16000000000000003,0.17000000000000004,0.15000000000000002,2.0,2.0,False,-12,,-7,-11.0,-12.0,-22.0,0.07999999999999996,0.06000000000000005,0.010000000000000009,0.050000000000000044,0.050000000000000044,0.0
401809943,2025-10-24,False,0.66,0.67,0.65,2.0,2.0,False,10,,-4,-1.0,10.0,8.0,0.62,0.84,0.87,0.6,0.83,0.85
401809946,2025-10-24,False,0.545,0.55,0.54,2.0,2.0,False,2,,-6,-8.0,2.0,0.0,0.38,0.57,0.55,0.36,0.56,0.52
401809236,2025-10-23,False,0.275,0.28,0.27,,2.0,False,-7,,-6,3.0,-7.0,-3.0,0.4,0.21999999999999997,0.24,0.39,0.20999999999999996,0.22999999999999998
401809237,2025-10-23,True,0.515,0.52,0.51,2.0,,False,-11,,6,-4.0,-11.0,-2.0,0.46,0.31,0.55,0.44,0.3,0.53
401809942,2025-10-22,False,0.35,0.36,0.34,,,False,4,,-4,2.0,4.0,7.0,0.4,0.47,0.65,0.37,0.45,0.64
401809936,2025-10-22,False,0.645,0.65,0.64,,,False,-6,,-1,2.0,-6.0,11.0,0.6599999999999999,0.49,0.92,0.65,0.47,0.91
401809941,2025-10-22,True,0.605,0.61,0.6,,,False,-17,,4,-10.0,-17.0,-2.0,0.37,0.17000000000000004,0.51,0.33999999999999997,0.15000000000000002,0.5
401809938,2025-10-22,True,0.615,0.62,0.61,,,False,-11,,6,-3.0,-11.0,8.0,0.53,0.29000000000000004,0.83,0.52,0.27,0.8200000000000001
401809937,2025-10-22,True,0.395,0.4,0.39,,,False,15,,4,16.0,15.0,15.0,0.72,0.79,0.94,0.71,0.78,0.9299999999999999
401809934,2025-10-22,True,0.755,0.76,0.75,,,False,4,,4,-1.0,4.0,-1.0,0.7,0.79,0.68,0.69,0.78,0.67
401809940,2025-10-22,True,0.20500000000000002,0.21,0.2,,,False,31,,21,24.0,31.0,28.0,0.75,0.95,1.0,0.73,0.93,0.99
401809234,2025-10-22,True,0.46499999999999997,0.47,0.46,,,False,15,,8,10.0,15.0,0.0,0.64,0.81,0.47,0.63,0.8,0.46
401809244,2025-10-21,False,0.445,0.45,0.44,,,False,-1,,-10,-6.0,-1.0,-11.0,0.32,0.43,0.14,0.31,0.42,0.12
401809243,2025-10-21,True,0.695,0.7,0.69,,,False,-6,,1,-3.0,-6.0,-4.0,0.61,0.49,0.48,0.6,0.48,0.47
