code,player,bid,ask,won,pre,lag,start,t_end
26SEP28FILMAJ,Arthur Fils,0.85,0.86,True,0.815,109,1790651940,1790655731
26SEP28MUNKOV,Jaume Munar,0.89,0.91,True,0.585,91,1790651580,1790653589
26SEP28MACGEA,Arthur Gea,0.79,0.8,True,0.585,102,1790650440,1790654238
26SEP28TSIHIJ,Stefanos Tsitsipas,0.95,0.96,True,0.745,75,1790645280,1790650005
26SEP28CUIALT,Jie Cui,0.47,0.48,True,0.2775,86,1790590740,1790593354
26SEP28MEDSAF,Daniil Medvedev,0.7,0.71,True,0.665,117,1790596080,1790599623
26SEP28HURSHA,Denis Shapovalov,0.65,0.66,False,0.405,105,1790594940,1790599335
26SEP27VALDAN,Adolfo Daniel Vallejo,0.78,0.79,True,0.46499999999999997,81,1790585220,1790587299
26SEP27TSINIS,Stefanos Tsitsipas,0.98,0.99,True,0.885,99,1790561580,1790564781
26SEP27SVAKOV,Zachary Svajda,0.58,0.59,False,0.615,110,1790563500,1790570530
26SEP27SONMAJ,Kamil Majchrzak,0.77,0.79,True,0.59,96,1790586180,1790588784
26SEP27MUNGIR,Marcos Giron,0.62,0.64,False,0.38,100,1790575860,1790579780
26SEP27MOCFAR,Jaime Faria,0.86,0.87,True,0.695,72,1790567880,1790581308
26SEP27HIJUGO,Rinky Hijikata,0.9,0.91,True,0.7024999999999999,102,1790560440,1790563578
26SEP27FILDAM,Martin Damm Jr,0.52,0.53,False,0.185,94,1790568180,1790569586
26SEP27HANMAC,Tomas Machac,0.72,0.73,True,0.49,107,1790568120,1790569933
26SEP27JACRUB,Andrey Rublev,0.92,0.94,True,0.735,71,1790584860,1790592109
26SEP28BASDAV,Nikoloz Basilashvili,0.37,0.38,False,0.315,110,1790585100,1790589370
26SEP26MEDWON,Daniil Medvedev,0.91,0.92,True,0.805,119,1790512620,1790514901
26SEP27HARHUR,Hubert Hurkacz,0.94,0.95,True,0.6225,100,1790509200,1790513420
26SEP27MULDAV,Alejandro Davidovich Fokina,0.89,0.9,True,0.735,101,1790492520,1790494219
26SEP27MARJAC,Kyrian Jacquet,0.67,0.69,True,0.5,99,1790489580,1790491821
26SEP27GASRUB,Hugo Gaston,0.3,0.32,False,0.15000000000000002,105,1790496720,1790499015
26SEP27MANSHA,Adrian Mannarino,0.45,0.47,False,0.28500000000000003,103,1790498760,1790502617
26SEP27BROBAS,Nikoloz Basilashvili,0.86,0.87,True,0.46499999999999997,118,1790485380,1790488502
26SEP26YUNMAJ,Yunchaokete Bu,0.63,0.64,True,0.45999999999999996,94,1790411460,1790415626
26SEP26WONVAL,Coleman Wong,0.89,0.9,True,0.605,112,1790430180,1790433908
26SEP25VACHAR,Lloyd Harris,0.83,0.84,True,0.485,68,1790410740,1790416252
26SEP25DAMHUR,Martin Damm Jr,0.53,0.58,False,0.325,95,1790405940,1790408425
26SEP25CERDAV,Alejandro Davidovich Fokina,0.8,0.81,True,0.595,76,1790399760,1790402444
26SEP24HALSAF,Quentin Halys,0.79,0.8,False,0.425,118,1790401800,1790404262
26SEP25TABMAN,Adrian Mannarino,0.58,0.61,True,0.385,70,1790317080,1790321450
26SEP25CINMUL,Alexandre Muller,0.85,0.86,True,0.545,102,1790404380,1790408118
26SEP25BASVAN,Nikoloz Basilashvili,0.67,0.68,True,0.345,91,1790325960,1790328929
26SEP25HIJRUB,Andrey Rublev,0.93,0.95,True,0.735,110,1790324580,1790335510
26SEP25BROSON,Lorenzo Sonego,0.74,0.75,False,0.485,79,1790313480,1790317241
26SEP25KOPSHA,Denis Shapovalov,0.95,0.96,True,0.765,66,1790307660,1790314854
26SEP24MARDAN,Taro Daniel,0.66,0.69,False,0.32,96,1790322180,1790325324
26SEP24FARGAS,Jaime Faria,0.8,0.81,False,0.745,101,1790339940,1790342119
26SEP25MEDROY,Daniil Medvedev,0.91,0.92,True,0.8,117,1790422920,1790426703
26SEP25JACETC,Kyrian Jacquet,0.6,0.61,True,0.375,88,1790315100,1790318132
26SEP24KOUMUL,Alexandre Muller,0.89,0.9,True,0.495,82,1790241720,1790244338
26SEP24HARKOV,Lloyd Harris,0.81,0.82,True,0.77,88,1790248320,1790249132
26SEP24DAMMOC,Martin Damm Jr,0.96,0.97,True,0.665,70,1790247660,1790248850
26SEP24KECBAS,Nikoloz Basilashvili,0.74,0.77,True,0.49,107,1790242200,1790244073
26SEP24SWEDAN,Taro Daniel,0.92,0.93,True,0.585,119,1790227140,1790231161
26SEP24SUNSAF,Roman Safiullin,0.95,0.96,True,0.8925000000000001,72,1790246640,1790247048
26SEP24HIJSVR,Rinky Hijikata,0.69,0.7,True,0.425,91,1790240460,1790240489
26SEP23BASCIN,Nikoloz Basilashvili,0.77,0.8,True,0.385,103,1790145420,1790148977
26SEP23TOMSUN,Fajing Sun,0.64,0.65,True,0.355,80,1790145120,1790147500
26SEP22MOCKOT,Shintaro Mochizuki,0.67,0.68,True,0.425,76,1790146260,1790149904
26SEP22SVRNOG,Dalibor Svrcina,0.93,0.94,True,0.815,98,1790141940,1790148682
26SEP22HARGAL,Lloyd Harris,0.93,0.94,True,0.735,61,1790140380,1790143319
26SEP23DANMAT,Taro Daniel,0.8,0.81,True,0.625,61,1790137140,1790139719
26SEP23MULBAR,Alexandre Muller,0.91,0.92,True,0.8625,101,1790142060,1790142979
26SEP23BOLSAN,Alex Bolt,0.65,0.66,True,0.645,73,1790136900,1790138507
26SEP22MOCXIA,Shintaro Mochizuki,0.83,0.84,True,0.885,85,1790063220,1790066795
26SEP22YMEGAL,Alexis Galarneau,0.71,0.72,True,0.625,81,1790054820,1790058699
26SEP22UCHCIN,Federico Cina,0.98,0.99,True,0.905,99,1790067000,1790068281
26SEP22MULPAV,Alexandre Muller,0.78,0.79,True,0.565,67,1790054340,1790056313
26SEP22HARMIY,Lloyd Harris,0.91,0.92,True,0.765,74,1790060760,1790062906
26SEP22CASKOT,Luca Castelnuovo,0.56,0.6,False,0.295,99,1790065200,1790066481
26SEP22BASHAN,Nikoloz Basilashvili,0.98,0.99,True,0.89,68,1790073480,1790075812
26SEP22BARILA,Petr Bar Biryukov,0.56,0.6,True,0.295,76,1790047980,1790056904
26SEP22WEBMAT,Hayato Matsuoka,0.73,0.74,True,0.655,86,1790056740,1790059294
26SEP22TOMRIG,Rigele TE,0.41,0.42,False,0.16,84,1790055840,1790059896
26SEP22SVRSEK,Dalibor Svrcina,0.97,0.99,True,0.795,108,1790056800,1790058972
26SEP22SUNDEL,Matthew Dellavedova,0.6,0.64,False,0.385,90,1790066700,1790068890
26SEP22KANSAN,Akira Santillan,0.98,0.99,True,0.97,63,1790051820,1790052717
26SEP22IMANOG,Rio Noguchi,0.97,0.98,True,0.71,96,1790062500,1790063484
26SEP22DANDEL,Taro Daniel,0.88,0.89,True,0.765,69,1790050200,1790053311
26SEP22BOLJAS,Alex Bolt,0.82,0.83,True,0.615,70,1790051280,1790053610
26SEP21SHEHUR,Hubert Hurkacz,0.93,0.94,True,0.815,113,1790248020,1790250067
26SEP21SHAMAN,Adrian Mannarino,0.62,0.63,True,0.395,70,1790241960,1790245550
26SEP21KOPJIA,Vit Kopriva,0.97,0.98,True,0.935,69,1790147400,1790150511
26SEP21DUCSON,Lorenzo Sonego,0.98,0.99,True,0.565,93,1790240460,1790240487
26SEP21CERZHO,Juan Manuel Cerundolo,0.92,0.93,True,0.675,89,1790254620,1790257531
26SEP21BAEBRO,Jenson Brooksby,0.8,0.81,True,0.555,90,1790140200,1790143590
26SEP21ZHAWON,Coleman Wong,0.86,0.87,True,0.865,103,1790257920,1790258717
26SEP21YUNZHE,Yunchaokete Bu,0.68,0.69,True,0.435,66,1790240520,1790241954
26SEP21VUKJAC,Kyrian Jacquet,0.73,0.75,True,0.505,65,1790151900,1790156755
26SEP21SHIGAS,Hugo Gaston,0.66,0.67,True,0.565,79,1790227440,1790229701
26SEP21ROYWAL,Valentin Royer,0.61,0.66,True,0.535,104,1790165640,1790166076
26SEP21FARATM,Terence Atmane,0.78,0.79,False,0.555,67,1790228580,1790230853
26SEP21CUIVAL,Adolfo Daniel Vallejo,0.93,0.94,True,0.7075,76,1790245680,1790247344
26SEP21BELMAJ,Kamil Majchrzak,0.93,0.94,True,0.555,68,1790240700,1790241952
26SEP13ZVESHE,Alexander Zverev,0.74,0.75,True,0.585,84,1789323420,1789326696
26SEP11ZVEKHA,Alexander Zverev,0.94,0.95,True,0.795,90,1789147980,1789157130
26SEP11TIASHE,Frances Tiafoe,0.32,0.33,False,0.275,118,1789167900,1789173302
26SEP09ZVEVAN,Alexander Zverev,0.93,0.94,True,0.875,101,1788994320,1789001479
26SEP09KHABLO,Karen Khachanov,0.8,0.81,True,0.635,66,1788987960,1788990654
26SEP08SHEALC,Carlos Alcaraz,0.84,0.85,False,0.755,86,1788922020,1788926914
26SEP08TIAMIC,Alex Michelsen,0.67,0.68,False,0.405,80,1788886320,1788895360
26SEP07KHATIE,Karen Khachanov,0.55,0.56,True,0.365,107,1788816240,1788820873
26SEP07ZVEDAR,Alexander Zverev,0.97,0.98,True,0.875,70,1788829980,1788833450
26SEP07GEAVAN,Arthur Gea,0.4,0.41,False,0.405,62,1788814620,1788817258
26SEP06CERBLO,Alexander Blockx,0.51,0.53,True,0.605,84,1788794400,1788807696
26SEP06SHETSI,Ben Shelton,0.87,0.88,True,0.735,89,1788736740,1788739291
26SEP06MEDTIA,Frances Tiafoe,0.56,0.58,True,0.395,96,1788721140,1788728484
26SEP06MICETC,Alex Michelsen,0.88,0.89,True,0.735,110,1788722640,1788727270
26SEP06PAUALC,Carlos Alcaraz,0.92,0.93,True,0.805,100,1788718140,1788721580
26SEP05ZVETAB,Alexander Zverev,0.96,0.97,True,0.825,80,1788661680,1788665500
26SEP05ZHEGEA,Arthur Gea,0.6,0.61,True,0.425,100,1788638820,1788645980
26SEP05BERVAN,Zizou Bergs,0.52,0.53,False,0.365,74,1788644520,1788647506
26SEP05MENTIE,Learner Tien,0.72,0.73,True,0.565,109,1788661020,1788663371
26SEP05KHABON,Karen Khachanov,0.76,0.77,True,0.685,94,1788635700,1788638186
26SEP05BLOCOB,Flavio Cobolli,0.7,0.71,False,0.535,81,1788627420,1788631899
26SEP05DARSWE,Luciano Darderi,0.89,0.9,True,0.765,94,1788635760,1788638186
26SEP05FRICER,Taylor Fritz,0.94,0.95,False,0.855,94,1788621000,1788626786
26SEP04YIBALC,Carlos Alcaraz,0.96,0.97,True,0.925,82,1788543720,1788549398
26SEP04BUBPAU,Tommy Paul,0.76,0.77,True,0.615,70,1788534480,1788544010
26SEP04VACTIA,Frances Tiafoe,0.87,0.88,True,0.635,69,1788555660,1788565911
26SEP04ETCNAV,Tomas Martin Etcheverry,0.7,0.71,True,0.535,76,1788552840,1788561704
26SEP04LEHTSI,Jiri Lehecka,0.8,0.81,False,0.625,67,1788556500,1788559313
26SEP04SHESHA,Ben Shelton,0.93,0.94,True,0.795,84,1788576120,1788580296
26SEP03BERDEJ,Zizou Bergs,0.83,0.84,True,0.565,115,1788475680,1788479225
26SEP03BONBUS,Benjamin Bonzi,0.59,0.6,True,0.46499999999999997,112,1788469920,1788472628
26SEP03YUNZHE,Michael Zheng,0.63,0.64,True,0.625,85,1788478980,1788482555
26SEP03VANDE,Botic Van de Zandschulp,0.43,0.44,True,0.24,111,1788474120,1788476829
26SEP03SVAGEA,Zachary Svajda,0.6,0.61,False,0.565,79,1788469440,1788477761
26SEP04MEDRIN,Daniil Medvedev,0.84,0.85,True,0.735,61,1788540180,1788543719
26SEP04MICMER,Alex Michelsen,0.69,0.7,True,0.635,118,1788561900,1788565322
26SEP03ZVEHAL,Alexander Zverev,0.91,0.92,True,0.845,117,1788483540,1788489123
26SEP03MONTIE,Learner Tien,0.9,0.91,True,0.825,62,1788470160,1788480418
26SEP02SWEMUS,Lorenzo Musetti,0.93,0.94,False,0.935,74,1788458640,1788463066
26SEP02SCHCOB,Tristan Schoolkate,0.36,0.37,False,0.185,67,1788462480,1788465173
26SEP02STRCER,Jan-Lennard Struff,0.61,0.62,False,0.405,79,1788444900,1788452261
26SEP02FRIBEL,Taylor Fritz,0.96,0.97,True,0.875,89,1788459300,1788461851
26SEP01JODYUN,Yunchaokete Bu,0.51,0.52,True,0.09,104,1788370560,1788372856
26SEP02SAKTIA,Frances Tiafoe,0.82,0.83,True,0.785,77,1788391200,1788393463
26SEP02AUGKHA,Felix Auger-Aliassime,0.78,0.79,False,0.735,79,1788447540,1788452561
26SEP02POPTAB,Alexei Popyrin,0.63,0.64,False,0.395,102,1788461820,1788464238
26SEP02MENROD,Jakub Mensik,0.92,0.93,True,0.865,76,1788460140,1788463064
26SEP02SHEHUR,Ben Shelton,0.85,0.86,True,0.695,60,1788368460,1788371640
26SEP02BLOTRU,Alexander Blockx,0.94,0.95,True,0.835,87,1788463440,1788466353
26SEP02DARSVR,Luciano Darderi,0.74,0.75,True,0.575,113,1788447420,1788451387
26SEP02BERNAV,Matteo Berrettini,0.73,0.74,False,0.5974999999999999,102,1788383040,1788392598
26SEP02ETCFEA,Tomas Martin Etcheverry,0.86,0.87,True,0.575,62,1788367200,1788374038
26SEP02NAKMIC,Alex Michelsen,0.54,0.55,True,0.315,114,1788362160,1788365046
26SEP02DUCYIB,Yibing Wu,0.85,0.86,True,0.575,100,1788389400,1788392600
26SEP02FARALC,Jaime Faria,0.17,0.18,False,0.08499999999999999,108,1788396300,1788399192
26SEP02MEDGOR,Daniil Medvedev,0.98,0.99,True,0.935,86,1788362160,1788363454
26SEP02MERRUB,Andrey Rublev,0.56,0.57,False,0.585,92,1788360180,1788365668
26SEP02HARTSI,Lloyd Harris,0.59,0.6,False,0.41500000000000004,62,1788387180,1788388078
26SEP02BUBMAN,Alexander Bublik,0.97,0.98,True,0.765,108,1788392700,1788394992
26SEP02VACMAJ,Valentin Vacherot,0.69,0.7,True,0.545,98,1788390720,1788395302
26SEP02SHAVAN,Denis Shapovalov,0.79,0.81,True,0.575,80,1788382560,1788384520
26SEP02MUNRIN,Arthur Rinderknech,0.84,0.85,True,0.605,96,1788358140,1788367464
26SEP02LEHSAM,Jiri Lehecka,0.92,0.93,True,0.72,76,1788386940,1788390224
26SEP02PRIPAU,Tommy Paul,0.91,0.92,True,0.815,61,1788393240,1788396179
26AUG31VIRRUB,Otto Virtanen,0.27,0.28,False,0.165,73,1788189240,1788192947
26SEP01CERGEA,Arthur Gea,0.52,0.53,True,0.565,79,1788288960,1788296381
26AUG29FERBUS,Ignacio Buse,0.96,0.97,True,0.46499999999999997,100,1788034140,1788036920
26AUG30WONPAU,Coleman Wong,0.25,0.26,False,0.155,105,1788110280,1788114015
26AUG30VUKSAK,Rei Sakamoto,0.8,0.81,True,0.745,82,1788126300,1788126638
26AUG30SVRROY,Dalibor Svrcina,0.7,0.72,True,0.495,96,1788191100,1788203664
26AUG30SAMMAC,Toby Samuel,0.93,0.94,True,0.585,65,1788112140,1788119455
26AUG30RODMPE,Jurij Rodionov,0.9,0.91,True,0.535,79,1788193440,1788200681
26AUG30MICCIN,Alex Michelsen,0.9,0.91,True,0.825,69,1788127680,1788134391
26AUG30MENMOC,Jakub Mensik,0.94,0.95,True,0.895,92,1788218940,1788221128
26AUG30MEDGAS,Daniil Medvedev,0.96,0.97,True,0.875,65,1788113160,1788116995
26AUG30LANFEA,Martin Landaluce,0.66,0.69,False,0.715,85,1788199500,1788199475
26AUG30HARKEN,Lloyd Harris,0.97,0.98,True,0.855,115,1788109680,1788112925
26AUG30GUEDE,Alex de Minaur,0.98,0.99,True,0.935,114,1788372420,1788374646
26AUG30DIMPOP,Grigor Dimitrov,0.83,0.84,False,0.655,101,1788219300,1788221119
26AUG30DEJPAS,Francesco Passaro,0.69,0.7,False,0.415,99,1788297900,1788299961
26AUG30DARWEN,Luciano Darderi,0.84,0.85,True,0.735,92,1788204600,1788208168
26AUG30BLOBAR,Alexander Blockx,0.88,0.9,True,0.835,100,1788209640,1788212720
26AUG30BELPIR,Mattia Bellucci,0.83,0.84,True,0.645,109,1788289740,1788291911
26AUG30BASSCH,Tristan Schoolkate,0.43,0.44,True,0.255,98,1788290700,1788293122
26AUG28DUCFER,Arthur Fery,0.82,0.83,True,0.595,106,1787958240,1787961974
26AUG28BUSBON,Ignacio Buse,0.9,0.91,True,0.455,96,1787951040,1787953644
26AUG30ZVESON,Alexander Zverev,0.95,0.96,True,0.935,112,1788305100,1788314648
26AUG30YIBWAL,Yibing Wu,0.75,0.76,True,0.4,104,1788103920,1788106816
26AUG30VANNOR,Cameron Norrie,0.52,0.53,False,0.675,118,1788111360,1788117662
26AUG30VALMON,Adolfo Daniel Vallejo,0.62,0.63,False,0.565,63,1788304440,1788307137
26AUG30VACKOV,Valentin Vacherot,0.8,0.81,True,0.725,119,1788190560,1788191881
26AUG30UGOSTR,Jan-Lennard Struff,0.81,0.82,True,0.665,119,1788291180,1788294841
26AUG30TSIFIL,Arthur Fils,0.97,0.98,False,0.835,76,1788183480,1788192944
26AUG30TIRMAN,Thiago Agustin Tirante,0.86,0.87,False,0.72,92,1788122400,1788126028
26AUG30SWEMOU,Dane Sweeny,0.51,0.53,True,0.315,60,1788288420,1788294840
26AUG30SVAALT,Zachary Svajda,0.88,0.9,True,0.5925,64,1788368580,1788370616
26AUG30SHIRIN,Sho Shimabukuro,0.25,0.26,False,0.225,109,1788103860,1788106811
26AUG30SHEGRI,Tallon Griekspoor,0.2,0.21,False,0.125,90,1788218580,1788221130
26AUG30SHATRU,Juncheng Shang,0.72,0.73,False,0.645,93,1788212220,1788215007
26AUG30SAFALC,Carlos Alcaraz,0.87,0.88,True,0.815,79,1788195960,1788201281
26AUG30PRISHE,Alexander Shevchenko,0.45,0.46,False,0.275,100,1788101280,1788105020
26AUG30NAVDJO,Mariano Navone,0.4,0.41,True,0.08499999999999999,70,1788133200,1788137450
26AUG30NAKBAE,Brandon Nakashima,0.98,0.99,True,0.865,95,1788204420,1788207145
26AUG30MUNATM,Terence Atmane,0.72,0.73,False,0.635,71,1788110640,1788115189
26AUG30MOLBON,Benjamin Bonzi,0.85,0.86,True,0.675,94,1788367380,1788369266
26AUG30MISCER,Francisco Cerundolo,0.84,0.85,True,0.925,68,1788289500,1788292552
26AUG30MERFUC,Daniel Merida,0.87,0.88,True,0.835,105,1788103320,1788105615
26AUG30MARZHE,Michael Zheng,0.59,0.6,True,0.6,116,1788374340,1788383464
26AUG30MAJMED,Kamil Majchrzak,0.9,0.91,True,0.57,105,1788104340,1788105015
26AUG30LEHCAR,Jiri Lehecka,0.97,0.98,True,0.805,105,1788102480,1788105015
26AUG30KECSHA,Denis Shapovalov,0.77,0.78,True,0.575,94,1788119820,1788122426
26AUG30HANTAB,Alejandro Tabilo,0.92,0.93,True,0.565,112,1788206400,1788208748
26AUG30HALDIA,Quentin Halys,0.85,0.86,True,0.74,84,1788214140,1788217656
26AUG30GORCOL,Raphael Collignon,0.89,0.9,False,0.865,118,1788130020,1788130742
26AUG30GIRBUS,Marcos Giron,0.45,0.46,False,0.385,71,1788368160,1788371629
26AUG30FRIBLA,Taylor Fritz,0.96,0.97,True,0.955,105,1788285180,1788287055
26AUG30FERMUS,Lorenzo Musetti,0.93,0.94,True,0.745,116,1788292980,1788297244
26AUG30ETCKOP,Tomas Martin Etcheverry,0.87,0.88,True,0.635,65,1788125220,1788127855
26AUG30DZUHUR,Hubert Hurkacz,0.93,0.94,True,0.805,114,1788202500,1788204426
26AUG30DAMTIA,Frances Tiafoe,0.82,0.83,True,0.785,100,1788223980,1788227720
26AUG30COMCOB,Francisco Comesana,0.55,0.56,False,0.175,111,1788275880,1788279849
26AUG30CHOVAN,Botic Van de Zandschulp,0.95,0.96,True,0.775,66,1788366600,1788370614
26AUG30BURKHA,Karen Khachanov,0.94,0.95,True,0.775,84,1788212880,1788215676
26AUG30BUBWOL,Alexander Bublik,0.8,0.81,True,0.685,65,1788135660,1788142795
26AUG30BORTIE,Learner Tien,0.83,0.85,True,0.665,109,1788215880,1788219911
26AUG30BERWAW,Matteo Berrettini,0.85,0.86,True,0.885,69,1788207600,1788209991
26AUG30BERTAB,Zizou Bergs,0.85,0.86,True,0.915,106,1788298020,1788300554
26AUG30AUGHIJ,Felix Auger-Aliassime,0.93,0.94,True,0.89,117,1788218520,1788221703
26AUG30ARNDUC,Matteo Arnaldi,0.78,0.79,False,0.615,85,1788196620,1788200075
26AUG27MARDUC,Fabian Marozsan,0.56,0.57,False,0.605,82,1787884200,1787888738
26AUG27YUNCIN,Yunchaokete Bu,0.67,0.69,False,0.625,102,1787937720,1787940438
26AUG27GASSMI,Colton Smith,0.67,0.68,False,0.425,106,1787937420,1787939114
26AUG27DRASCH,Liam Draxl,0.81,0.85,False,0.545,79,1787933760,1787936741
26AUG27HARLLA,Lloyd Harris,0.86,0.88,True,0.635,93,1787930340,1787934267
26AUG27FERKOV,Aleksandar Kovacevic,0.77,0.78,False,0.505,80,1787869140,1787879740
26AUG27PIROCO,Christopher O'Connell,0.63,0.64,False,0.7024999999999999,92,1787932440,1787934268
26AUG27NISSAK,Rei Sakamoto,0.79,0.8,True,0.605,80,1787934000,1787936740
26AUG27CERBUS,Ignacio Buse,0.54,0.55,True,0.46499999999999997,81,1787862180,1787870439
26AUG27GEABAS,Nishesh Basavareddy,0.86,0.87,True,0.385,105,1787930880,1787933235
26AUG27MOCPAS,Francesco Passaro,0.88,0.89,True,0.4175,93,1787931180,1787933667
26AUG27SVRMCD,Mackenzie McDonald,0.53,0.54,False,0.445,104,1787930280,1787933236
26AUG27GAUWEN,Vilius Gaubas,0.79,0.8,False,0.575,63,1787842740,1787850117
26AUG27SAMGAR,Cristian Garin,0.57,0.58,False,0.33,68,1787846100,1787848612
26AUG27BONVAN,Benjamin Bonzi,0.87,0.88,True,0.345,61,1787854320,1787859299
26AUG27WONLAJ,Coleman Wong,0.83,0.84,True,0.665,67,1787846040,1787848613
26AUG27FEAROD,Jacob Fearnley,0.87,0.88,False,0.705,70,1787838960,1787848610
26AUG27DOUGUE,Andrea Guerrieri,0.82,0.83,True,0.495,71,1787842860,1787848609
26AUG27RINBAR,Marcelo Tomas Barrios Vera,0.75,0.76,True,0.525,112,1787845860,1787849528
26AUG26SCHHON,Tristan Schoolkate,0.89,0.9,True,0.665,63,1787785320,1787788317
26AUG26DRAJOH,Liam Draxl,0.88,0.9,True,0.72,116,1787781900,1787784904
26AUG26SONDUC,James Duckworth,0.79,0.82,True,0.455,113,1787783400,1787787127
26AUG26DAMMAR,Martin Damm Jr,0.74,0.75,False,0.445,100,1787789820,1787792780
26AUG26CERBAE,Juan Manuel Cerundolo,0.91,0.92,True,0.415,102,1787777520,1787780538
26AUG26YUNGOJ,Yunchaokete Bu,0.8,0.81,True,0.59,87,1787779860,1787781753
26AUG26CINDEL,Federico Cina,0.88,0.9,True,0.905,114,1787787660,1787787126
26AUG26KYMSMI,Colton Smith,0.44,0.45,True,0.315,87,1787786880,1787790993
26AUG26FERROT,Arthur Fery,0.96,0.97,True,0.67,113,1787773140,1787776927
26AUG26HIJBON,Benjamin Bonzi,0.93,0.94,True,0.485,61,1787767860,1787769899
26AUG26GASILA,Hugo Gaston,0.89,0.9,True,0.575,69,1787776380,1787778411
26AUG26BUDOCO,Christopher O'Connell,0.95,0.96,True,0.635,85,1787776680,1787781395
26AUG26KOVTSI,Aleksandar Kovacevic,0.62,0.63,True,0.31,61,1787784720,1787786519
26AUG26PIRGLI,Zsombor Piros,0.93,0.94,True,0.615,96,1787779200,1787781144
26AUG26VANDAR,Botic Van de Zandschulp,0.96,0.97,True,0.585,72,1787768100,1787770668
26AUG26SACLLA,Pablo Llamas Ruiz,0.93,0.94,True,0.655,117,1787782500,1787784903
26AUG26ROCHAR,Henrique Rocha,0.7,0.71,False,0.5700000000000001,119,1787780820,1787782861
26AUG26GEACHI,Arthur Gea,0.85,0.86,True,0.665,88,1787769360,1787773772
26AUG26ALTBUS,Ignacio Buse,0.74,0.75,True,0.5549999999999999,93,1787768340,1787772867
26AUG26MIKBAS,Nishesh Basavareddy,0.9,0.92,True,0.685,84,1787773260,1787775756
26AUG26SKADIM,Grigor Dimitrov,0.91,0.92,True,0.845,84,1787764380,1787769156
26AUG26JORLAJ,Dusan Lajovic,0.89,0.91,True,0.795,85,1787765640,1787768675
26AUG26MOCSHI,Shintaro Mochizuki,0.92,0.93,True,0.615,88,1787770740,1787773772
26AUG26NISANT,Kei Nishikori,0.98,0.99,True,0.615,119,1787778180,1787782021
26AUG26VIRPIN,Jack Pinnington Jones,0.79,0.8,False,0.45499999999999996,66,1787765340,1787767374
26AUG25VANKOV,Aleksandar Kovacevic,0.75,0.76,True,0.6825,86,1787688840,1787689414
26AUG26WONNEU,Coleman Wong,0.97,0.98,True,0.655,79,1787764020,1787766161
26AUG26SAKMUL,Rei Sakamoto,0.98,0.99,True,0.61,116,1787778000,1787779324
26AUG25GREBAE,Sebastian Baez,0.96,0.97,True,0.78,77,1787702940,1787706163
26AUG26SVRGAL,Dalibor Svrcina,0.85,0.86,True,0.7675000000000001,114,1787772960,1787775426
26AUG26SEYMCD,Mackenzie McDonald,0.82,0.83,True,0.595,82,1787766300,1787771858
26AUG26PASGEN,Francesco Passaro,0.65,0.66,True,0.41500000000000004,86,1787774460,1787775754
26AUG25ROTMAC,Mees Rottgering,0.74,0.76,True,0.345,87,1787696640,1787699373
26AUG26BERWEN,Remy Bertola,0.5,0.53,False,0.4775,67,1787767380,1787769893
26AUG25MEDDAM,Martin Damm Jr,0.49,0.51,True,0.225,111,1787697960,1787700789
26AUG25FERHEW,Arthur Fery,0.82,0.84,True,0.825,119,1787691300,1787693041
26AUG25WALBUS,Ignacio Buse,0.66,0.68,True,0.385,116,1787681700,1787684644
26AUG26SAMHAR,Billy Harris,0.35,0.36,False,0.21250000000000002,70,1787767140,1787770370
26AUG26GUESCH,Joel Schwaerzler,0.89,0.91,False,0.58,106,1787756400,1787760194
26AUG25MANSON,Lorenzo Sonego,0.87,0.89,True,0.5700000000000001,82,1787702880,1787706758
26AUG26YMEGAR,Cristian Garin,0.89,0.9,True,0.585,64,1787764860,1787766776
26AUG25BONHAL,Quentin Halys,0.77,0.78,False,0.635,89,1787681580,1787684011
26AUG26JACDOU,Aziz Dougaz,0.46,0.52,True,0.46499999999999997,102,1787758380,1787760498
26AUG26OLIBAR,Marcelo Tomas Barrios Vera,0.86,0.87,True,0.785,102,1787757300,1787760198
26AUG26GAUCEC,Vilius Gaubas,0.92,0.93,True,0.675,74,1787763300,1787765566
26AUG25DUCNAV,James Duckworth,0.65,0.67,True,0.41000000000000003,63,1787694060,1787696577
26AUG25CERSUR,Juan Manuel Cerundolo,0.96,0.97,True,0.625,116,1787692920,1787694184
26AUG25RINLEE,Daniel Rincon,0.78,0.79,True,0.635,104,1787756820,1787759896
26AUG25FERROD,Jurij Rodionov,0.83,0.84,True,0.6799999999999999,108,1787756940,1787760192
26AUG25FEAPAV,Jacob Fearnley,0.94,0.97,True,0.795,105,1787757240,1787759895
26AUG25VANVAL,Botic Van de Zandschulp,0.94,0.95,True,0.585,116,1787681700,1787684644
26AUG25KECMAR,Fabian Marozsan,0.85,0.86,True,0.46749999999999997,73,1787704380,1787707367
26AUG25COLHIJ,Raphael Collignon,0.7,0.71,False,0.535,111,1787691420,1787693649
26AUG25BELDAR,Mattia Bellucci,0.54,0.55,False,0.46499999999999997,118,1787675520,1787684642
26AUG24CLASAK,Jay Clarke,0.44,0.46,False,0.21000000000000002,67,1787611980,1787612693
26AUG24NEUMCC,Lukas Neumayer,0.8,0.81,True,0.7124999999999999,60,1787608860,1787609640
26AUG24ALTCOM,Daniel Altmaier,0.85,0.86,True,0.495,109,1787619240,1787621351
26AUG24BALKOV,Aleksandar Kovacevic,0.8,0.81,True,0.675,73,1787614500,1787616827
26AUG24CHOROT,Mees Rottgering,0.75,0.76,True,0.4275,111,1787607000,1787609049
26AUG24GORHEW,Sebastian Gorzny,0.64,0.65,False,0.505,71,1787600520,1787602309
26AUG24DAMSHE,Martin Damm Jr,0.83,0.84,True,0.705,95,1787603280,1787605825
26AUG24VANDUC,James Duckworth,0.98,0.99,True,0.775,92,1787596200,1787598628
26AUG24SURGIR,Dhakshineswar Suresh,0.61,0.62,True,0.28500000000000003,66,1787595360,1787597394
26AUG24SAFGRE,Hugo Grenier,0.55,0.56,True,0.155,108,1787609760,1787613852
26AUG24YUNNOG,Rio Noguchi,0.53,0.57,False,0.275,77,1787693160,1787696263
26AUG24WONMOL,Elmer Moller,0.48,0.49,False,0.185,69,1787608320,1787612691
26AUG24WENTRA,Harry Wendelken,0.81,0.82,True,0.595,97,1787602620,1787605823
26AUG24VIRBLA,Otto Virtanen,0.95,0.96,True,0.645,92,1787608740,1787610868
26AUG24TOMHAR,Lloyd Harris,0.4,0.43,True,0.71,88,1787678640,1787680112
26AUG24SVRMEL,Dalibor Svrcina,0.77,0.78,True,0.845,114,1787603340,1787605206
26AUG24SQUJOR,David Jorda Sanchis,0.4,0.41,True,0.31,69,1787670960,1787673531
26AUG24SKAARN,Timofey Skatov,0.76,0.77,True,0.58,66,1787662320,1787674734
26AUG24SHITAB,Braden Shick,0.67,0.72,True,0.415,88,1787670180,1787674172
26AUG24SECSCH,Tristan Schoolkate,0.91,0.92,True,0.875,92,1787699820,1787702008
26AUG24SCHHEI,Gustavo Heide,0.51,0.53,False,0.4475,115,1787594340,1787596805
26AUG24SAMMAE,Francesco Maestrelli,0.33,0.34,False,0.1925,90,1787598840,1787601630
26AUG24SAKOCO,Christopher O'Connell,0.81,0.82,True,0.615,111,1787679720,1787689989
26AUG24RONYME,Elias Ymer,0.85,0.87,True,0.8275,109,1787598840,1787600411
26AUG24ROCMMO,Henrique Rocha,0.75,0.76,True,0.605,61,1787674680,1787684639
26AUG24PRABAR,Marcelo Tomas Barrios Vera,0.79,0.8,True,0.585,99,1787589480,1787592621
26AUG24PIRALC,Zsombor Piros,0.97,0.98,True,0.8625,89,1787688900,1787689411
26AUG24PINSVA,Jack Pinnington Jones,0.53,0.56,True,0.515,118,1787615100,1787618642
26AUG24PAVVAR,Luka Pavlovic,0.95,0.96,True,0.735,114,1787586060,1787588166
26AUG24PASGIL,Francesco Passaro,0.91,0.92,True,0.545,64,1787606520,1787609636
26AUG24ONCSAC,Vitaliy Sachko,0.55,0.56,True,0.28750000000000003,92,1787679300,1787681668
26AUG24OFNNIS,Kei Nishikori,0.58,0.59,True,0.515,68,1787670900,1787672992
26AUG24NARCIN,Federico Cina,0.91,0.93,True,0.7875000000000001,113,1787692740,1787694787
26AUG24NAPMCD,Mackenzie McDonald,0.88,0.89,True,0.805,102,1787608380,1787612118
26AUG24MOCMIL,Shintaro Mochizuki,0.88,0.91,True,0.585,66,1787671200,1787675394
26AUG24MIKSAI,Luka Mikrut,0.88,0.9,True,0.545,100,1787677200,1787680700
26AUG24MEJDRA,Liam Draxl,0.9,0.92,True,0.665,81,1787701860,1787704359
26AUG24MARGLI,Daniil Glinka,0.92,0.93,True,0.435,90,1787684760,1787689410
26AUG24MARGEN,Tom Gentzsch,0.9,0.91,True,0.685,104,1787608500,1787612116
26AUG24LAJLEE,Mark Lajal,0.82,0.83,False,0.875,83,1787584140,1787587357
26AUG24KYMADD,Jerome Kym,0.94,0.95,True,0.825,115,1787694180,1787695985
26AUG24KWONLAJ,Soonwoo Kwon,0.88,0.89,False,0.655,73,1787664180,1787673527
26AUG24KOUBAS,Nishesh Basavareddy,0.49,0.5,True,0.46499999999999997,98,1787676720,1787681242
26AUG24KOLGOJ,Borna Gojo,0.92,0.93,True,0.805,116,1787690580,1787692384
26AUG24KASBUD,Nicolai Budkov Kjaer,0.66,0.68,True,0.625,90,1787683560,1787688810
26AUG24JOHGAR,Cristian Garin,0.88,0.89,True,0.4,61,1787593140,1787596799
26AUG24JACMID,Kyrian Jacquet,0.92,0.93,True,0.825,75,1787596860,1787599245
26AUG24ILABOY,Andre Ilagan,0.72,0.75,True,0.695,91,1787687160,1787689409
26AUG24HONBAS,Seongchan Hong,0.65,0.66,True,0.3,84,1787699220,1787702616
26AUG24GUEHOL,Andrea Guerrieri,0.72,0.73,True,0.7124999999999999,93,1787599200,1787599827
26AUG24GOMDOU,Aziz Dougaz,0.93,0.94,True,0.545,74,1787589660,1787593906
26AUG24GIUDIM,Grigor Dimitrov,0.99,1.0,True,0.945,92,1787678760,1787680108
26AUG24GEANAG,Arthur Gea,0.96,0.97,True,0.855,79,1787679120,1787682221
26AUG24GAUFEL,Vilius Gaubas,0.76,0.77,True,0.535,72,1787589660,1787595048
26AUG24GASJUS,Hugo Gaston,0.84,0.88,True,0.855,91,1787685540,1787688809
26AUG24FEACAR,Jacob Fearnley,0.93,0.94,True,0.695,65,1787587920,1787589355
26AUG24ECHDEL,Hugo Dellien,0.54,0.55,True,0.33999999999999997,90,1787696640,1787699370
26AUG24DRORIN,Titouan Droguet,0.87,0.88,False,0.825,109,1787584500,1787588771
26AUG24DJEMUL,Alexandre Muller,0.9,0.91,True,0.36250000000000004,75,1787614200,1787615025
26AUG24DENOLI,Guy Den Ouden,0.87,0.88,False,0.815,74,1787591280,1787595046
26AUG24DEDFER,Frederico Ferreira Silva,0.84,0.85,True,0.5,110,1787585400,1787588770
26AUG24DANJOH,Taro Daniel,0.95,0.96,False,0.84,88,1787699160,1787701052
26AUG24COPROD,Jurij Rodionov,0.91,0.92,True,0.615,91,1787574780,1787587349
26AUG24CHICOR,Clement Chidekh,0.96,0.97,True,0.895,94,1787680320,1787683406
26AUG24CECBRO,Marco Cecchinato,0.65,0.69,True,0.235,78,1787595720,1787597382
26AUG24BUEHAR,Billy Harris,0.97,0.98,True,0.615,99,1787590260,1787601621
26AUG24BRASEY,Thiago Seyboth Wild,0.97,0.98,True,0.635,106,1787600820,1787605814
26AUG24BOLLLA,Pablo Llamas Ruiz,0.86,0.87,True,0.715,81,1787678700,1787682219
26AUG24BERMOR,Remy Bertola,0.6,0.61,True,0.36,117,1787597760,1787600403
26AUG24ANTSEA,Michael Antonius,0.88,0.89,True,0.65,76,1787672280,1787672984
26AUG23FILTIA,Arthur Fils,0.66,0.67,True,0.665,94,1787514180,1787519966
26AUG23SHESUR,Abdullah Shelbayh,0.71,0.72,True,0.455,78,1787505600,1787507502
26AUG23BALGOR,Sebastian Gorzny,0.66,0.67,False,0.395,105,1787505420,1787507775
26AUG23GREROT,Mees Rottgering,0.86,0.87,True,0.635,109,1787505780,1787509571
26AUG23HERVAN,Pierre-Hugues Herbert,0.84,0.85,False,0.575,81,1787505240,1787507499
26AUG23WALDEJ,Adam Walton,0.77,0.78,True,0.625,117,1787592120,1787603403
26AUG23SHIKEC,Miomir Kecmanovic,0.9,0.91,True,0.685,90,1787512920,1787515770
26AUG23MAJBON,Benjamin Bonzi,0.88,0.89,True,0.19,105,1787597040,1787598615
26AUG23LANBEL,Mattia Bellucci,0.84,0.87,True,0.46499999999999997,112,1787518860,1787522348
26AUG23HIJBLA,Rinky Hijikata,0.88,0.89,True,0.695,103,1787530020,1787533757
26AUG23COMYIB,Francisco Comesana,0.78,0.79,True,0.42,107,1787517180,1787519353
26AUG22NAKTIA,Frances Tiafoe,0.68,0.69,True,0.485,98,1787438160,1787444782
26AUG22TULVAN,Quinn Vandecasteele,0.94,0.95,True,0.565,84,1787417220,1787419296
26AUG22SHESEG,Ryan Seggerman,0.54,0.55,False,0.31,85,1787423580,1787425295
26AUG22PASSUR,Roger Pascual Ferra,0.57,0.58,False,0.335,83,1787427540,1787430697
26AUG22HERMIY,Pierre-Hugues Herbert,0.82,0.85,True,0.435,99,1787411700,1787413881
26AUG22HECROT,Mees Rottgering,0.99,1.0,True,0.795,103,1787419380,1787420777
26AUG22GREOBE,Hugo Grenier,0.95,0.96,True,0.8099999999999999,105,1787414280,1787414175
26AUG22GORPOL,Sebastian Gorzny,0.66,0.67,True,0.555,89,1787420220,1787422291
26AUG22BALPOW,Felix Balshaw,0.84,0.85,True,0.725,99,1787411640,1787415081
26AUG22COBFIL,Arthur Fils,0.92,0.93,True,0.695,85,1787422980,1787425295
26AUG21MUSTIA,Frances Tiafoe,0.73,0.74,True,0.505,70,1787351220,1787359250
26AUG21FRINAK,Brandon Nakashima,0.57,0.58,True,0.375,76,1787342880,1787346044
26AUG20TIRFIL,Arthur Fils,0.92,0.93,True,0.765,79,1787270220,1787275241
26AUG20PAUCOB,Tommy Paul,0.8,0.81,False,0.595,82,1787254260,1787257238
26AUG19TIAAUG,Frances Tiafoe,0.63,0.65,True,0.335,78,1787188980,1787192442
26AUG19FARMUS,Lorenzo Musetti,0.96,0.97,True,0.735,79,1787183940,1787192441
26AUG19BORNAK,Brandon Nakashima,0.8,0.81,True,0.625,78,1787178120,1787181642
26AUG19FRIOCO,Taylor Fritz,0.93,0.94,True,0.895,73,1787184840,1787188847
26AUG19ZVEPAU,Alexander Zverev,0.84,0.85,False,0.725,89,1787162640,1787166631
26AUG19TIRMEN,Jakub Mensik,0.83,0.84,False,0.665,75,1787161500,1787162145
26AUG19JODCOB,Rafael Jodar,0.87,0.88,False,0.735,111,1787152320,1787155869
26AUG19FILDE,Arthur Fils,0.76,0.77,True,0.615,63,1787167620,1787175657
26AUG18ZHEMUS,Lorenzo Musetti,0.95,0.96,True,0.645,68,1787069400,1787074552
26AUG18TIETIA,Frances Tiafoe,0.7,0.71,True,0.46499999999999997,99,1787090820,1787101281
26AUG18RUBBOR,Nuno Borges,0.54,0.55,True,0.365,61,1787061300,1787068739
26AUG18NAKMED,Daniil Medvedev,0.78,0.79,False,0.565,66,1787070840,1787083554
26AUG18FRIMER,Taylor Fritz,0.89,0.9,True,0.805,60,1787071560,1787073960
26AUG18FARWAL,Adam Walton,0.91,0.92,False,0.425,76,1787088120,1787090144
26AUG18CERAUG,Felix Auger-Aliassime,0.95,0.96,True,0.815,77,1787094180,1787098543
26AUG17ZVEATM,Alexander Zverev,0.91,0.92,True,0.845,67,1787011200,1787015153
26AUG17TIRLAN,Thiago Agustin Tirante,0.78,0.79,True,0.575,88,1786978560,1786985012
26AUG17PAUVAL,Adolfo Daniel Vallejo,0.62,0.63,False,0.24,110,1787022720,1787023870
26AUG17LEHFIL,Arthur Fils,0.86,0.87,True,0.595,101,1787009520,1787017279
26AUG17JODTAB,Rafael Jodar,0.92,0.93,True,0.685,104,1787000520,1787007676
26AUG17HIJMEN,Jakub Mensik,0.88,0.89,True,0.765,113,1787008680,1787011567
26AUG17FERDE,Alex de Minaur,0.92,0.94,True,0.745,101,1786993140,1787000059
26AUG17BLOCOB,Flavio Cobolli,0.72,0.74,True,0.485,102,1786978440,1786982778
26AUG16WALBUS,Adam Walton,0.79,0.8,True,0.605,96,1786911720,1786923084
26AUG16TRUMED,Daniil Medvedev,0.81,0.82,True,0.845,113,1786892640,1786896427
26AUG16SONTIA,Frances Tiafoe,0.94,0.95,True,0.595,93,1786932300,1786934787
26AUG16SHEFAR,Jaime Faria,0.38,0.39,True,0.175,116,1786922520,1786927864
26AUG16RINCER,Arthur Rinderknech,0.81,0.82,False,0.615,62,1786897020,1786903018
26AUG16OCORUU,Christopher O'Connell,0.64,0.65,True,0.235,60,1786895700,1786896720
26AUG16NAKKOV,Brandon Nakashima,0.93,0.94,True,0.745,72,1786906740,1786909308
26AUG16MERBER,Daniel Merida,0.89,0.9,True,0.545,102,1786913520,1786917078
26AUG16HUMZHE,Michael Zheng,0.67,0.68,True,0.485,63,1786891620,1786896117
26AUG16FRIMIC,Taylor Fritz,0.92,0.93,True,0.625,101,1786904940,1786907779
26AUG16FONVAN,Joao Fonseca,0.87,0.88,True,0.715,84,1786899600,1786902396
26AUG16BORCER,Nuno Borges,0.93,0.94,True,0.565,97,1786907940,1786910183
26AUG15FERDUC,Arthur Fery,0.56,0.57,True,0.525,117,1786829640,1786833123
26AUG15LEHBER,Jiri Lehecka,0.86,0.87,True,0.645,66,1786829700,1786835814
26AUG15RUBCAR,Andrey Rublev,0.74,0.77,True,0.685,115,1786908900,1786912325
26AUG15TIEBAE,Learner Tien,0.95,0.96,True,0.76,100,1786912860,1786915280
26AUG15HANFIL,Arthur Fils,0.86,0.87,True,0.775,95,1786839840,1786843585
26AUG15ALTMUS,Lorenzo Musetti,0.96,0.97,True,0.895,79,1786905300,1786905701
26AUG15TSIAUG,Felix Auger-Aliassime,0.76,0.77,True,0.565,76,1786890300,1786903904
26AUG15HALDE,Quentin Halys,0.69,0.7,False,0.295,84,1786824300,1786825956
26AUG15PAUHUR,Tommy Paul,0.68,0.71,True,0.525,80,1786829400,1786832200
26AUG15VALVAC,Adolfo Daniel Vallejo,0.62,0.63,True,0.3225,107,1786817220,1786819333
26AUG14VANSHE,Botic Van de Zandschulp,0.88,0.89,True,0.65,118,1786733760,1786736822
26AUG15ZVENOR,Cameron Norrie,0.31,0.32,False,0.185,76,1786851780,1786854704
26AUG15STRTAB,Alejandro Tabilo,0.82,0.83,True,0.625,119,1786821960,1786824421
26AUG15LANARN,Martin Landaluce,0.82,0.83,True,0.55,65,1786805280,1786810015
26AUG15KECCOB,Flavio Cobolli,0.84,0.85,True,0.535,100,1786805640,1786809140
26AUG15JODSHA,Rafael Jodar,0.74,0.75,True,0.705,63,1786835460,1786838517
26AUG15DJOTIR,Novak Djokovic,0.9,0.91,False,0.775,98,1786817880,1786821142
26AUG15DARHIJ,Rinky Hijikata,0.63,0.64,True,0.395,115,1786826640,1786828925
26AUG15BLONAV,Alexander Blockx,0.91,0.92,True,0.58,67,1786807740,1786810013
26AUG15BELMEN,Jakub Mensik,0.84,0.85,True,0.775,73,1786818360,1786822367
26AUG15ATMETC,Terence Atmane,0.75,0.76,True,0.625,105,1786827480,1786831935
26AUG14WONALT,Coleman Wong,0.94,0.95,False,0.595,88,1786719420,1786723352
26AUG14WOLDUC,James Duckworth,0.76,0.77,True,0.42,103,1786732200,1786735337
26AUG14WALMEJ,Adam Walton,0.98,0.99,True,0.635,103,1786740000,1786744697
26AUG14OCOMAJ,Christopher O'Connell,0.66,0.67,True,0.4875,106,1786734240,1786735634
26AUG14MEDTRU,Marco Trungelliti,0.72,0.73,True,0.41000000000000003,112,1786744140,1786745528
26AUG14MARZHE,Fabian Marozsan,0.67,0.68,False,0.435,119,1786738740,1786743421
26AUG14LAJCER,Juan Manuel Cerundolo,0.89,0.9,True,0.495,85,1786733400,1786735955
26AUG14KOPHAL,Quentin Halys,0.84,0.85,True,0.715,61,1786718940,1786724579
26AUG14JACVAL,Adolfo Daniel Vallejo,0.9,0.91,True,0.325,116,1786720800,1786722724
26AUG14HANVAN,Yannick Hanfmann,0.92,0.93,True,0.79,60,1786728240,1786728480
26AUG14DROBER,Titouan Droguet,0.68,0.71,False,0.475,109,1786727040,1786728131
26AUG14SHIHUR,Hubert Hurkacz,0.87,0.9,True,0.775,114,1786720680,1786722726
26AUG13VUKLAJ,Aleksandar Vukic,0.74,0.75,False,0.605,71,1786641420,1786643509
26AUG13ROCMEJ,Nicolas Mejia,0.75,0.76,True,0.495,84,1786643640,1786648296
26AUG13SHENAK,Ben Shelton,0.87,0.88,True,0.695,111,1786664760,1786669209
26AUG12SHIWOL,Jeffrey John Wolf,0.8,0.81,True,0.555,114,1786592460,1786595526
26AUG12SAKDRO,Titouan Droguet,0.86,0.87,True,0.7,63,1786591980,1786594317
26AUG12BUDJAC,Kyrian Jacquet,0.66,0.67,True,0.6799999999999999,115,1786592820,1786595525
26AUG12TRUNIS,Kei Nishikori,0.78,0.79,False,0.56,67,1786587600,1786590413
26AUG12SVAZHE,Trevor Svajda,0.67,0.68,False,0.295,74,1786585920,1786588366
26AUG12FARYIB,Jaime Faria,0.79,0.8,True,0.7124999999999999,104,1786588080,1786588636
26AUG12HALYUN,Quentin Halys,0.89,0.9,True,0.585,76,1786591440,1786594004
26AUG12TIESHE,Ben Shelton,0.96,0.97,True,0.675,71,1786580460,1786584169
26AUG12VANLAJ,Luca Van Assche,0.78,0.79,True,0.725,83,1786582920,1786587157
26AUG12JODNAK,Brandon Nakashima,0.88,0.89,True,0.305,74,1786573020,1786576666
26AUG12UGOKEC,Miomir Kecmanovic,0.92,0.93,True,0.8175,104,1786653960,1786655776
26AUG12TIRCHO,Thiago Agustin Tirante,0.65,0.66,True,0.655,107,1786649040,1786653973
26AUG12SVABEL,Mattia Bellucci,0.61,0.62,True,0.2525,79,1786677000,1786679501
26AUG12SHASON,Lorenzo Sonego,0.71,0.73,True,0.425,84,1786739400,1786741956
26AUG12SHAMAN,Denis Shapovalov,0.69,0.7,True,0.565,108,1786652460,1786653972
26AUG12ROYTSI,Stefanos Tsitsipas,0.89,0.9,True,0.755,105,1786718220,1786724835
26AUG12NORPRI,Dino Prizmic,0.41,0.42,False,0.345,79,1786643460,1786645901
26AUG12NAVCOL,Mariano Navone,0.87,0.88,True,0.48,95,1786656180,1786657585
26AUG12MICDEJ,Alex Michelsen,0.97,0.98,True,0.8200000000000001,86,1786732860,1786735954
26AUG12MERCIL,Marin Cilic,0.63,0.64,False,0.395,67,1786746360,1786749113
26AUG12MACCAR,Pablo Carreno Busta,0.98,0.99,True,0.515,118,1786728000,1786730882
26AUG12LANDRA,Martin Landaluce,0.48,0.49,True,0.295,61,1786634280,1786636919
26AUG12KOVKHA,Karen Khachanov,0.84,0.85,False,0.705,64,1786756800,1786760516
26AUG12HIJMON,Gael Monfils,0.78,0.79,False,0.565,78,1786662780,1786669902
26AUG12BURSTR,Jan-Lennard Struff,0.73,0.74,True,0.545,90,1786644060,1786653690
26AUG12BORKOK,Thanasi Kokkinakis,0.76,0.77,False,0.33,110,1786736220,1786738330
26AUG12BAEDIM,Grigor Dimitrov,0.86,0.87,False,0.585,62,1786725480,1786727338
26AUG12SHEOCO,Christopher O'Connell,0.9,0.91,True,0.705,74,1786583940,1786584166
26AUG12WONVIR,Coleman Wong,0.51,0.52,True,0.45,109,1786584420,1786587431
26AUG11WOLMOC,Jeffrey John Wolf,0.89,0.9,True,0.635,104,1786502340,1786504636
26AUG11WONHON,Coleman Wong,0.97,0.98,True,0.825,84,1786464540,1786467756
26AUG11VUKBLA,Aleksandar Vukic,0.81,0.82,True,0.61,115,1786575300,1786577585
26AUG11VANHEI,Luca Van Assche,0.91,0.92,True,0.755,69,1786471320,1786474011
26AUG11TRUOFN,Sebastian Ofner,0.79,0.8,False,0.62,66,1786496220,1786498374
26AUG11SHIDEL,Sho Shimabukuro,0.98,0.99,True,0.825,105,1786502760,1786504635
26AUG11SHELLA,Alexander Shevchenko,0.92,0.93,True,0.51,91,1786457280,1786467389
26AUG11POPDRO,Titouan Droguet,0.98,0.99,True,0.46499999999999997,110,1786497720,1786501030
26AUG11OCOSWE,Dane Sweeny,0.8,0.81,False,0.375,60,1786464960,1786468320
26AUG11NISCOM,Kei Nishikori,0.55,0.56,True,0.4525,106,1786487640,1786491194
26AUG11MPESVA,Trevor Svajda,0.79,0.8,True,0.385,77,1786470060,1786471603
26AUG11MEJFEA,Nicolas Mejia,0.3,0.31,True,0.295,72,1786576260,1786578168
26AUG11MCDYIB,Yibing Wu,0.59,0.6,True,0.615,80,1786494060,1786495060
26AUG11MAEYUN,Yunchaokete Bu,0.88,0.89,True,0.765,67,1786492560,1786495973
26AUG11LAJSVR,Dalibor Svrcina,0.78,0.79,False,0.51,118,1786575600,1786579082
26AUG11LAJBON,Benjamin Bonzi,0.87,0.88,False,0.645,94,1786471800,1786473386
26AUG11HARJAC,Kyrian Jacquet,0.94,0.95,True,0.7525,111,1786500060,1786501029
26AUG11HALKWON,Soonwoo Kwon,0.69,0.7,False,0.405,60,1786474740,1786488480
26AUG11GOGVIR,Otto Virtanen,0.95,0.96,True,0.7725,90,1786465680,1786467750
26AUG11GIRROC,Henrique Rocha,0.58,0.59,True,0.315,73,1786575240,1786578167
26AUG11GASBUD,Nicolai Budkov Kjaer,0.81,0.82,True,0.435,64,1786495380,1786498016
26AUG11FARBAS,Jaime Faria,0.92,0.93,True,0.795,116,1786491780,1786492984
26AUG11ECHZHE,Moez Echargui,0.25,0.26,False,0.11499999999999999,89,1786493400,1786496851
26AUG11DAMSAK,Stefanos Sakellaridis,0.84,0.85,True,0.48,113,1786501800,1786503427
26AUG11MENSHE,Ben Shelton,0.96,0.97,True,0.575,93,1786485840,1786489407
26AUG10JODFIL,Rafael Jodar,0.74,0.75,True,0.575,84,1786470780,1786480296
26AUG10DARNAK,Brandon Nakashima,0.89,0.9,True,0.695,119,1786454280,1786468621
26AUG09VANMEN,Jakub Mensik,0.87,0.88,True,0.725,77,1786321080,1786324243
26AUG09TIETIR,Learner Tien,0.87,0.88,True,0.665,97,1786299960,1786302923
26AUG09FONSHE,Ben Shelton,0.6,0.62,True,0.555,103,1786313340,1786316717
26AUG08GRIMER,Daniel Merida,0.89,0.9,True,0.455,80,1786293360,1786296640
26AUG08RINNAK,Brandon Nakashima,0.8,0.81,True,0.655,80,1786216140,1786221640
26AUG08LEHJOD,Rafael Jodar,0.92,0.94,True,0.545,90,1786225260,1786237530
26AUG08FILNOR,Arthur Fils,0.89,0.9,True,0.685,90,1786240260,1786243230
26AUG08BORDAR,Nuno Borges,0.8,0.81,False,0.615,99,1786206840,1786209921
26AUG07VANHUR,Hubert Hurkacz,0.72,0.73,False,0.635,66,1786129200,1786132254
26AUG07TIEPAU,Learner Tien,0.83,0.85,True,0.375,83,1786152480,1786155037
26AUG07MERMIC,Daniel Merida,0.71,0.72,True,0.275,61,1786120740,1786123259
26AUG07GRIARN,Matteo Arnaldi,0.58,0.59,False,0.345,115,1786120800,1786123865
26AUG07ATMMEN,Jakub Mensik,0.77,0.78,True,0.655,61,1786140480,1786145459
26AUG06NAKDRO,Titouan Droguet,0.44,0.45,False,0.225,86,1786061220,1786064134
26AUG06JODMUS,Rafael Jodar,0.9,0.91,True,0.545,67,1786055520,1786061813
26AUG06POPTIR,Thiago Agustin Tirante,0.89,0.9,True,0.445,87,1786148940,1786152333
26AUG05DROFAR,Titouan Droguet,0.76,0.77,True,0.26,115,1785977940,1785981065
26AUG06TIARIN,Arthur Rinderknech,0.82,0.83,True,0.39,80,1786066080,1786067740
26AUG06NAVFIL,Arthur Fils,0.9,0.91,True,0.765,103,1786039320,1786041977
26AUG06BERSHE,Ben Shelton,0.87,0.88,True,0.74,76,1786129080,1786132544
26AUG06NORDE,Alex de Minaur,0.92,0.93,False,0.645,94,1786045920,1786050086
26AUG06RUUFON,Joao Fonseca,0.93,0.94,True,0.565,76,1786141980,1786149044
26AUG06HANBOR,Nuno Borges,0.78,0.79,True,0.605,70,1786047360,1786050350
26AUG06LEHBLO,Jiri Lehecka,0.86,0.87,True,0.7649999999999999,94,1786055340,1786057286
26AUG06DARSHA,Juncheng Shang,0.73,0.74,False,0.515,103,1786033620,1786041677
26AUG05MARARN,Matteo Arnaldi,0.44,0.45,True,0.415,94,1785967380,1785970286
26AUG05MEDVAN,Botic Van de Zandschulp,0.83,0.84,True,0.225,92,1785971760,1785974488
26AUG05ZVEGRI,Alexander Zverev,0.75,0.76,False,0.855,79,1785956700,1785962501
26AUG05KHAATM,Terence Atmane,0.7,0.71,True,0.435,110,1785968340,1785971770
26AUG05RUUCER,Casper Ruud,0.96,0.97,True,0.705,91,1785951720,1785953489
26AUG05HUMMER,Daniel Merida,0.77,0.78,True,0.305,109,1785970920,1785973871
26AUG05COLPOP,Alexei Popyrin,0.58,0.6,True,0.395,91,1785961560,1785963989
26AUG05ROYPAU,Tommy Paul,0.94,0.95,True,0.825,75,1785976980,1785980145
26AUG05SVAFIL,Arthur Fils,0.88,0.91,True,0.735,91,1785951840,1785954389
26AUG05FEAMEN,Jakub Mensik,0.95,0.96,True,0.705,69,1785967920,1785971151
26AUG05TIRFRI,Thiago Agustin Tirante,0.5,0.51,True,0.14500000000000002,100,1785957660,1785960260
26AUG05HURTAB,Hubert Hurkacz,0.6,0.61,True,0.585,101,1785957420,1785960259
26AUG05TSIFON,Joao Fonseca,0.75,0.76,True,0.585,106,1785940980,1785946694
26AUG05BERBAE,Sebastian Baez,0.6,0.61,False,0.415,71,1785941940,1785945109
26AUG05TIEMON,Learner Tien,0.83,0.84,True,0.725,81,1785977580,1785981939
26AUG05MICCER,Alex Michelsen,0.72,0.73,True,0.585,86,1785963180,1785967294
26AUG05JODMOU,Corentin Moutet,0.55,0.56,False,0.255,81,1785959220,1785962499
26AUG05BUSNOR,Cameron Norrie,0.94,0.95,True,0.685,94,1785949980,1785953486
26AUG04NAKALT,Brandon Nakashima,0.93,0.94,True,0.755,96,1785883320,1785885384
26AUG04DARDIA,Luciano Darderi,0.67,0.68,True,0.415,94,1785894840,1785897686
26AUG04TIACIL,Marin Cilic,0.63,0.64,False,0.335,83,1785885240,1785888877
26AUG04KECRIN,Miomir Kecmanovic,0.71,0.72,False,0.515,92,1785940980,1785954148
26AUG04COBHAN,Yannick Hanfmann,0.49,0.5,True,0.405,83,1785894480,1785898897
26AUG04VACNAV,Valentin Vacherot,0.73,0.74,False,0.605,68,1785942060,1785944812
26AUG04MEJMUS,Lorenzo Musetti,0.98,0.99,True,0.865,65,1785942840,1785948115
26AUG04BORETC,Nuno Borges,0.96,0.97,True,0.63,73,1785944340,1785946307
26AUG04LEHKOP,Jiri Lehecka,0.87,0.88,True,0.795,76,1785882540,1785885104
26AUG04DUCDE,Alex de Minaur,0.98,0.99,True,0.885,68,1785887040,1785889492
26AUG03SHARUB,Juncheng Shang,0.44,0.45,True,0.225,75,1785874980,1785878205
26AUG03POPBUR,Roman Andres Burruchaga,0.68,0.71,False,0.38,84,1785865200,1785867396
26AUG03MOCMAR,Fabian Marozsan,0.9,0.93,True,0.67,71,1785878640,1785878809
26AUG03HURGIR,Hubert Hurkacz,0.7,0.71,True,0.625,90,1785856560,1785859350
26AUG03FEAMAN,Jacob Fearnley,0.84,0.85,True,0.76,103,1785863760,1785866837
26AUG03DAMTSI,Stefanos Tsitsipas,0.7,0.71,True,0.655,99,1785853920,1785859041
26AUG03CHATIR,Thiago Agustin Tirante,0.86,0.87,True,0.725,107,1785856380,1785858733
26AUG02FRIJOD,Taylor Fritz,0.78,0.79,True,0.625,61,1785776340,1785782459
26AUG02BONHAN,Yannick Hanfmann,0.81,0.82,True,0.525,62,1785788580,1785799918
26AUG02DIAJAC,Kyrian Jacquet,0.52,0.53,False,0.4925,114,1785802740,1785805026
26AUG02SHICIL,Marin Cilic,0.7,0.71,True,0.5325,104,1785803340,1785805936
26AUG02VANDRO,Titouan Droguet,0.72,0.73,True,0.46499999999999997,105,1785786420,1785795735
26AUG02VUKALT,Aleksandar Vukic,0.9,0.91,False,0.615,104,1785804300,1785807136
26AUG02MEJLAN,Martin Landaluce,0.77,0.78,False,0.6725000000000001,69,1785786900,1785795111
26AUG02DUCOCO,James Duckworth,0.81,0.82,True,0.40750000000000003,83,1785786840,1785788917
26AUG02ZHEKEC,Miomir Kecmanovic,0.72,0.73,True,0.445,66,1785684060,1785686874
26AUG01TSIRIC,Stefanos Tsitsipas,0.98,0.99,True,0.905,94,1785615360,1785618146
26AUG01GEASHA,Arthur Gea,0.82,0.83,True,0.405,98,1785640440,1785643582
26AUG01JODTAB,Alejandro Tabilo,0.57,0.58,False,0.305,77,1785631080,1785636103
26AUG01MOCSWE,Dane Sweeny,0.66,0.68,False,0.405,90,1785612240,1785614190
26AUG01FAROCO,Jaime Faria,0.68,0.69,False,0.635,74,1785611160,1785614506
26AUG01VUKBAR,Aleksandar Vukic,0.89,0.9,True,0.675,116,1785604020,1785609124
26AUG01SHIBUD,Sho Shimabukuro,0.89,0.9,True,0.545,117,1785606900,1785609123
26AUG01SVRDRO,Dalibor Svrcina,0.48,0.49,False,0.495,68,1785616920,1785619912
26AUG01GASCHA,Hugo Gaston,0.91,0.92,False,0.755,115,1785607260,1785609125
26AUG01BONDEL,Benjamin Bonzi,0.91,0.92,True,0.805,66,1785609960,1785613914
26AUG01WALBOU,Adam Walton,0.96,0.97,True,0.85,76,1785602700,1785605204
26AUG01POPKOK,Alexei Popyrin,0.84,0.85,True,0.365,112,1785601260,1785603728
26AUG01FEAOFN,Jacob Fearnley,0.84,0.85,True,0.64,74,1785603840,1785607606
26AUG01ZHENIS,Michael Zheng,0.97,0.98,True,0.685,66,1785595920,1785598014
26AUG01TRUMEJ,Nicolas Mejia,0.55,0.56,True,0.455,64,1785597000,1785600176
26AUG01SHEJAC,Alexander Shevchenko,0.8,0.81,False,0.435,67,1785595500,1785598013
26AUG01GIRLLA,Pablo Llamas Ruiz,0.73,0.74,False,0.405,68,1785595680,1785598012
26AUG01DAMROC,Martin Damm Jr,0.79,0.8,True,0.665,68,1785595080,1785598012
26AUG01NAKFRI,Taylor Fritz,0.65,0.66,True,0.615,92,1785616380,1785627088
26AUG01VALSHA,Juncheng Shang,0.67,0.68,True,0.575,71,1785683520,1785686209
26AUG01UGONOR,Cameron Norrie,0.85,0.86,True,0.75,68,1785809880,1785813712
26AUG01SVASHA,Denis Shapovalov,0.72,0.73,False,0.585,63,1785862980,1785865617
26AUG01SONGRI,Tallon Griekspoor,0.76,0.78,True,0.55,102,1785869760,1785877938
26AUG01MUNHIJ,Jaume Munar,0.63,0.64,True,0.575,66,1785683580,1785688014
26AUG01MPEVAN,Botic Van de Zandschulp,0.78,0.79,True,0.565,114,1785868200,1785874926
26AUG01MICSTR,Alex Michelsen,0.88,0.89,True,0.745,68,1785805860,1785808012
26AUG01MERDRA,Liam Draxl,0.73,0.74,False,0.395,105,1785864360,1785866835
26AUG01MAJMON,Gael Monfils,0.61,0.62,True,0.255,92,1785810060,1785813088
26AUG01KOVBOR,Aleksandar Kovacevic,0.59,0.6,False,0.315,73,1785684720,1785687767
26AUG01GALKOP,Vit Kopriva,0.78,0.83,True,0.45,85,1785786360,1785788915
26AUG01FUCMOU,Corentin Moutet,0.9,0.92,True,0.525,69,1785805080,1785808011
26AUG01CERMED,Juan Manuel Cerundolo,0.93,0.94,True,0.385,60,1785870720,1785873420
26AUG01CARROY,Pablo Carreno Busta,0.89,0.9,False,0.675,65,1785862920,1785865615
26AUG01BERNAV,Mariano Navone,0.54,0.55,True,0.32,74,1785786360,1785789406
26AUG01BAEBEL,Sebastian Baez,0.8,0.82,True,0.53,101,1785854700,1785859039
26AUG01ATMDRA,Terence Atmane,0.45,0.48,True,0.3525,61,1785872460,1785873419
26AUG01NORSHA,Denis Shapovalov,0.57,0.58,True,0.415,87,1785559740,1785562893
26JUL31WONGEA,Arthur Gea,0.71,0.72,True,0.6875,77,1785553620,1785556903
26JUL31TABSHE,Ben Shelton,0.85,0.86,False,0.755,90,1785547140,1785549990
26JUL31DENAK,Brandon Nakashima,0.59,0.6,True,0.385,100,1785521460,1785525380
26JUL31JODMUS,Lorenzo Musetti,0.59,0.6,False,0.395,106,1785537120,1785540134
26JUL31FRIMIC,Taylor Fritz,0.81,0.82,True,0.695,96,1785529620,1785531384
26JUL31NORTOM,Cameron Norrie,0.97,0.98,True,0.705,90,1785476700,1785480030
26JUL30SHASVR,Denis Shapovalov,0.91,0.92,True,0.675,103,1785471540,1785474317
26JUL30CERGEA,Francisco Cerundolo,0.83,0.84,False,0.635,88,1785460980,1785465632
26JUL30DEHEW,Alex de Minaur,0.95,0.96,True,0.905,83,1785429720,1785435637
26JUL30NAKMEN,Brandon Nakashima,0.62,0.63,True,0.415,86,1785424980,1785428134
26JUL30HUMSHE,Ugo Humbert,0.54,0.55,False,0.315,81,1785451620,1785455439
26JUL29GEAZHE,Michael Zheng,0.83,0.84,False,0.615,90,1785380820,1785383130
26JUL29SHAPAC,Denis Shapovalov,0.83,0.84,True,0.705,88,1785381720,1785384632
26JUL29NORDUC,Cameron Norrie,0.92,0.94,True,0.73,91,1785389220,1785392129
26JUL29TOMKHA,Bernard Tomic,0.62,0.63,True,0.265,96,1785382920,1785385524
26JUL29LEHWON,Jiri Lehecka,0.94,0.95,False,0.795,82,1785375000,1785376238
26JUL29CERBOY,Tristan Boyer,0.49,0.5,False,0.315,114,1785374640,1785378666
26JUL29JODNIS,Rafael Jodar,0.96,0.97,True,0.835,84,1785362820,1785372636
26JUL29MICMAN,Alex Michelsen,0.84,0.85,True,0.725,78,1785369360,1785371802
26JUL29FRIMAJ,Taylor Fritz,0.93,0.94,True,0.755,84,1785349320,1785356736
26JUL29VUKMUS,Lorenzo Musetti,0.96,0.97,True,0.705,109,1785345120,1785347771
26JUL29ATMTAB,Alejandro Tabilo,0.77,0.78,True,0.46499999999999997,99,1785439080,1785450321
26JUL28KWONGEA,Arthur Gea,0.75,0.78,True,0.45999999999999996,60,1785296340,1785299460
26JUL28MAYDUC,Aidan Mayo,0.77,0.79,False,0.3775,104,1785288660,1785290476
26JUL28KOUWIN,Edward Winter,0.62,0.63,True,0.295,111,1785287520,1785289869
26JUL27HERTOM,Bernard Tomic,0.96,0.97,True,0.625,103,1785202020,1785203477
26JUL27DIABOY,Tristan Boyer,0.65,0.68,True,0.3325,90,1785203220,1785204690
26JUL27VUKSVA,Aleksandar Vukic,0.75,0.76,True,0.395,92,1785189960,1785191488
26JUL27SVAMEN,Jakub Mensik,0.89,0.9,True,0.815,107,1785272820,1785274873
26JUL27HUMMAR,Ugo Humbert,0.92,0.93,True,0.805,113,1785251460,1785253927
26JUL27GIRHEW,Cruz Hewitt,0.66,0.67,True,0.165,109,1785264000,1785266471
26JUL27DAMSHE,Ben Shelton,0.89,0.9,True,0.735,101,1785264300,1785273079
26JUL27TIAATM,Frances Tiafoe,0.85,0.86,False,0.755,117,1785194940,1785203763
26JUL27TABGRI,Alejandro Tabilo,0.6,0.61,True,0.405,77,1785165000,1785169303
26JUL27NISSHA,Juncheng Shang,0.74,0.75,False,0.575,96,1785186660,1785190884
26JUL27NAKETC,Brandon Nakashima,0.82,0.83,True,0.695,119,1785266880,1785269761
26JUL27MANTIE,Adrian Mannarino,0.49,0.5,True,0.175,104,1785260760,1785263476
26JUL27MAJPAU,Kamil Majchrzak,0.62,0.64,True,0.215,110,1785251820,1785255670
26JUL27FRIBER,Taylor Fritz,0.92,0.93,True,0.805,71,1785177900,1785182509
26JUL27FILJOD,Rafael Jodar,0.62,0.63,True,0.405,97,1785259800,1785264083
26JUL27DETSI,Alex de Minaur,0.71,0.73,True,0.555,63,1785345840,1785348657
26JUL27ARNMUS,Lorenzo Musetti,0.88,0.89,True,0.615,91,1785175080,1785176489
26JUL26MAYPAS,Aidan Mayo,0.94,0.95,True,0.5375000000000001,108,1785118140,1785120372
26JUL26KWONWIN,Soonwoo Kwon,0.86,0.87,True,0.815,107,1785114780,1785118573
26JUL26HERMAG,Alex Hernandez,0.55,0.56,True,0.42,107,1785121500,1785124573
26JUL25KINMAY,Aidan Mayo,0.94,0.95,True,0.6775,66,1785042660,1785045654
26JUL26ZHELAN,Michael Zheng,0.75,0.79,True,0.5575000000000001,72,1785307200,1785310848
26JUL26WONBLA,Coleman Wong,0.8,0.81,True,0.5475000000000001,68,1785211620,1785213952
26JUL26SVRWAL,Adam Walton,0.94,0.95,False,0.6375,75,1785306600,1785310545
26JUL26SHIPAC,Sho Shimabukuro,0.72,0.73,False,0.545,101,1785288720,1785291679
26JUL26SHAHIJ,Rinky Hijikata,0.62,0.63,False,0.405,99,1785299040,1785301281
26JUL26NORKOV,Cameron Norrie,0.88,0.89,True,0.585,65,1785206220,1785209155
26JUL26MARECH,Andres Martin,0.79,0.8,True,0.5125,68,1785082500,1785085012
26JUL26VANBLO,Luca Van Assche,0.82,0.83,True,0.415,80,1785083400,1785088000
26JUL26MCDSVA,Trevor Svajda,0.69,0.7,True,0.365,77,1785092160,1785094903
26JUL26GIRILA,Marcos Giron,0.92,0.93,True,0.845,69,1785084240,1785087111
26JUL26SVAHEW,Zachary Svajda,0.98,0.99,False,0.87,85,1785080040,1785086795
26JUL26DAMSHE,Abdullah Shelbayh,0.58,0.59,False,0.235,114,1785075180,1785077766
26JUL26VUKBOL,Aleksandar Vukic,0.93,0.94,True,0.705,77,1785075300,1785076903
26JUL25PASSMI,Colton Smith,0.72,0.75,False,0.72,118,1785044760,1785047462
26JUL25MEJHER,Alex Hernandez,0.62,0.63,True,0.2025,61,1785036060,1785039059
26JUL25KWONRUB,Soonwoo Kwon,0.92,0.93,True,0.8875,67,1785039300,1785041453
26JUL25BOYCLA,Tristan Boyer,0.88,0.9,True,0.81,69,1785039480,1785042651
26JUL25TOBTOM,Miguel Tobon,0.47,0.48,False,0.28500000000000003,64,1785028320,1785031856
26JUL25MAGJOH,Garrett Johns,0.7,0.71,False,0.485,82,1785028500,1785030338
26JUL25ALVAWIN,Luis Carlos Alvarez Valdes,0.7,0.71,False,0.445,85,1785028260,1785032135
26JUL25VUKDOU,Aleksandar Vukic,0.91,0.92,True,0.695,109,1784989320,1784991371
26JUL25SVAYME,Trevor Svajda,0.89,0.9,True,0.565,64,1785007140,1785008456
26JUL25SVAKOZ,Zachary Svajda,0.94,0.96,True,0.835,114,1784993220,1784997666
26JUL25SHEHAR,Abdullah Shelbayh,0.69,0.7,True,0.385,88,1784998260,1785000692
26JUL25OCOMAR,Andres Martin,0.35,0.36,True,0.29500000000000004,61,1785008640,1785010859
26JUL25MCDBUT,Edas Butvilas,0.84,0.85,False,0.4125,70,1785008280,1785010250
26JUL25MCCBOL,Alex Bolt,0.78,0.79,True,0.545,109,1784990460,1784992871
26JUL25LEEECH,Moez Echargui,0.95,0.96,True,0.7375,113,1785001020,1785003667
26JUL25ILABER,Andre Ilagan,0.69,0.7,True,0.33999999999999997,116,1784994600,1784997664
26JUL25GIRSHA,Marcos Giron,0.94,0.95,True,0.945,73,1785001680,1785005147
26JUL25DAMCOP,Martin Damm Jr,0.98,0.99,True,0.705,104,1784989680,1784991076
26JUL25BLODAR,Luciano Darderi,0.86,0.87,False,0.615,98,1785005940,1785009682
26JUL25VANGAS,Luca Van Assche,0.82,0.84,True,0.615,60,1784997780,1785001860
26JUL25BUBHAL,Quentin Halys,0.68,0.69,True,0.325,112,1784978160,1784980568
26JUL24FARDAR,Jaime Faria,0.75,0.76,False,0.35,100,1784918220,1784921720
26JUL24RUBVAN,Andrey Rublev,0.88,0.89,False,0.805,117,1784899020,1784902503
26JUL24BUBETC,Alexander Bublik,0.91,0.92,True,0.625,111,1784894280,1784899509
26JUL24HANHAL,Quentin Halys,0.76,0.77,True,0.485,92,1784891460,1784892628
26JUL24BURBLO,Alexander Blockx,0.7,0.71,True,0.495,106,1784908800,1784912114
26JUL24TORGAS,Hugo Gaston,0.9,0.91,True,0.685,91,1784892000,1784894429
26JUL23BUBMOL,Alexander Bublik,0.95,0.96,True,0.5974999999999999,96,1784817060,1784819424
26JUL23ETCBUS,Tomas Martin Etcheverry,0.79,0.8,True,0.49,95,1784809380,1784813125
26JUL23HANBAE,Yannick Hanfmann,0.95,0.96,True,0.55,82,1784804280,1784807438
26JUL23NAVHAL,Quentin Halys,0.63,0.64,True,0.335,104,1784798340,1784801116
26JUL23FARBUE,Jaime Faria,0.92,0.93,True,0.835,94,1784813820,1784816426
26JUL22RUBSKA,Andrey Rublev,0.99,1.0,True,0.915,96,1784820360,1784825424
26JUL22VANCAR,Luca Van Assche,0.55,0.58,True,0.3225,107,1784805120,1784807713
26JUL22MARDAR,Luciano Darderi,0.97,0.98,True,0.755,94,1784828280,1784831426
26JUL29FRIMAJ,Taylor Fritz,0.93,0.94,True,0.755,84,1785349320,1785356736
26JUL29VUKMUS,Lorenzo Musetti,0.96,0.97,True,0.705,109,1785345120,1785347771
26JUL28KWONGEA,Arthur Gea,0.75,0.78,True,0.45999999999999996,60,1785296340,1785299460
26JUL28MAYDUC,Aidan Mayo,0.77,0.79,False,0.3775,104,1785288660,1785290476
26JUL28KOUWIN,Edward Winter,0.62,0.63,True,0.295,111,1785287520,1785289869
26JUL27HERTOM,Bernard Tomic,0.96,0.97,True,0.625,103,1785202020,1785203477
26JUL27DIABOY,Tristan Boyer,0.65,0.68,True,0.3325,90,1785203220,1785204690
26JUL27VUKSVA,Aleksandar Vukic,0.75,0.76,True,0.395,92,1785189960,1785191488
26JUL27SVAMEN,Jakub Mensik,0.89,0.9,True,0.815,107,1785272820,1785274873
26JUL27HUMMAR,Ugo Humbert,0.92,0.93,True,0.805,113,1785251460,1785253927
26JUL27GIRHEW,Cruz Hewitt,0.66,0.67,True,0.165,109,1785264000,1785266471
26JUL27DAMSHE,Ben Shelton,0.89,0.9,True,0.735,101,1785264300,1785273079
26JUL27TIAATM,Frances Tiafoe,0.85,0.86,False,0.755,117,1785194940,1785203763
26JUL27TABGRI,Alejandro Tabilo,0.6,0.61,True,0.405,77,1785165000,1785169303
26JUL27NISSHA,Juncheng Shang,0.74,0.75,False,0.575,96,1785186660,1785190884
26JUL27NAKETC,Brandon Nakashima,0.82,0.83,True,0.695,119,1785266880,1785269761
26JUL27MANTIE,Adrian Mannarino,0.49,0.5,True,0.175,104,1785260760,1785263476
26JUL27MAJPAU,Kamil Majchrzak,0.62,0.64,True,0.215,110,1785251820,1785255670
26JUL27FRIBER,Taylor Fritz,0.92,0.93,True,0.805,71,1785177900,1785182509
26JUL27FILJOD,Rafael Jodar,0.62,0.63,True,0.405,97,1785259800,1785264083
26JUL27DETSI,Alex de Minaur,0.71,0.73,True,0.555,63,1785345840,1785348657
26JUL27ARNMUS,Lorenzo Musetti,0.88,0.89,True,0.615,91,1785175080,1785176489
26JUL26MAYPAS,Aidan Mayo,0.94,0.95,True,0.5375000000000001,108,1785118140,1785120372
26JUL26KWONWIN,Soonwoo Kwon,0.86,0.87,True,0.815,107,1785114780,1785118573
26JUL26HERMAG,Alex Hernandez,0.55,0.56,True,0.42,107,1785121500,1785124573
26JUL25KINMAY,Aidan Mayo,0.94,0.95,True,0.6775,66,1785042660,1785045654
26JUL26ZHELAN,Michael Zheng,0.75,0.79,True,0.5575000000000001,72,1785307200,1785310848
26JUL26WONBLA,Coleman Wong,0.8,0.81,True,0.5475000000000001,68,1785211620,1785213952
26JUL26SVRWAL,Adam Walton,0.94,0.95,False,0.6375,75,1785306600,1785310545
26JUL26SHIPAC,Sho Shimabukuro,0.72,0.73,False,0.545,101,1785288720,1785291679
26JUL26SHAHIJ,Rinky Hijikata,0.62,0.63,False,0.405,99,1785299040,1785301281
26JUL26NORKOV,Cameron Norrie,0.88,0.89,True,0.585,65,1785206220,1785209155
26JUL26MARECH,Andres Martin,0.79,0.8,True,0.5125,68,1785082500,1785085012
26JUL26VANBLO,Luca Van Assche,0.82,0.83,True,0.415,80,1785083400,1785088000
26JUL26MCDSVA,Trevor Svajda,0.69,0.7,True,0.365,77,1785092160,1785094903
26JUL26GIRILA,Marcos Giron,0.92,0.93,True,0.845,69,1785084240,1785087111
26JUL26SVAHEW,Zachary Svajda,0.98,0.99,False,0.87,85,1785080040,1785086795
26JUL26DAMSHE,Abdullah Shelbayh,0.58,0.59,False,0.235,114,1785075180,1785077766
26JUL26VUKBOL,Aleksandar Vukic,0.93,0.94,True,0.705,77,1785075300,1785076903
26JUL25PASSMI,Colton Smith,0.72,0.75,False,0.72,118,1785044760,1785047462
26JUL25MEJHER,Alex Hernandez,0.62,0.63,True,0.2025,61,1785036060,1785039059
26JUL25KWONRUB,Soonwoo Kwon,0.92,0.93,True,0.8875,67,1785039300,1785041453
26JUL25BOYCLA,Tristan Boyer,0.88,0.9,True,0.81,69,1785039480,1785042651
26JUL25TOBTOM,Miguel Tobon,0.47,0.48,False,0.28500000000000003,64,1785028320,1785031856
26JUL25MAGJOH,Garrett Johns,0.7,0.71,False,0.485,82,1785028500,1785030338
26JUL25ALVAWIN,Luis Carlos Alvarez Valdes,0.7,0.71,False,0.445,85,1785028260,1785032135
26JUL25VUKDOU,Aleksandar Vukic,0.91,0.92,True,0.695,109,1784989320,1784991371
26JUL25SVAYME,Trevor Svajda,0.89,0.9,True,0.565,64,1785007140,1785008456
26JUL25SVAKOZ,Zachary Svajda,0.94,0.96,True,0.835,114,1784993220,1784997666
26JUL25SHEHAR,Abdullah Shelbayh,0.69,0.7,True,0.385,88,1784998260,1785000692
26JUL25OCOMAR,Andres Martin,0.35,0.36,True,0.29500000000000004,61,1785008640,1785010859
26JUL25MCDBUT,Edas Butvilas,0.84,0.85,False,0.4125,70,1785008280,1785010250
26JUL25MCCBOL,Alex Bolt,0.78,0.79,True,0.545,109,1784990460,1784992871
26JUL25LEEECH,Moez Echargui,0.95,0.96,True,0.7375,113,1785001020,1785003667
26JUL25ILABER,Andre Ilagan,0.69,0.7,True,0.33999999999999997,116,1784994600,1784997664
26JUL25GIRSHA,Marcos Giron,0.94,0.95,True,0.945,73,1785001680,1785005147
26JUL25DAMCOP,Martin Damm Jr,0.98,0.99,True,0.705,104,1784989680,1784991076
26JUL25BLODAR,Luciano Darderi,0.86,0.87,False,0.615,98,1785005940,1785009682
26JUL25VANGAS,Luca Van Assche,0.82,0.84,True,0.615,60,1784997780,1785001860
26JUL25BUBHAL,Quentin Halys,0.68,0.69,True,0.325,112,1784978160,1784980568
26JUL24FARDAR,Jaime Faria,0.75,0.76,False,0.35,100,1784918220,1784921720
26JUL24RUBVAN,Andrey Rublev,0.88,0.89,False,0.805,117,1784899020,1784902503
26JUL24BUBETC,Alexander Bublik,0.91,0.92,True,0.625,111,1784894280,1784899509
26JUL24HANHAL,Quentin Halys,0.76,0.77,True,0.485,92,1784891460,1784892628
26JUL24BURBLO,Alexander Blockx,0.7,0.71,True,0.495,106,1784908800,1784912114
26JUL24TORGAS,Hugo Gaston,0.9,0.91,True,0.685,91,1784892000,1784894429
26JUL23BUBMOL,Alexander Bublik,0.95,0.96,True,0.5974999999999999,96,1784817060,1784819424
26JUL23ETCBUS,Tomas Martin Etcheverry,0.79,0.8,True,0.49,95,1784809380,1784813125
26JUL23HANBAE,Yannick Hanfmann,0.95,0.96,True,0.55,82,1784804280,1784807438
26JUL23NAVHAL,Quentin Halys,0.63,0.64,True,0.335,104,1784798340,1784801116
26JUL23FARBUE,Jaime Faria,0.92,0.93,True,0.835,94,1784813820,1784816426
26JUL22BORBUR,Roman Andres Burruchaga,0.71,0.72,True,0.315,81,1784728140,1784730039
26JUL22MOLALT,Alex Molcan,0.78,0.79,True,0.575,80,1784729520,1784732440
26JUL22JACBLO,Kyrian Jacquet,0.49,0.5,False,0.29000000000000004,82,1784744340,1784746838
26JUL22GASDRO,Hugo Gaston,0.79,0.8,True,0.59,73,1784719680,1784720747
26JUL22FELBUS,Kilian Feldbausch,0.5,0.51,False,0.325,90,1784721720,1784724330
26JUL22HALVAC,Quentin Halys,0.63,0.64,True,0.3675,115,1784711580,1784714465
26JUL22RUBSKA,Andrey Rublev,0.99,1.0,True,0.915,96,1784820360,1784825424
26JUL22BAERIN,Sebastian Baez,0.82,0.83,True,0.515,68,1784703360,1784716252
26JUL22VANCAR,Luca Van Assche,0.55,0.58,True,0.3225,107,1784805120,1784807713
26JUL22STRNAV,Mariano Navone,0.98,0.99,True,0.905,74,1784719140,1784719486
26JUL22MARDAR,Luciano Darderi,0.97,0.98,True,0.755,94,1784828280,1784831426
26JUL22TRUHAN,Yannick Hanfmann,0.81,0.83,True,0.645,78,1784718060,1784720442
26JUL22BUBDIA,Alexander Bublik,0.85,0.86,True,0.685,79,1784730240,1784732441
26JUL22ETCROD,Tomas Martin Etcheverry,0.95,0.96,True,0.7725,75,1784723820,1784725245
26JUL21MERJAC,Daniel Merida,0.77,0.78,False,0.6950000000000001,81,1784641800,1784643339
26JUL21TABTOR,Tiago Torres,0.35,0.37,True,0.135,78,1784738160,1784740542
26JUL21BORLUZ,Nuno Borges,0.94,0.95,True,0.935,103,1784638560,1784640677
26JUL21BUEPER,Gonzalo Bueno,0.72,0.76,True,0.745,118,1784632500,1784635262
26JUL21DJEHAL,Quentin Halys,0.87,0.88,True,0.4,85,1784634480,1784638535
26JUL21VALFEL,Kilian Feldbausch,0.76,0.77,True,0.4225,68,1784639160,1784641252
26JUL20ROCMAR,Pedro Martinez,0.73,0.74,True,0.44,71,1784573940,1784577949
26JUL20DIACIN,Federico Cina,0.75,0.76,False,0.375,105,1784553120,1784556075
26JUL20SCHROD,Jurij Rodionov,0.81,0.82,True,0.615,105,1784552340,1784554875
26JUL19FELKOP,Kilian Feldbausch,0.91,0.92,True,0.725,96,1784470620,1784472384
26JUL19MARSKA,Pedro Martinez,0.84,0.85,True,0.61,87,1784471820,1784474493
26JUL19DELDJE,Laslo Djere,0.95,0.96,True,0.685,109,1784463480,1784466371
26JUL19RUBDAR,Andrey Rublev,0.94,0.95,True,0.565,79,1784463480,1784466101
26JUL19PELBUE,Gonzalo Bueno,0.77,0.79,True,0.345,81,1784460360,1784462499
26JUL19RODSAC,Jurij Rodionov,0.63,0.64,True,0.395,66,1784469780,1784471154
26JUL19DROUGO,Titouan Droguet,0.67,0.68,True,0.46499999999999997,101,1784551560,1784553679
26JUL19FERVAN,Luca Van Assche,0.82,0.83,True,0.795,118,1784553180,1784565062
26JUL19TORBAS,Tiago Torres,0.65,0.7,True,0.20500000000000002,100,1784548200,1784548880
26JUL19VANFAR,Jaime Faria,0.64,0.66,True,0.625,89,1784652480,1784657191
26JUL19WAWBUR,Roman Andres Burruchaga,0.78,0.8,True,0.675,78,1784644080,1784647242
26JUL19GAUCAR,Pablo Carreno Busta,0.93,0.97,True,0.705,116,1784631840,1784635264
26JUL19LUZTAB,Orlando Luz,0.41,0.42,True,0.08499999999999999,68,1784468100,1784471152
26JUL19TSICOL,Stefanos Tsitsipas,0.63,0.64,True,0.575,94,1784454120,1784456786
26JUL19JACDAN,Taro Daniel,0.66,0.67,True,0.485,75,1784459400,1784461905
26JUL19CINGIU,Federico Cina,0.99,1.0,True,0.76,78,1784465220,1784467902
26JUL18LUZTSE,Orlando Luz,0.54,0.55,True,0.275,60,1784384040,1784385960
26JUL19ALTCOL,Daniel Altmaier,0.86,0.87,True,0.4175,82,1784646360,1784649338
26JUL19BAEKEC,Sebastian Baez,0.81,0.84,True,0.415,84,1784633220,1784635536
26JUL19CERTRU,Marco Trungelliti,0.66,0.69,True,0.2625,100,1784625600,1784628080
26JUL19KOPBUS,Ignacio Buse,0.87,0.88,True,0.65,118,1784558400,1784562062
26JUL19MOLOFN,Alex Molcan,0.78,0.79,True,0.5825,87,1784640720,1784642853
26JUL19MULNAV,Mariano Navone,0.98,0.99,True,0.77,115,1784539620,1784542565
26JUL19NEUHAN,Yannick Hanfmann,0.96,0.97,True,0.76,99,1784547660,1784549181
26JUL19STRSHE,Alexander Shevchenko,0.67,0.68,False,0.425,61,1784614500,1784627159
26JUL18MERDZU,Daniel Merida,0.86,0.87,True,0.675,80,1784394780,1784396800
26JUL18CINMIC,Federico Cina,0.88,0.89,True,0.8274999999999999,109,1784369700,1784370671
26JUL18WALDJE,Laslo Djere,0.96,0.97,True,0.965,92,1784374020,1784379688
26JUL18HEIFEL,Kilian Feldbausch,0.88,0.89,True,0.42,61,1784383080,1784386859
26JUL18RODCHE,Jurij Rodionov,0.95,0.97,True,0.8200000000000001,62,1784385120,1784386858
26JUL18DELRIB,Michele Ribecai,0.57,0.6,False,0.305,99,1784386080,1784388681
26JUL18HIPGIU,Lorenzo Giustino,0.92,0.93,True,0.775,119,1784368320,1784370061
26JUL18CORSAC,Vitaliy Sachko,0.94,0.95,True,0.73,60,1784375760,1784382060
26JUL18KOPHER,Sandro Kopp,0.8,0.81,True,0.795,108,1784393940,1784394372
26JUL18BUTTAB,Edas Butvilas,0.65,0.72,False,0.5575,117,1784374980,1784375763
26JUL18DANPRA,Taro Daniel,0.93,0.94,True,0.74,108,1784375640,1784376672
26JUL18DOMSKA,Timofey Skatov,0.94,0.95,True,0.79,98,1784385840,1784388682
26JUL18JACDA,Kyrian Jacquet,0.99,1.0,True,0.97,169,1784373360,1784374871
26JUL18MARJOR,Pedro Martinez,0.75,0.82,True,0.75,72,1784380500,1784381748
26JUL18PELSIL,Andrea Pellegrino,0.98,0.99,True,0.9299999999999999,76,1784385240,1784387744
26JUL18ROCBUE,Gonzalo Bueno,0.97,0.98,True,0.8525,73,1784378460,1784381747
26JUL18SHETSI,Stefanos Tsitsipas,0.83,0.84,True,0.745,112,1784376000,1784378528
26JUL18RUBTAB,Andrey Rublev,0.86,0.87,True,0.66,75,1784385000,1784387745
26JUL18COLCER,Juan Manuel Cerundolo,0.76,0.77,False,0.46249999999999997,119,1784365140,1784368261
26JUL18VALDAR,Luciano Darderi,0.83,0.84,True,0.82,70,1784376060,1784376950
26JUL17HALSHE,Alexander Shevchenko,0.58,0.62,True,0.4275,105,1784297700,1784301315
26JUL17DZUMOL,Alex Molcan,0.71,0.72,False,0.685,100,1784315160,1784319380
26JUL17RUBBAE,Andrey Rublev,0.86,0.87,True,0.78,107,1784296320,1784297113
26JUL17BURMER,Daniel Merida,0.82,0.83,True,0.61,80,1784306160,1784309440
26JUL17RINTSI,Stefanos Tsitsipas,0.83,0.84,True,0.635,83,1784301540,1784307037
26JUL17CERRUU,Casper Ruud,0.86,0.87,False,0.745,106,1784285940,1784291114
26JUL17BORDAR,Luciano Darderi,0.72,0.73,True,0.585,89,1784286600,1784291431
26JUL17VALTRA,Adolfo Daniel Vallejo,0.86,0.87,True,0.715,84,1784279940,1784283636
26JUL17COLVAC,Raphael Collignon,0.77,0.78,True,0.7275,83,1784278560,1784281237
26JUL16MOLDAV,Alejandro Davidovich Fokina,0.57,0.58,False,0.5675,105,1784232000,1784235315
26JUL16MERDRO,Daniel Merida,0.87,0.89,True,0.605,77,1784211480,1784212843
26JUL16BURUGO,Roman Andres Burruchaga,0.87,0.88,True,0.575,66,1784216460,1784222454
26JUL16DZUARN,Damir Dzumhur,0.66,0.67,True,0.325,77,1784218140,1784223043
26JUL16DEJBAE,Sebastian Baez,0.96,0.98,True,0.5,80,1784225880,1784228440
26JUL16FARRUU,Jaime Faria,0.65,0.66,False,0.195,67,1784201160,1784204453
26JUL16SHESTR,Alexander Shevchenko,0.9,0.91,True,0.3475,87,1784283120,1784284833
26JUL15VANDRO,Titouan Droguet,0.76,0.77,True,0.7,99,1784141940,1784142321
26JUL15GOMARN,Matteo Arnaldi,0.91,0.92,True,0.775,111,1784124840,1784127669
26JUL15PRADZU,Damir Dzumhur,0.94,0.95,True,0.635,84,1784125380,1784129136
26JUL15COBBUR,Roman Andres Burruchaga,0.64,0.65,True,0.315,64,1784134740,1784137916
26JUL15CARUGO,Pablo Carreno Busta,0.74,0.75,False,0.545,75,1784132700,1784135445
26JUL15ETCMER,Daniel Merida,0.84,0.85,True,0.375,110,1784125260,1784128870
26JUL15PRIMOL,Dino Prizmic,0.87,0.88,False,0.725,78,1784142420,1784145642
26JUL15KYMTSI,Stefanos Tsitsipas,0.87,0.88,True,0.75,75,1784134560,1784136645
26JUL14NEUPRA,Juan Carlos Prado Angelo,0.45,0.46,True,0.345,118,1784051100,1784053862
26JUL15BORDIM,Nuno Borges,0.97,0.98,True,0.6675,118,1784118660,1784121062
26JUL15ALTDAR,Luciano Darderi,0.84,0.85,True,0.635,66,1784126100,1784133654
26JUL15TRANAV,Stefano Travaglia,0.8,0.81,True,0.165,118,1784124360,1784127062
26JUL15BUBHAL,Alexander Bublik,0.84,0.86,False,0.685,80,1784213100,1784220340
26JUL15BASTIR,Thiago Agustin Tirante,0.81,0.82,True,0.645,67,1784194500,1784197253
26JUL15TRUDAV,Alejandro Davidovich Fokina,0.94,0.95,True,0.715,76,1784132280,1784135444
26JUL15VANVAL,Botic Van de Zandschulp,0.77,0.79,False,0.495,108,1784106900,1784110272
26JUL15TABMID,Alejandro Tabilo,0.9,0.91,True,0.77,70,1784215260,1784217650
26JUL15CERKEC,Miomir Kecmanovic,0.66,0.67,False,0.455,91,1784192460,1784193329
26JUL15RUBPEL,Andrey Rublev,0.83,0.84,True,0.74,84,1784204100,1784208036
26JUL15HANVAC,Yannick Hanfmann,0.63,0.64,False,0.615,81,1784126640,1784129139
26JUL15COLSON,Raphael Collignon,0.84,0.85,True,0.66,72,1784097300,1784109348
26JUL14DIAMID,Facundo Diaz Acosta,0.8,0.82,False,0.915,68,1784025900,1784026552
26JUL14VALDAM,Adolfo Daniel Vallejo,0.94,0.95,True,0.8425,96,1784025180,1784026884
26JUL14VANDAN,Botic Van de Zandschulp,0.95,0.96,True,0.61,63,1784027160,1784031657
26JUL14TRAKRU,Stefano Travaglia,0.7,0.71,True,0.435,65,1784031060,1784037055
26JUL14CECBUR,Roman Andres Burruchaga,0.96,0.97,True,0.535,76,1784045400,1784047544
26JUL14GOMMCD,Federico Agustin Gomez,0.82,0.85,True,0.59,117,1784050680,1784053863
26JUL14TOPUGO,Marko ToPo,0.59,0.61,False,0.265,102,1784040180,1784043078
26JUL14RINTAB,Clement Tabur,0.58,0.59,False,0.33,108,1784113920,1784126472
26JUL14CINHAL,Quentin Halys,0.76,0.77,True,0.545,67,1784031660,1784033753
26JUL14KYMDIE,Jerome Kym,0.78,0.79,True,0.625,71,1784026260,1784030749
26JUL13FAUDAM,Thomas Faurel,0.85,0.86,False,0.5525,93,1783944900,1783945887
26JUL13SANDAN,Taro Daniel,0.96,0.97,True,0.8725,93,1783945080,1783945887
26JUL13TABROD,Jurij Rodionov,0.61,0.62,False,0.4,92,1783938540,1783941088
26JUL13COLSKA,Timofey Skatov,0.48,0.49,False,0.16999999999999998,65,1783947720,1783950355
26JUL13MARMID,Lautaro Midon,0.62,0.63,True,0.525,97,1783937280,1783938083
26JUL13PASKRU,Martin Krumich,0.69,0.71,True,0.38,78,1783935540,1783936902
26JUL12CECOLI,Marco Cecchinato,0.93,0.94,True,0.765,62,1783869060,1783871518
26JUL12GUEGOM,Federico Agustin Gomez,0.55,0.56,True,0.405,93,1783870680,1783872987
26JUL12NEUTOP,Marko ToPo,0.66,0.67,True,0.235,81,1783869840,1783874499
26JUL12PRASAI,Juan Carlos Prado Angelo,0.69,0.7,True,0.44,88,1783869540,1783872392
26JUL12DODCAR,Pablo Carreno Busta,0.96,0.97,True,0.715,116,1784038560,1784041384
26JUL12DROBLO,Alexander Blockx,0.84,0.85,False,0.645,116,1784055120,1784059264
26JUL12DZUROC,Damir Dzumhur,0.88,0.91,True,0.63,88,1783954200,1783954892
26JUL12JACTRU,Marco Trungelliti,0.81,0.84,True,0.5974999999999999,102,1783961220,1783962978
26JUL12KOPPRI,Dino Prizmic,0.96,0.97,True,0.735,109,1783970760,1783972571
26JUL12LAJVAN,Dusan Lajovic,0.91,0.92,False,0.4475,88,1783960020,1783962692
26JUL12MOLROY,Alex Molcan,0.94,0.95,True,0.5974999999999999,117,1784038320,1784041383
26JUL12SESMER,Daniel Merida,0.92,0.93,True,0.87,64,1784046000,1784048036
26JUL12SKASAC,Timofey Skatov,0.69,0.7,True,0.4425,69,1783855440,1783857111
26JUL12BUEMAR,Igor Marcondes,0.7,0.74,True,0.445,108,1783846800,1783848132
26JUL12CARSAN,Carlos Sanchez Jover,0.8,0.81,True,0.535,79,1783867680,1783867601
26JUL12CORDAN,Taro Daniel,0.91,0.92,True,0.675,110,1783859520,1783861330
26JUL12KRUFER,Martin Krumich,0.93,0.94,True,0.7575000000000001,82,1783848780,1783849598
26JUL12MOLFAU,Thomas Faurel,0.6,0.61,True,0.33999999999999997,84,1783860900,1783863696
26JUL12PASKAS,Francesco Passaro,0.67,0.68,True,0.52,93,1783852200,1783854147
26JUL12REJMID,Lautaro Midon,0.98,0.99,True,0.9299999999999999,100,1783852680,1783857740
26JUL12SLADAM,Miguel Damas,0.93,0.94,True,0.85,76,1783867920,1783870904
26JUL12DIEMON,Thiago Monteiro,0.73,0.75,False,0.46499999999999997,98,1783854360,1783857742
26JUL12CINHEM,Federico Cina,0.8,0.82,True,0.66,117,1783848720,1783850223
26JUL12ALTGAS,Daniel Altmaier,0.89,0.9,True,0.66,82,1784036340,1784038298
26JUL12BORKOU,Nuno Borges,0.99,1.0,True,0.765,93,1784036460,1784039667
26JUL12BUDPEL,Andrea Pellegrino,0.92,0.93,True,0.535,95,1784011200,1784023885
26JUL12CHOBAS,Nikoloz Basilashvili,0.65,0.74,True,0.38,97,1784030760,1784033483
26JUL12DAHBAE,Max Dahlin,0.38,0.39,False,0.045,119,1784042040,1784044921
26JUL12DEJGAU,Jesper De Jong,0.91,0.92,True,0.705,107,1783951440,1783955773
26JUL12OFNTIR,Thiago Agustin Tirante,0.81,0.83,True,0.595,78,1784019780,1784023302
26JUL12SVRDIM,Grigor Dimitrov,0.83,0.84,True,0.5425,91,1784026920,1784030489
26JUL12CERKOL,Zdenek Kolar,0.3,0.34,False,0.185,102,1784009460,1784021478
26JUL12FARWAW,Stan Wawrinka,0.61,0.62,False,0.335,109,1784044740,1784049071
26JUL12FELKEC,Miomir Kecmanovic,0.72,0.73,True,0.795,89,1783940700,1783941691
26JUL12MARHAN,Yannick Hanfmann,0.91,0.92,True,0.765,109,1784018700,1784022971
26JUL12MULSHE,Alexandre Muller,0.44,0.45,False,0.365,68,1784040000,1784043712
26JUL12SONSCH,Lorenzo Sonego,0.85,0.86,True,0.685,67,1783932180,1783935113
26JUL12STRMUN,Dominic Stricker,0.79,0.8,True,0.20500000000000002,86,1783957260,1783959814
26JUL12TSIBUS,Stefanos Tsitsipas,0.86,0.87,True,0.455,61,1784037480,1784040659
26JUL12TABHUE,Clement Tabur,0.92,0.93,True,0.535,105,1783848300,1783851135
26JUL11CECAJD,Marco Cecchinato,0.85,0.86,True,0.715,118,1783782780,1783784822
26JUL11NEUPOL,Lukas Neumayer,0.94,0.95,True,0.745,118,1783788660,1783790822
26JUL11DHASAC,Vitaliy Sachko,0.95,0.96,True,0.665,62,1783783380,1783786318
26JUL11MONHER,Thiago Monteiro,0.78,0.79,True,0.5225,83,1783763820,1783767337
26JUL11SKACHA,Timofey Skatov,0.94,0.96,True,0.955,98,1783781100,1783782982
26JUL11VIRDIE,Dylan Dietrich,0.75,0.76,True,0.405,68,1783772340,1783777852
26JUL10FERZVE,Alexander Zverev,0.93,0.94,True,0.855,113,1783681920,1783690807
26JUL10SINDJO,Jannik Sinner,0.9,0.91,True,0.795,113,1783689120,1783699807
26JUL08FRIZVE,Alexander Zverev,0.66,0.67,True,0.45,109,1783511700,1783524011
26JUL08COBFER,Arthur Fery,0.33,0.35,True,0.28500000000000003,95,1783515120,1783522825
26JUL07SINSTR,Jannik Sinner,0.97,0.98,True,0.935,112,1783426380,1783429808
26JUL07AUGDJO,Novak Djokovic,0.54,0.55,True,0.575,107,1783443300,1783447813
26JUL06FRIBUB,Taylor Fritz,0.79,0.8,True,0.665,119,1783355100,1783360501
26JUL06DIMFER,Arthur Fery,0.44,0.45,True,0.315,98,1783349940,1783354222
26JUL06LEHZVE,Alexander Zverev,0.84,0.85,True,0.73,91,1783365480,1783370189
26JUL06DECOB,Flavio Cobolli,0.44,0.46,True,0.225,110,1783339560,1783343110
26JUL05AUGDAV,Alejandro Davidovich Fokina,0.63,0.64,False,0.405,81,1783264440,1783266639
26JUL05HURSTR,Hubert Hurkacz,0.84,0.85,False,0.735,70,1783256880,1783269050
26JUL05SAFDJO,Novak Djokovic,0.86,0.87,True,0.845,69,1783255260,1783260051
26JUL05SINMOC,Jannik Sinner,0.96,0.97,True,0.965,95,1783267740,1783278625
26JUL04DIMBER,Grigor Dimitrov,0.65,0.66,True,0.405,84,1783186020,1783188336
26JUL04TIABUB,Frances Tiafoe,0.65,0.66,False,0.655,73,1783187640,1783188647
26JUL04LEHMUN,Jiri Lehecka,0.79,0.8,True,0.76,71,1783167120,1783176649
26JUL04KHACOB,Karen Khachanov,0.87,0.88,False,0.58,60,1783166700,1783170060
26JUL04GIRZVE,Alexander Zverev,0.95,0.96,True,0.925,88,1783174800,1783177532
26JUL04DESVA,Alex de Minaur,0.92,0.93,True,0.845,103,1783159800,1783162277
26JUL04BERFER,Zizou Bergs,0.71,0.72,False,0.555,77,1783167060,1783173943
26JUL04FRISON,Lorenzo Sonego,0.37,0.38,False,0.125,99,1783183380,1783185921
26JUL03JODMOC,Rafael Jodar,0.88,0.89,False,0.745,102,1783083420,1783084878
26JUL03STRMED,Jan-Lennard Struff,0.27,0.28,True,0.15500000000000003,75,1783085760,1783088145
26JUL03RINDJO,Novak Djokovic,0.87,0.88,True,0.865,91,1783081440,1783086089
26JUL03AUGZHE,Felix Auger-Aliassime,0.89,0.9,True,0.825,62,1783103700,1783106458
26JUL03SAFFON,Roman Safiullin,0.48,0.49,True,0.22,78,1783073820,1783076502
26JUL02TIACHO,Jan Choinski,0.33,0.34,False,0.13,115,1783010460,1783014365
26JUL03DAVFUC,Alejandro Davidovich Fokina,0.94,0.95,True,0.76,108,1783092540,1783094472
26JUL02DUCCOB,Flavio Cobolli,0.86,0.87,True,0.705,78,1783002840,1783006302
26JUL02LEHMOL,Jiri Lehecka,0.93,0.94,True,0.845,76,1783009020,1783011704
26JUL03HURPAU,Tommy Paul,0.77,0.78,False,0.6174999999999999,114,1783087380,1783089666
26JUL02BERFIL,Matteo Berrettini,0.53,0.54,True,0.315,91,1783002660,1783004489
26JUL02MENDIM,Grigor Dimitrov,0.44,0.45,True,0.365,102,1783010880,1783014678
26JUL02DIASON,Lorenzo Sonego,0.7,0.71,True,0.495,91,1782987960,1782990389
26JUL02HALGIR,Marcos Giron,0.7,0.71,True,0.5125,97,1782999960,1783001783
26JUL02ROYZVE,Alexander Zverev,0.97,0.98,True,0.955,101,1783001940,1783003579
26JUL02KHAHAN,Karen Khachanov,0.9,0.91,True,0.625,97,1783004460,1783007183
26JUL02BERFAR,Zizou Bergs,0.68,0.69,True,0.665,75,1782991140,1782997305
26JUL02JACBUB,Alexander Bublik,0.88,0.89,True,0.785,113,1783012560,1783014367
26JUL02FRIKYP,Taylor Fritz,0.97,0.98,True,0.935,69,1782984660,1782989511
26JUL02FERVIR,Otto Virtanen,0.65,0.66,False,0.575,93,1782987060,1782990387
26JUL02FEAMUN,Jaume Munar,0.69,0.7,True,0.565,106,1783001220,1783004174
26JUL01DEJFON,Joao Fonseca,0.91,0.92,True,0.845,84,1782914580,1782916956
26JUL02SVAMAJ,Kamil Majchrzak,0.78,0.79,False,0.585,96,1782994680,1782996384
26JUL01NAKSTR,Brandon Nakashima,0.91,0.92,False,0.76,72,1782924120,1782925908
26JUL02DEMAN,Alex de Minaur,0.91,0.92,True,0.875,115,1782984660,1782990125
26JUL01TSIDJO,Novak Djokovic,0.9,0.91,True,0.805,65,1782932040,1782934315
26JUL01MEJZHE,Nicolas Mejia,0.35,0.36,False,0.22999999999999998,104,1782907920,1782910036
26JUL01DAVMAR,Alejandro Davidovich Fokina,0.96,0.97,True,0.665,110,1782907020,1782909730
26JUL01AUGPRI,Felix Auger-Aliassime,0.86,0.87,True,0.8200000000000001,97,1782924840,1782928943
26JUL01RINDAM,Arthur Rinderknech,0.78,0.79,True,0.5599999999999999,101,1782912360,1782914539
26JUL01MERMED,Daniel Merida,0.19,0.2,False,0.055,117,1782911940,1782913923
26JUL01KWONPAU,Tommy Paul,0.92,0.93,True,0.885,70,1782891780,1782902930
26JUL01MOCQUI,Shintaro Mochizuki,0.47,0.48,True,0.255,96,1782917220,1782919944
26JUL01SINBOR,Jannik Sinner,0.94,0.95,True,0.9575,82,1782910200,1782912758
26JUL01HUROFN,Hubert Hurkacz,0.82,0.83,True,0.745,114,1782896460,1782904026
26JUL01SAFVAN,Roman Safiullin,0.91,0.92,True,0.61,96,1782910980,1782912444
26JUN30FRILAJ,Taylor Fritz,0.95,0.97,True,0.945,68,1782823020,1782823972
26JUL01FUCTIE,Learner Tien,0.87,0.88,False,0.6975,96,1782901920,1782905544
26JUL01JODCAR,Pablo Carreno Busta,0.32,0.36,False,0.20500000000000002,80,1782927300,1782930400
26JUN30LLASVA,Zachary Svajda,0.96,0.97,True,0.715,91,1782815820,1782823049
26JUN29ARNHAL,Matteo Arnaldi,0.63,0.64,False,0.4275,109,1782819960,1782821891
26JUN29AUGSHE,Felix Auger-Aliassime,0.98,0.99,True,0.96,92,1782750540,1782752008
26JUN29BAUFON,Joao Fonseca,0.89,0.91,True,0.805,113,1782738720,1782743047
26JUN29BLOZVE,Alexander Zverev,0.93,0.94,True,0.885,86,1782832620,1782834754
26JUN29BONDIA,Benjamin Bonzi,0.73,0.74,False,0.505,83,1782820860,1782822217
26JUN29BORBOY,Nuno Borges,0.84,0.85,True,0.8049999999999999,106,1782739920,1782741314
26JUN29CILMED,Daniil Medvedev,0.91,0.92,True,0.725,82,1782745680,1782747698
26JUN29COLFIL,Arthur Fils,0.78,0.79,True,0.575,101,1782831120,1782835399
26JUN29DAVCER,Alejandro Davidovich Fokina,0.92,0.93,True,0.775,64,1782748800,1782751436
26JUN29DEBUR,Alex de Minaur,0.96,0.97,True,0.95,68,1782819060,1782823432
26JUN29DEJHIJ,Jesper De Jong,0.49,0.5,True,0.265,110,1782754200,1782758290
26JUN29DZUFER,Damir Dzumhur,0.53,0.54,False,0.3625,81,1782822540,1782823059
26JUN29GASTSI,Stefanos Tsitsipas,0.94,0.95,True,0.785,105,1782744600,1782745455
26JUN29GRIDUC,James Duckworth,0.54,0.55,True,0.345,92,1782834420,1782836548
26JUN29HANMPE,Giovanni Mpetshi Perricard,0.77,0.78,False,0.595,65,1782807600,1782817675
26JUN29HUMBER,Zizou Bergs,0.59,0.6,True,0.345,93,1782824280,1782826647
26JUN29JACGAU,Kyrian Jacquet,0.89,0.9,True,0.715,85,1782825060,1782827255
26JUN29JODGIL,Rafael Jodar,0.97,0.98,True,0.855,113,1782725340,1782730447
26JUN29KHAHAR,Karen Khachanov,0.74,0.75,True,0.735,66,1782828600,1782829974
26JUN29KOKBUB,Thanasi Kokkinakis,0.51,0.52,False,0.305,95,1782824160,1782826645
26JUN29KOPCHO,Jan Choinski,0.73,0.77,True,0.41000000000000003,87,1782835440,1782841653
26JUN29KOVVAN,Botic Van de Zandschulp,0.61,0.62,True,0.625,61,1782724260,1782731159
26JUN29KWONLAN,Soonwoo Kwon,0.56,0.58,True,0.395,68,1782735660,1782746992
26JUN29KYPMCD,Mackenzie McDonald,0.7,0.71,False,0.725,67,1782827040,1782829973
26JUN29LEHPOP,Jiri Lehecka,0.96,0.97,True,0.775,119,1782830820,1782842221
26JUN29MAJTAB,Kamil Majchrzak,0.87,0.88,True,0.685,108,1782804000,1782816792
26JUN29MANDRO,Adrian Mannarino,0.9,0.91,True,0.635,109,1782812820,1782816791
26JUN29MEDOFN,Hamad Medjedovic,0.71,0.72,False,0.7475,63,1782737100,1782738297
26JUN29MENSAM,Toby Samuel,0.53,0.55,False,0.34249999999999997,81,1782828120,1782830619
26JUN29MICFEA,Alex Michelsen,0.9,0.91,False,0.595,90,1782819000,1782822210
26JUN29MOCBAS,Shintaro Mochizuki,0.92,0.94,True,0.665,87,1782728280,1782731733
26JUN29MOLALT,Alex Molcan,0.64,0.65,True,0.475,88,1782839100,1782842552
26JUN29MOUGIR,Corentin Moutet,0.59,0.61,False,0.445,103,1782831480,1782833837
26JUN29MULPAU,Tommy Paul,0.98,1.0,True,0.975,107,1782734880,1782735253
26JUN29MUNCER,Jaume Munar,0.39,0.4,True,0.3425,89,1782827040,1782827251
26JUN29NAKPIN,Brandon Nakashima,0.81,0.83,True,0.805,69,1782754980,1782757671
26JUN29NAVBUS,Ignacio Buse,0.56,0.57,True,0.585,91,1782724260,1782731729
26JUN29NAVCOB,Mariano Navone,0.34,0.36,False,0.215,118,1782841860,1782843182
26JUN29QUIDAR,Ethan Quinn,0.67,0.68,True,0.635,104,1782742560,1782745996
26JUN29RINTAR,Arthur Rinderknech,0.66,0.67,True,0.585,109,1782739140,1782743651
26JUN29ROYWEN,Harry Wendelken,0.68,0.69,False,0.46499999999999997,79,1782814680,1782817061
26JUN29RUBSAF,Roman Safiullin,0.6,0.61,True,0.325,74,1782724320,1782731146
26JUN29RUUHUR,Hubert Hurkacz,0.9,0.91,True,0.645,69,1782735900,1782738831
26JUN29SHACAR,Pablo Carreno Busta,0.44,0.45,True,0.305,76,1782727980,1782731144
26JUN29SHIFAR,Jaime Faria,0.84,0.85,True,0.305,108,1782815820,1782817392
26JUN29SINKEC,Miomir Kecmanovic,0.04,0.05,False,0.025,93,1782736800,1782739467
26JUN29SONETC,Lorenzo Sonego,0.7,0.71,True,0.5325,116,1782832260,1782833284
26JUN29STRBAE,Jan-Lennard Struff,0.79,0.8,True,0.715,97,1782742800,1782744263
26JUN29SVRTIE,Learner Tien,0.91,0.92,True,0.885,66,1782727800,1782730434
26JUN29SWEDIM,Grigor Dimitrov,0.9,0.91,True,0.775,61,1782839340,1782842219
26JUN29TIAATM,Frances Tiafoe,0.95,0.97,True,0.805,113,1782843480,1782847327
26JUN29TIRMAR,Fabian Marozsan,0.79,0.8,True,0.665,73,1782744840,1782748427
26JUN29TRUDAM,Martin Damm Jr,0.83,0.84,True,0.795,101,1782728880,1782732319
26JUN29UGOMER,Camilo Ugo Carabelli,0.81,0.83,False,0.4975,117,1782735480,1782737043
26JUN29VALMEJ,Adolfo Daniel Vallejo,0.72,0.73,False,0.575,72,1782746340,1782749808
26JUN29VANFUC,Marton Fucsovics,0.99,1.0,True,0.7075,162,1782729240,1782731718
26JUN29VIRSHE,Otto Virtanen,0.3,0.32,True,0.195,95,1782819000,1782822205
26JUN29WALPRI,Adam Walton,0.62,0.63,False,0.43,76,1782742020,1782744824
26JUN29WAWBER,Stan Wawrinka,0.36,0.37,False,0.20500000000000002,119,1782837300,1782841021
26JUN29YIBDJO,Novak Djokovic,0.93,0.94,True,0.925,115,1782756060,1782759185
26JUN29ZHENOR,Cameron Norrie,0.63,0.67,False,0.615,78,1782734220,1782738282
26JUN26MARDAV,Fabian Marozsan,0.36,0.37,False,0.305,76,1782488580,1782491984
26JUN26DRAHUM,Ugo Humbert,0.66,0.67,True,0.36,75,1782489600,1782493785
26JUN26BERSAM,Toby Samuel,0.7,0.71,False,0.375,104,1782481560,1782483856
26JUN26BORQUI,Ethan Quinn,0.91,0.92,True,0.415,63,1782478500,1782481437
26JUN25BUDVIR,Nicolai Budkov Kjaer,0.54,0.56,False,0.245,69,1782391920,1782395091
26JUN25MORKWON,Soonwoo Kwon,0.79,0.81,True,0.705,106,1782393900,1782394274
26JUN25DRADIA,Jack Draper,0.97,0.98,True,0.705,80,1782391200,1782397240
26JUN25GAULAJ,Dusan Lajovic,0.63,0.65,False,0.475,104,1782386820,1782390076
26JUN25SKAJAC,Kyrian Jacquet,0.79,0.8,True,0.6825,98,1782388680,1782392482
26JUN25FARSAK,Jaime Faria,0.8,0.81,True,0.645,96,1782389040,1782392484
26JUN25DIMDAV,Alejandro Davidovich Fokina,0.86,0.88,True,0.635,98,1782402660,1782405022
26JUN25GASECH,Hugo Gaston,0.88,0.89,True,0.745,82,1782391560,1782396338
26JUN25LLABOY,Tristan Boyer,0.71,0.72,True,0.4925,74,1782383640,1782385906
26JUN25SAFKYM,Jerome Kym,0.41,0.42,False,0.3325,91,1782382620,1782384989
26JUN25CHOBER,Zizou Bergs,0.84,0.85,True,0.745,66,1782388800,1782390954
26JUN25SMIZHE,Michael Zheng,0.87,0.88,True,0.6225,63,1782378480,1782385317
26JUN25SWEBAR,Marcelo Tomas Barrios Vera,0.72,0.73,False,0.575,64,1782383400,1782385316
26JUN25MCDOCO,Mackenzie McDonald,0.59,0.6,True,0.435,94,1782382260,1782384386
26JUN25HUMHAL,Ugo Humbert,0.87,0.88,True,0.715,77,1782399660,1782402043
26JUN25TABMOC,Clement Tabur,0.79,0.81,False,0.5800000000000001,88,1782383520,1782384092
26JUN25TARSAK,Oliver Tarvet,0.93,0.94,True,0.625,107,1782384420,1782386173
26JUN25BASBER,Remy Bertola,0.84,0.88,False,0.7975000000000001,92,1782383820,1782384388
26JUN25MEJSCH,Nicolas Mejia,0.42,0.48,True,0.255,75,1782379980,1782385905
26JUN25SAMCER,Toby Samuel,0.71,0.75,True,0.725,63,1782384360,1782385317
26JUN25ZHOHAR,Yi Zhou,0.62,0.63,False,0.305,66,1782382260,1782383514
26JUN25QUIKOP,Vit Kopriva,0.64,0.65,False,0.375,80,1782378780,1782382000
26JUN24GILCHO,Jan Choinski,0.79,0.8,True,0.6525000000000001,106,1782308460,1782310934
26JUN25DARBOR,Nuno Borges,0.88,0.89,True,0.625,104,1782389640,1782390676
26JUN24ALTBER,Zizou Bergs,0.76,0.77,True,0.73,96,1782307560,1782309744
26JUN24FERCER,Juan Manuel Cerundolo,0.8,0.81,True,0.315,92,1782302520,1782304648
26JUN24KOPBUS,Vit Kopriva,0.77,0.78,True,0.43,118,1782297960,1782300782
26JUN24KECMAR,Fabian Marozsan,0.68,0.74,True,0.475,78,1782393840,1782397242
26JUN24HUSHAL,Quentin Halys,0.87,0.88,True,0.815,100,1782301260,1782301700
26JUN24SHEDIM,Grigor Dimitrov,0.97,0.98,True,0.815,101,1782315540,1782318379
26JUN24SAMTIR,Toby Samuel,0.88,0.9,True,0.585,78,1782296280,1782298062
26JUN24CASQUI,Ethan Quinn,0.91,0.92,True,0.9075,115,1782297360,1782298985
26JUN24DIAETC,Tomas Martin Etcheverry,0.63,0.64,False,0.4275,117,1782316200,1782319623
26JUN24DRAPIN,Jack Draper,0.97,0.98,True,0.83,73,1782318240,1782321107
26JUN24MCDCAR,Mackenzie McDonald,0.93,0.94,True,0.8374999999999999,99,1782309840,1782309741
26JUN24GAUSEA,Vilius Gaubas,0.45,0.46,True,0.255,118,1782316860,1782319622
26JUN24JUBBAR,Marcelo Tomas Barrios Vera,0.65,0.66,True,0.575,92,1782305400,1782307948
26JUN24BASGEN,Max Basing,0.77,0.78,True,0.47,99,1782297720,1782299301
26JUN24BERROD,Jurij Rodionov,0.87,0.91,False,0.63,70,1782297300,1782298070
26JUN24BUDDOD,Nicolai Budkov Kjaer,0.76,0.77,True,0.71,85,1782319980,1782321995
26JUN24MEJHEI,Nicolas Mejia,0.87,0.88,True,0.4575,106,1782298980,1782299294
26JUN24TOMOCO,Christopher O'Connell,0.97,0.98,True,0.895,72,1782309120,1782309408
26JUN24RODLAJ,Dusan Lajovic,0.62,0.63,True,0.345,76,1782313800,1782315404
26JUN23SONKEC,Lorenzo Sonego,0.78,0.79,False,0.475,119,1782215160,1782217441
26JUN24KYMHOL,Jerome Kym,0.76,0.77,True,0.46249999999999997,116,1782310140,1782311824
26JUN24BOYPEL,Tristan Boyer,0.98,0.99,True,0.67,117,1782313080,1782315123
26JUN24CORSAK,Stefanos Sakellaridis,0.95,0.96,True,0.8574999999999999,71,1782296160,1782298069
26JUN24LLAMAR,Pablo Llamas Ruiz,0.95,0.96,True,0.665,75,1782313020,1782315405
26JUN24NARVIR,Otto Virtanen,0.88,0.89,True,0.885,67,1782313920,1782313913
26JUN24SWEBLA,Darwin Blanch,0.83,0.84,False,0.605,89,1782307200,1782308851
26JUN24TRAZHO,Yi Zhou,0.62,0.64,True,0.475,110,1782297360,1782299290
26JUN23STRBOR,Nuno Borges,0.87,0.88,True,0.615,118,1782215520,1782217442
26JUN24GALTAR,Oliver Tarvet,0.87,0.88,True,0.8,84,1782297660,1782305556
26JUN24YMESKA,Timofey Skatov,0.89,0.9,True,0.665,100,1782316260,1782316340
26JUN24MORMAY,Alejandro Moro Canas,0.52,0.53,True,0.5874999999999999,83,1782320100,1782320797
26JUN24ONCMOC,Shintaro Mochizuki,0.61,0.62,True,0.535,97,1782296160,1782298403
26JUN24SMIECH,Moez Echargui,0.57,0.58,True,0.5449999999999999,83,1782313800,1782313597
26JUN23MARTAB,Fabian Marozsan,0.88,0.89,True,0.41000000000000003,116,1782209880,1782212044
26JUN23EVASCH,Tristan Schoolkate,0.96,0.97,True,0.615,77,1782299100,1782304963
26JUN23GUEJAC,Kyrian Jacquet,0.82,0.83,True,0.705,72,1782320820,1782322308
26JUN23KWONGEA,Arthur Gea,0.67,0.71,False,0.4225,81,1782316320,1782319299
26JUN23DOUSAK,Rei Sakamoto,0.86,0.87,True,0.705,81,1782318060,1782320799
26JUN23GOJSMI,Colton Smith,0.72,0.73,True,0.45499999999999996,92,1782308460,1782310348
26JUN23GASCIN,Hugo Gaston,0.65,0.66,True,0.44499999999999995,64,1782309180,1782312416
26JUN22KECGHI,Antoine Ghibaudo,0.47,0.48,False,0.175,67,1782138660,1782141893
26JUN23DJEZHE,Michael Zheng,0.87,0.88,True,0.5675,83,1782310980,1782314257
26JUN23FARPAV,Jaime Faria,0.96,0.97,True,0.715,115,1782312840,1782315125
26JUN23SAFCOP,Roman Safiullin,0.97,0.98,True,0.84,85,1782312000,1782314255
26JUN23YUNTAB,Yunchaokete Bu,0.88,0.89,False,0.845,98,1782299100,1782299302
26JUN23PIRHAR,Billy Harris,0.65,0.66,True,0.605,113,1782296160,1782298987
26JUN22BLAJIA,Darwin Blanch,0.98,0.99,True,0.8225,69,1782133200,1782137031
26JUN22GIRDRA,Jack Draper,0.89,0.9,True,0.7,68,1782134520,1782137032
26JUN23ARNHUS,Giles Hussey,0.87,0.88,True,0.235,82,1782215640,1782218618
26JUN23DARHAN,Luciano Darderi,0.61,0.62,True,0.395,119,1782229440,1782233581
26JUN23DZUKOP,Vit Kopriva,0.76,0.79,True,0.505,111,1782200700,1782212649
26JUN23POLDIM,Grigor Dimitrov,0.93,0.94,True,0.825,72,1782211380,1782213828
26JUN22CHOPOP,Alexei Popyrin,0.86,0.87,False,0.655,101,1782145920,1782148459
26JUN22MARMOL,Alex Molcan,0.82,0.83,False,0.65,86,1782129960,1782130714
26JUN22WALKYR,Adam Walton,0.85,0.87,True,0.425,68,1782143340,1782145432
26JUN22ANDSMI,Colton Smith,0.94,0.95,True,0.8525,103,1782123240,1782125957
26JUN22ARNMAR,Pol Martin Tiffon,0.91,0.92,True,0.495,92,1782136920,1782140668
26JUN22BASYME,Nikoloz Basilashvili,0.86,0.87,False,0.625,96,1782132360,1782134664
26JUN22BAXROD,Florent Bax,0.25,0.27,False,0.1325,103,1782141900,1782144317
26JUN22BOSJAC,Kyrian Jacquet,0.99,1.0,True,0.9,66,1782130080,1782131394
26JUN22BOYOLI,Tristan Boyer,0.99,1.0,True,0.9175,106,1782137580,1782138914
26JUN22BRAGEA,Arthur Gea,0.97,0.98,True,0.885,97,1782130440,1782133103
26JUN22BROHOL,August Holmgren,0.65,0.68,True,0.52,94,1782135780,1782140666
26JUN22BUDREI,Nicolai Budkov Kjaer,0.92,0.93,True,0.86,118,1782135300,1782138242
26JUN22BUTECH,Edas Butvilas,0.97,0.98,False,0.8625,98,1782131940,1782133102
26JUN22CADCIN,Federico Cina,0.98,1.0,True,0.955,107,1782125940,1782125953
26JUN22CEBCAR,Roberto Carballes Baena,0.98,0.99,True,0.83,63,1782144060,1782145437
26JUN22CECBAR,Marcelo Tomas Barrios Vera,0.85,0.86,True,0.845,118,1782142740,1782144842
26JUN22CHIDOU,Aziz Dougaz,0.79,0.8,True,0.2475,113,1782124500,1782126607
26JUN22CLAPEL,Jay Clarke,0.86,0.87,False,0.715,119,1782135480,1782138241
26JUN22COMMOR,Francisco Comesana,0.84,0.85,False,0.675,70,1782128160,1782131390
26JUN22CORBON,Federico Coria,0.41,0.43,True,0.25,95,1782138000,1782140665
26JUN22CRAROD,Jurij Rodionov,0.74,0.76,True,0.6950000000000001,105,1782141360,1782144315
26JUN22DENZHO,Yi Zhou,0.99,1.0,True,0.5700000000000001,73,1782135180,1782137627
26JUN22DIAGAL,Alexis Galarneau,0.9,0.91,True,0.8925000000000001,110,1782139320,1782139510
26JUN22DJEHOU,Laslo Djere,0.85,0.86,True,0.86,111,1782125040,1782125949
26JUN22DODFER,Frederico Ferreira Silva,0.78,0.81,False,0.575,74,1782135600,1782143686
26JUN22DRABER,Liam Draxl,0.72,0.73,False,0.405,119,1782143940,1782144841
26JUN22FARGRE,Jaime Faria,0.81,0.82,True,0.8875,117,1782125460,1782126603
26JUN22GASMID,Lautaro Midon,0.47,0.48,False,0.215,113,1782123120,1782125947
26JUN22GAUMMO,Michael Mmoh,0.85,0.86,False,0.66,114,1782143760,1782146046
26JUN22GENKOL,Tom Gentzsch,0.94,0.95,True,0.865,96,1782149280,1782149064
26JUN22GIUONC,Gauthier Onclin,0.94,0.96,True,0.87,74,1782128820,1782131386
26JUN22GLICOP,Kimmer Coppejans,0.72,0.73,True,0.45999999999999996,114,1782116880,1782125946
26JUN22GOMTAB,Clement Tabur,0.97,0.98,True,0.9025000000000001,115,1782126180,1782125945
26JUN22GUEGOF,David Goffin,0.7,0.71,False,0.595,76,1782129720,1782131384
26JUN22HERJUB,Paul Jubb,0.64,0.65,True,0.53,97,1782147120,1782149063
26JUN22HSUSAK,Stefanos Sakellaridis,0.94,0.95,True,0.595,86,1782128940,1782131914
26JUN22KYMBUE,Gonzalo Bueno,0.82,0.83,False,0.18,61,1782134760,1782137039
26JUN22LAJPAV,Luka Pavlovic,0.86,0.87,True,0.4525,62,1782124440,1782126598
26JUN22LLAADD,Pablo Llamas Ruiz,0.94,0.95,True,0.87,76,1782134460,1782135224
26JUN22MAEBAS,Francesco Maestrelli,0.7,0.71,False,0.705,99,1782139680,1782140661
26JUN22MANMAY,Harold Mayot,0.97,0.98,True,0.87,79,1782130260,1782131381
26JUN22MATSAK,Rei Sakamoto,0.75,0.76,True,0.595,64,1782123360,1782126596
26JUN22MCDMEL,Mackenzie McDonald,0.87,0.89,True,0.935,98,1782145980,1782149062
26JUN22MONSCH,Tristan Schoolkate,0.97,0.98,True,0.645,104,1782129480,1782133096
26JUN22NAPHAR,Billy Harris,0.98,0.99,True,0.945,119,1782126000,1782125941
26JUN22NEULAJ,Dusan Lajovic,0.78,0.8,True,0.49,65,1782138000,1782145435
26JUN22NOGNAR,Luca Nardi,0.8,0.81,True,0.835,63,1782140700,1782141897
26JUN22PIRIVA,Zsombor Piros,0.94,0.96,True,0.8025,107,1782124140,1782125413
26JUN22PRAEVA,Daniel Evans,0.87,0.88,True,0.6325000000000001,109,1782133560,1782134651
26JUN22ROCMEJ,Nicolas Mejia,0.56,0.57,True,0.26,92,1782141240,1782142468
26JUN22SACMOC,Shintaro Mochizuki,0.84,0.85,True,0.725,111,1782131520,1782134649
26JUN22SAFMCC,Roman Safiullin,0.86,0.87,True,0.7024999999999999,69,1782123660,1782126591
26JUN22SAIKWON,Soonwoo Kwon,0.91,0.92,True,0.8275,90,1782130500,1782131910
26JUN22SCHOCO,Christopher O'Connell,0.9,0.91,True,0.8325,87,1782144060,1782147873
26JUN22SKABAR,Timofey Skatov,0.94,0.95,True,0.875,84,1782130020,1782131376
26JUN22SMIFIC,Keegan Smith,0.88,0.91,True,0.7925,102,1782129300,1782129558
26JUN22SQUZHE,Michael Zheng,0.89,0.9,True,0.8825000000000001,111,1782125640,1782125409
26JUN22SWERON,Dane Sweeny,0.99,1.0,True,0.925,134,1782138060,1782140086
26JUN22TARBOL,Oliver Tarvet,0.78,0.79,True,0.47,107,1782128400,1782133093
26JUN22TRAMIK,Stefano Travaglia,0.86,0.88,True,0.675,117,1782138180,1782139503
26JUN22TSEHEI,Gustavo Heide,0.67,0.68,True,0.535,100,1782144780,1782148460
26JUN22UCHTOM,Bernard Tomic,0.96,0.97,True,0.825,85,1782145980,1782146675
26JUN22VIRMAR,Otto Virtanen,0.78,0.79,True,0.855,117,1782131340,1782138903
26JUN22WONGOJ,Borna Gojo,0.91,0.92,True,0.395,116,1782123600,1782127744
26JUN22YUNDEL,Yunchaokete Bu,0.99,1.0,True,0.925,75,1782123120,1782126585
26JUN22ZHASEA,Henry Searle,0.75,0.79,True,0.4,67,1782143280,1782145433
26JUN22QUIROY,Ethan Quinn,0.82,0.83,True,0.6775,67,1782124260,1782126593
26JUN22STRLAN,Jan-Lennard Struff,0.56,0.58,True,0.405,88,1782133740,1782135812
26JUN22TSIBUS,Ignacio Buse,0.92,0.94,True,0.395,119,1782220380,1782225481
26JUN22ALTKOV,Daniel Altmaier,0.8,0.81,True,0.525,72,1782226440,1782230028
26JUN22BERMUN,Zizou Bergs,0.84,0.87,True,0.565,115,1782151440,1782153545
26JUN22BURFER,Arthur Fery,0.95,0.96,True,0.78,70,1782222960,1782224930
26JUN22COLCER,Juan Manuel Cerundolo,0.49,0.5,True,0.22,67,1782134340,1782137633
26JUN22DIAATM,Terence Atmane,0.69,0.7,False,0.505,104,1782126000,1782128356
26JUN22HUMBEL,Ugo Humbert,0.51,0.52,True,0.715,73,1782238560,1782239027
26JUN21GIRCHO,Jan Choinski,0.62,0.64,True,0.26,101,1782048120,1782050779
26JUN21HUSTRU,Giles Hussey,0.71,0.72,True,0.45,102,1782048180,1782050778
26JUN21STEVUK,Aleksandar Vukic,0.81,0.82,True,0.635,111,1782026160,1782040029
26JUN21HANVAL,Yannick Hanfmann,0.77,0.78,True,0.735,116,1782059700,1782063604
26JUN21BORMAN,Nuno Borges,0.9,0.91,True,0.53,61,1782039300,1782042419
26JUN21NAVSON,Lorenzo Sonego,0.81,0.82,True,0.615,117,1782047880,1782051423
26JUN21SHEPOL,Marc Polmans,0.84,0.85,True,0.445,87,1782045480,1782048393
26JUN21SVADZU,Damir Dzumhur,0.43,0.44,True,0.215,94,1782044880,1782045746
26JUN21ARNSAM,Toby Samuel,0.82,0.83,False,0.5025,89,1782046980,1782049351
26JUN21MOLCAS,Alex Molcan,0.91,0.92,True,0.635,64,1782036540,1782038816
26JUN21WALGHI,Adam Walton,0.99,1.0,True,0.755,72,1782036720,1782041568
26JUN20MACPOL,Marc Polmans,0.85,0.86,True,0.6000000000000001,116,1781960700,1781964724
26JUN20ALTTIA,Frances Tiafoe,0.87,0.88,True,0.715,94,1781971800,1781974886
26JUN20GHIBAR,Antoine Ghibaudo,0.85,0.87,True,0.56,67,1781947320,1781949773
26JUN20MOLSES,Alex Molcan,0.98,0.99,True,0.935,68,1781949180,1781949772
26JUN20ROMCAS,Murphy Cassone,0.75,0.81,True,0.7275,113,1781956620,1781956327
26JUN20KUKDZU,Damir Dzumhur,0.86,0.88,True,0.46499999999999997,84,1781958540,1781961096
26JUN20SHESHE2,Abdullah Shelbayh,0.6,0.61,True,0.355,67,1781953020,1781954513
26JUN20WALBON,Adam Walton,0.96,0.97,True,0.8975,92,1781953080,1781953588
26JUN20SVAHUE,Zachary Svajda,0.98,0.99,True,0.745,84,1781961900,1781964156
26JUN20PAUHUM,Tommy Paul,0.93,0.94,True,0.625,76,1781966400,1781971304
26JUN20ARNGRA,Matteo Arnaldi,0.81,0.82,True,0.54,65,1781956800,1781958115
26JUN20SAMHAL,Toby Samuel,0.86,0.87,True,0.6725000000000001,91,1781951220,1781952389
26JUN20NAVSTE,Emilio Nava,0.79,0.8,False,0.76,98,1781964780,1781965582
26JUN20WENVUK,Aleksandar Vukic,0.59,0.6,True,0.555,117,1781958900,1781962323
26JUN20DUCHUS,Giles Hussey,0.63,0.64,True,0.20750000000000002,106,1781970540,1781972474
26JUN20NAKCER,Brandon Nakashima,0.81,0.82,False,0.625,86,1781957400,1781961694
26JUN20ZVEFRI,Alexander Zverev,0.65,0.67,False,0.585,113,1781961840,1781965927
26JUN19HUMHIJ,Ugo Humbert,0.95,0.96,True,0.7175,106,1781891460,1781892134
26JUN19ZVECOL,Alexander Zverev,0.88,0.89,True,0.825,105,1781873640,1781877315
26JUN19PAUDAV,Tommy Paul,0.87,0.88,True,0.705,68,1781885220,1781889412
26JUN19SHEFRI,Ben Shelton,0.62,0.63,False,0.45999999999999996,108,1781860260,1781865672
26JUN19FERCER,Francisco Cerundolo,0.88,0.89,True,0.59,81,1781876880,1781880939
26JUN19ALTMED,Daniel Altmaier,0.42,0.44,True,0.16999999999999998,81,1781882220,1781885139
26JUN19TIAAUG,Felix Auger-Aliassime,0.82,0.84,False,0.585,74,1781892300,1781895766
26JUN18SHEQUI,Ben Shelton,0.91,0.92,True,0.785,94,1781774820,1781784086
26JUN18DENAK,Brandon Nakashima,0.63,0.64,True,0.295,114,1781866320,1781869266
26JUN18MARFRI,Taylor Fritz,0.96,0.97,True,0.815,73,1781775900,1781777747
26JUN18HIJLEH,Jiri Lehecka,0.86,0.87,False,0.745,113,1781788560,1781800267
26JUN18MOUDAV,Alejandro Davidovich Fokina,0.93,0.94,True,0.635,116,1781778480,1781782864
26JUN18ZVEHAN,Alexander Zverev,0.88,0.9,True,0.865,82,1781788380,1781792738
26JUN17DESHA,Alex de Minaur,0.94,0.95,True,0.78,97,1781698620,1781701283
26JUN17MEDHUM,Hamad Medjedovic,0.74,0.75,False,0.38,114,1781808060,1781809866
26JUN17ATMMED,Daniil Medvedev,0.85,0.86,True,0.835,113,1781715000,1781718067
26JUN17BROCER,Francisco Cerundolo,0.96,0.97,True,0.625,117,1781710980,1781713263
26JUN17MANFER,Arthur Fery,0.76,0.77,True,0.475,115,1781703840,1781707565
26JUN17NAKBUS,Brandon Nakashima,0.89,0.9,True,0.755,85,1781693460,1781695895
26JUN17TIASHI,Frances Tiafoe,0.85,0.86,True,0.685,112,1781696760,1781698868
26JUN17HURALT,Hubert Hurkacz,0.89,0.9,False,0.785,110,1781704860,1781706070
26JUN17SHESON,Ben Shelton,0.91,0.92,True,0.785,117,1781698680,1781701563
26JUN17COLBEL,Mattia Bellucci,0.7,0.71,False,0.4825,110,1781795700,1781799670
26JUN17PAUVAN,Tommy Paul,0.96,0.97,True,0.775,74,1781786760,1781790646
26JUN17TIEAUG,Learner Tien,0.67,0.68,False,0.445,67,1781704560,1781708153
26JUN16BUSGIR,Marcos Giron,0.82,0.83,False,0.685,110,1781607660,1781609530
26JUN16BELBUB,Mattia Bellucci,0.87,0.88,True,0.28250000000000003,63,1781604360,1781606517
26JUN16POPCOL,Raphael Collignon,0.96,0.97,True,0.575,89,1781603700,1781605951
26JUN15ATMLAN,Terence Atmane,0.55,0.56,True,0.375,111,1781523840,1781526189
26JUN15BASALT,Daniel Altmaier,0.56,0.57,True,0.435,83,1781522400,1781525197
26JUN15VANWEN,Botic Van de Zandschulp,0.86,0.87,True,0.69,77,1781523300,1781524963
26JUN15BRODAM,Jenson Brooksby,0.59,0.61,True,0.42,104,1781616960,1781619736
26JUN15HIJTAB,Rinky Hijikata,0.81,0.82,True,0.495,64,1781626440,1781628356
26JUN15KOVCER,Francisco Cerundolo,0.86,0.87,True,0.635,115,1781616540,1781619125
26JUN15MPEMOU,Giovanni Mpetshi Perricard,0.76,0.77,False,0.625,96,1781547120,1781549484
26JUN15PAUSVA,Tommy Paul,0.95,0.96,True,0.695,108,1781530200,1781533332
26JUN14HIJGIR,Rinky Hijikata,0.83,0.84,True,0.425,96,1781441460,1781444244
26JUN14KOVMPE,Giovanni Mpetshi Perricard,0.79,0.8,True,0.625,92,1781443140,1781444248
26JUN14BELBOL,Alex Bolt,0.65,0.66,False,0.41500000000000004,113,1781441220,1781446927
26JUN14LANGEN,Martin Landaluce,0.88,0.89,True,0.875,78,1781441880,1781443602
26JUN14VUKWEN,Harry Wendelken,0.71,0.74,True,0.375,103,1781436900,1781439437
26JUN14COLBAU,Raphael Collignon,0.84,0.85,True,0.625,114,1781436000,1781437626
26JUN14SVADAM,Martin Damm Jr,0.66,0.67,True,0.44,117,1781435400,1781437623
26JUN14SONBAS,Nikoloz Basilashvili,0.98,0.99,True,0.6725000000000001,79,1781438340,1781438561
26JUN14BERFRI,Taylor Fritz,0.85,0.86,True,0.795,67,1781689380,1781692553
26JUN14BORAUG,Felix Auger-Aliassime,0.89,0.9,True,0.725,109,1781524980,1781530331
26JUN14COBTIA,Frances Tiafoe,0.81,0.82,True,0.565,73,1781531580,1781538707
26JUN14ETCMED,Daniil Medvedev,0.87,0.88,True,0.805,67,1781625000,1781627753
26JUN14FONHAN,Yannick Hanfmann,0.59,0.6,True,0.3325,98,1781609220,1781610742
26JUN14GRISHI,Sho Shimabukuro,0.73,0.74,True,0.405,109,1781608080,1781611571
26JUN14KHAQUI,Karen Khachanov,0.77,0.78,False,0.675,82,1781602980,1781605958
26JUN14MARKEC,Fabian Marozsan,0.58,0.59,True,0.39,91,1781618040,1781619389
26JUN14RUBHUR,Hubert Hurkacz,0.94,0.95,True,0.495,81,1781611920,1781613999
26JUN14SCHTIE,Learner Tien,0.94,0.95,True,0.83,86,1781506620,1781518654
26JUN14ZVEKOP,Alexander Zverev,0.96,0.97,True,0.935,96,1781615700,1781618784
26JUN14DEDIA,Alex de Minaur,0.91,0.92,True,0.8,75,1781623140,1781626305
26JUN14FERSAM,Arthur Fery,0.95,0.96,True,0.56,82,1781612280,1781613998
26JUN14HUMCIL,Ugo Humbert,0.87,0.88,True,0.58,68,1781625600,1781627752
26JUN14MAJLEH,Jiri Lehecka,0.86,0.87,True,0.675,71,1781630760,1781634709
26JUN14MENMAN,Jakub Mensik,0.92,0.93,False,0.66,108,1781607300,1781609532
26JUN14NAKFUC,Brandon Nakashima,0.84,0.85,True,0.655,115,1781606400,1781608925
26JUN14NORDAV,Alejandro Davidovich Fokina,0.87,0.88,True,0.575,102,1781630040,1781633778
26JUN14PINSHA,Denis Shapovalov,0.87,0.88,True,0.585,98,1781536620,1781538982
26JUN14RINMED,Hamad Medjedovic,0.62,0.63,True,0.4525,117,1781624340,1781627283
26JUN13MAJMED,Kamil Majchrzak,0.79,0.8,True,0.3525,108,1781366100,1781368572
26JUN13SHELEH,Jiri Lehecka,0.61,0.65,False,0.485,99,1781357400,1781361381
26JUN13BELKUK,Mattia Bellucci,0.9,0.91,True,0.865,98,1781361000,1781361382
26JUN13COLDOU,Raphael Collignon,0.99,1.0,True,0.89,98,1781356740,1781358982
26JUN13DEDBAS,Nikoloz Basilashvili,0.8,0.81,True,0.575,73,1781347020,1781348507
26JUN13LANHUE,Marc-Andrea Huesler,0.54,0.55,False,0.5725,114,1781357040,1781357526
26JUN13MACBOL,Jamie Mackenzie,0.25,0.26,False,0.345,70,1781349660,1781350310
26JUN13PERGEN,Tom Gentzsch,0.83,0.85,True,0.7225,101,1781352720,1781355379
26JUN13SANBAU,Roberto Bautista Agut,0.92,0.93,True,0.83,92,1781350680,1781353288
26JUN13SONJIA,Lorenzo Sonego,0.92,0.94,True,0.855,74,1781342640,1781349406
26JUN13BUBFRI,Taylor Fritz,0.71,0.72,True,0.455,94,1781349780,1781353286
26JUN12SHESHI,Sho Shimabukuro,0.48,0.5,False,0.495,89,1781331660,1781345791
26JUN13MANDE,Alex de Minaur,0.97,0.98,True,0.805,76,1781359260,1781362004
26JUN12MEDCIL,Daniil Medvedev,0.87,0.88,True,0.675,112,1781280360,1781282468
26JUN12BELFRI,Mattia Bellucci,0.53,0.55,False,0.2425,81,1781277900,1781281419
26JUN12AUGMAJ,Kamil Majchrzak,0.64,0.65,True,0.325,116,1781276700,1781277844
26JUN12ZHAMAN,Adrian Mannarino,0.8,0.81,True,0.55,99,1781256300,1781261721
26JUN12LEHTIA,Jiri Lehecka,0.77,0.78,True,0.545,74,1781279940,1781281906
26JUN12BONDE,Alex de Minaur,0.93,0.94,True,0.7975000000000001,68,1781269920,1781271652
26JUN12MPEBUB,Alexander Bublik,0.76,0.77,True,0.65,69,1781272200,1781275251
26JUN11AUGFUC,Felix Auger-Aliassime,0.97,0.98,True,0.6799999999999999,74,1781182560,1781185246
26JUN11GRIZHA,Zhizhen Zhang,0.69,0.7,True,0.295,117,1781176320,1781179263
26JUN11MAJMCC,Kamil Majchrzak,0.91,0.93,True,0.715,77,1781176560,1781177743
26JUN11MEDBOO,Daniil Medvedev,0.89,0.9,True,0.895,77,1781188380,1781190343
26JUN11SHIKYR,Nick Kyrgios,0.82,0.83,False,0.605,71,1781180700,1781183449
26JUN10HIJTIA,Frances Tiafoe,0.83,0.84,True,0.67,74,1781174520,1781177746
26JUN10LEHDUC,James Duckworth,0.25,0.26,False,0.255,116,1781177880,1781179264
26JUN10STRBUB,Alexander Bublik,0.67,0.68,True,0.675,98,1781107980,1781110882
26JUN10MANRIN,Adrian Mannarino,0.64,0.65,True,0.49,107,1781176140,1781179873
26JUN10MPEONC,Giovanni Mpetshi Perricard,0.87,0.89,True,0.635,94,1781083380,1781086286
26JUN10DAMDE,Alex de Minaur,0.9,0.91,True,0.795,117,1781097240,1781108163
26JUN10BELHAN,Mattia Bellucci,0.71,0.72,True,0.455,99,1781082420,1781086581
26JUN10SHEGIR,Marcos Giron,0.57,0.59,False,0.28500000000000003,98,1781199540,1781202682
26JUN10BORCIL,Nuno Borges,0.54,0.55,False,0.4975,60,1781185860,1781187660
26JUN10HUMBON,Benjamin Bonzi,0.69,0.72,True,0.4925,112,1781170440,1781171768
26JUN10LANFRI,Martin Landaluce,0.88,0.89,False,0.305,112,1781191200,1781192468
26JUN09HALSHI,Sho Shimabukuro,0.91,0.92,True,0.405,116,1780994760,1781001124
26JUN09STRGAL,Jan-Lennard Struff,0.88,0.89,True,0.635,110,1781007540,1781009770
26JUN08BONROT,Benjamin Bonzi,0.96,0.97,True,0.8674999999999999,112,1780916820,1780917728
26JUN08HUMYME,Ugo Humbert,0.98,0.99,True,0.83,82,1780936800,1780937198
26JUN08ONCMAR,Gauthier Onclin,0.91,0.92,True,0.405,86,1780928160,1780932694
26JUN08HERLAN,Pierre-Hugues Herbert,0.62,0.63,False,0.435,88,1780918620,1780922192
26JUN08ALTTIA,Frances Tiafoe,0.97,0.98,True,0.77,76,1781016540,1781020364
26JUN08BAUGIR,Marcos Giron,0.81,0.82,True,0.575,68,1780989480,1780999912
26JUN08DAVBEL,Mattia Bellucci,0.55,0.58,True,0.305,74,1780910340,1780912306
26JUN08DEDDUC,James Duckworth,0.9,0.91,True,0.735,65,1781017500,1781022715
26JUN08HANKOV,Yannick Hanfmann,0.79,0.8,True,0.6025,91,1780998600,1781000189
26JUN08BOOYIB,Thijs Boogaard,0.48,0.49,True,0.185,67,1781082900,1781085713
26JUN08BORATM,Nuno Borges,0.78,0.79,True,0.545,71,1780910160,1780912309
26JUN08CILSHA,Denis Shapovalov,0.87,0.88,False,0.45,71,1780923660,1780926709
26JUN08DIAMAN,Adrian Mannarino,0.63,0.65,True,0.57,92,1780999200,1781001688
26JUN08GRIVAN,Tallon Griekspoor,0.85,0.86,True,0.68,78,1781011020,1781011902
26JUN08HURFUC,Hubert Hurkacz,0.8,0.82,False,0.675,83,1781017680,1781019097
26JUN08VIRMAJ,Otto Virtanen,0.72,0.73,False,0.535,73,1781071800,1781085947
26JUN08ZHABRO,Zhizhen Zhang,0.67,0.68,True,0.375,66,1781004960,1781008314
26JUN07BONTOM,Bernard Tomic,0.33,0.34,False,0.255,117,1780834680,1780837623
26JUN07SAFGAL,Alexis Galarneau,0.52,0.55,True,0.235,89,1780830120,1780831951
26JUN07ALKHER,Pierre-Hugues Herbert,0.88,0.89,True,0.735,76,1780834080,1780834604
26JUN07MCCJON,James McCabe,0.83,0.84,True,0.705,68,1780841940,1780845412
26JUN07VISYME,Elias Ymer,0.85,0.86,True,0.675,86,1780828920,1780831354
26JUN07GENHIJ,Tom Gentzsch,0.56,0.57,False,0.21000000000000002,119,1781011020,1781013961
26JUN07KYRMOU,Nick Kyrgios,0.81,0.82,True,0.345,85,1781025840,1781028695
26JUN07SHIROD,Sho Shimabukuro,0.91,0.93,True,0.5075000000000001,85,1780824060,1780827155
26JUN07DAMFIC,Martin Damm Jr,0.96,0.99,True,0.8,111,1780823580,1780825629
26JUN06SAKALK,Mert Alkaya,0.97,0.99,True,0.91,110,1780753080,1780754170
26JUN07HUEONC,Gauthier Onclin,0.89,0.9,True,0.405,102,1780824360,1780828038
26JUN06BONPOL,Benjamin Bonzi,0.93,0.94,True,0.8474999999999999,94,1780755300,1780756586
26JUN06DAMHOU,Max Houkes,0.24,0.25,False,0.18,112,1780737360,1780740188
26JUN06DECTOM,Bernard Tomic,0.94,0.95,True,0.73,64,1780750500,1780752356
26JUN06JONMOC,Shintaro Mochizuki,0.87,0.88,False,0.71,108,1780748400,1780751172
26JUN06LOOFIC,Juan Pablo Ficovich,0.79,0.8,True,0.8775,88,1780738680,1780741352
26JUN06MCDVIS,Niels Visker,0.37,0.39,True,0.15250000000000002,117,1780747800,1780750923
26JUN06WONMCC,Coleman Wong,0.78,0.79,False,0.575,112,1780751160,1780753928
26JUN06BASHUE,Marc-Andrea Huesler,0.73,0.75,True,0.395,76,1780737180,1780738964
26JUN06CASROD,Jurij Rodionov,0.94,0.96,True,0.8374999999999999,76,1780742700,1780744004
26JUN06SHISAK,Sho Shimabukuro,0.82,0.83,True,0.695,106,1780742640,1780745534
26JUN06HERGLI,Pierre-Hugues Herbert,0.83,0.84,True,0.66,84,1780747380,1780750296
26JUN06HSUGAL,Yu Hsiou Hsu,0.44,0.46,False,0.3825,110,1780748760,1780751170
26JUN06SAFBAR,Petr Bar Biryukov,0.48,0.49,False,0.1325,86,1780758180,1780759894
26JUN05MENZVE,Alexander Zverev,0.91,0.92,True,0.755,119,1780659540,1780667461
26JUN03BERARN,Matteo Arnaldi,0.79,0.8,True,0.375,99,1780508400,1780517121
26JUN03AUGCOB,Felix Auger-Aliassime,0.7,0.71,False,0.495,100,1780490940,1780500140
26JUN02MENFON,Jakub Mensik,0.47,0.49,True,0.345,61,1780421940,1780428059
26JUN02JODZVE,Alexander Zverev,0.85,0.86,True,0.795,92,1780403100,1780409128
26JUN01AUGTAB,Felix Auger-Aliassime,0.76,0.77,True,0.635,85,1780322640,1780329335
26JUN01TIAARN,Matteo Arnaldi,0.7,0.71,True,0.505,82,1780328460,1780340498
26JUN01CERBER,Matteo Berrettini,0.73,0.75,True,0.615,81,1780324320,1780327299
26JUN01COBSVA,Flavio Cobolli,0.94,0.96,True,0.865,63,1780299900,1780308117
26MAY31DEJZVE,Alexander Zverev,0.94,0.95,True,0.92,96,1780234200,1780239084
26MAY31RUUFON,Joao Fonseca,0.62,0.63,True,0.375,81,1780252380,1780255899
26MAY31MENRUB,Jakub Mensik,0.65,0.66,True,0.455,100,1780242780,1780251380
26MAY31JODCAR,Pablo Carreno Busta,0.71,0.72,False,0.225,105,1780224600,1780230735
26MAY30ARNCOL,Matteo Arnaldi,0.6,0.61,True,0.305,93,1780153800,1780155987
26MAY30AUGNAK,Brandon Nakashima,0.45,0.46,False,0.255,99,1780167120,1780171041
26MAY30BERCOM,Matteo Berrettini,0.81,0.82,True,0.665,119,1780136640,1780144921
26MAY30CERLAN,Juan Manuel Cerundolo,0.74,0.75,True,0.615,62,1780145520,1780147558
26MAY30FARTIA,Jaime Faria,0.62,0.63,False,0.365,89,1780165380,1780168291
26MAY30CERSVA,Zachary Svajda,0.32,0.33,True,0.10500000000000001,98,1780130700,1780134442
26MAY30KOUTAB,Moise Kouame,0.46,0.48,False,0.225,107,1780150560,1780154173
26MAY30COBTIE,Flavio Cobolli,0.88,0.89,True,0.615,94,1780135860,1780137986
26MAY29RUUPAU,Tommy Paul,0.55,0.56,False,0.245,94,1780072380,1780075046
26MAY29HALZVE,Alexander Zverev,0.96,0.97,True,0.91,87,1780083840,1780086873
26MAY29FONDJO,Novak Djokovic,0.78,0.79,False,0.665,102,1780059180,1780066458
26MAY29MICJOD,Rafael Jodar,0.87,0.88,True,0.835,85,1780053300,1780056395
26MAY29DEMEN,Alex de Minaur,0.93,0.94,False,0.805,69,1780069980,1780071411
26MAY29BORRUB,Andrey Rublev,0.77,0.78,True,0.745,119,1780035840,1780049041
26MAY29TIRCAR,Pablo Carreno Busta,0.54,0.58,True,0.315,80,1780039200,1780049800
26MAY29KHADEJ,Jesper De Jong,0.56,0.57,True,0.275,107,1780064640,1780067533
26MAY28AUGBUR,Roman Andres Burruchaga,0.47,0.48,False,0.275,98,1779976740,1779981922
26MAY28SINCER,Jannik Sinner,0.98,0.99,False,0.985,110,1779962460,1779965590
26MAY28COMDAR,Francisco Comesana,0.5,0.51,True,0.165,64,1779983520,1779986096
26MAY28STRFAR,Jaime Faria,0.81,0.82,True,0.605,102,1779950760,1779963198
26MAY28LANKOP,Vit Kopriva,0.8,0.81,False,0.575,68,1779966000,1779972532
26MAY28DIATIE,Learner Tien,0.78,0.81,True,0.805,96,1779948720,1779962664
26MAY28VALKOU,Moise Kouame,0.52,0.53,True,0.275,101,1779948300,1779962659
26MAY28ARNTSI,Matteo Arnaldi,0.58,0.59,True,0.375,98,1779984060,1779995002
26MAY28SVAWAL,Zachary Svajda,0.63,0.64,True,0.535,117,1779959160,1779961683
26MAY27CERGAS,Hugo Gaston,0.22,0.27,False,0.11499999999999999,97,1779967440,1779970403
26MAY27RUUMED,Casper Ruud,0.88,0.89,True,0.705,76,1779908220,1779910664
26MAY27COBYIB,Flavio Cobolli,0.89,0.91,True,0.785,93,1779949680,1779962007
26MAY27COLSHE,Raphael Collignon,0.59,0.6,True,0.325,114,1779991080,1779993186
26MAY27UGORUB,Andrey Rublev,0.85,0.86,True,0.775,97,1779880080,1779881663
26MAY27SONPAU,Tommy Paul,0.9,0.92,True,0.855,86,1779904740,1779907414
26MAY27HURTIA,Hubert Hurkacz,0.71,0.72,False,0.565,73,1779962460,1779969827
26MAY27KOKCAR,Pablo Carreno Busta,0.8,0.82,True,0.705,84,1779888000,1779892116
26MAY27HUMHAL,Quentin Halys,0.64,0.66,True,0.4175,114,1779887160,1779894846
26MAY27NAVMEN,Jakub Mensik,0.7,0.71,True,0.525,100,1779882120,1779884120
26MAY27CINDEJ,Jesper De Jong,0.79,0.8,True,0.605,98,1779871500,1779876322
26MAY27VANNAK,Luca Van Assche,0.55,0.56,False,0.28500000000000003,111,1779988320,1779989649
26MAY27DUCJOD,Rafael Jodar,0.97,0.98,True,0.945,67,1779888360,1779893333
26MAY27RINBER,Matteo Berrettini,0.72,0.73,True,0.46499999999999997,75,1779992520,1779995865
26MAY27BASMIC,Alex Michelsen,0.77,0.78,True,0.635,61,1779893340,1779896099
26MAY27ROYDJO,Novak Djokovic,0.93,0.94,True,0.875,62,1779890220,1779892498
26MAY27FONPRI,Dino Prizmic,0.67,0.68,False,0.485,113,1779897240,1779899647
26MAY27BORKEC,Miomir Kecmanovic,0.8,0.81,False,0.605,64,1779886980,1779891236
26MAY27MACZVE,Alexander Zverev,0.94,0.95,True,0.885,106,1779906780,1779909494
26MAY27DAVTIR,Alejandro Davidovich Fokina,0.61,0.62,False,0.39,88,1779873240,1779875672
26MAY27KHATRU,Karen Khachanov,0.8,0.81,True,0.795,88,1779873600,1779878072
26MAY25WAWDEJ,Jesper De Jong,0.78,0.79,True,0.605,107,1779708180,1779710113
26MAY24COBPEL,Flavio Cobolli,0.86,0.87,True,0.745,96,1779723060,1779725724
26MAY24DIAZHA,Facundo Diaz Acosta,0.88,0.89,True,0.715,70,1779791940,1779797150
26MAY24FARSHA,Jaime Faria,0.71,0.73,True,0.605,118,1779807060,1779811742
26MAY24FAUVAC,Valentin Vacherot,0.95,0.96,True,0.85,106,1779794400,1779796214
26MAY24LANPRA,Martin Landaluce,0.88,0.89,True,0.745,75,1779795960,1779798645
26MAY24RINROD,Arthur Rinderknech,0.88,0.89,True,0.755,83,1779700440,1779705337
26MAY25BLOWON,Alexander Blockx,0.96,0.97,True,0.9,112,1779637680,1779639968
26MAY25CINOPE,Reilly Opelka,0.55,0.56,False,0.365,72,1779615120,1779629448
26MAY25DELROY,Valentin Royer,0.76,0.77,True,0.425,84,1779641340,1779649596
26MAY25DESAM,Alex de Minaur,0.94,0.95,True,0.915,93,1779692700,1779702927
26MAY25FONPAV,Joao Fonseca,0.88,0.89,True,0.915,96,1779636660,1779640584
26MAY25JACTRU,Marco Trungelliti,0.67,0.71,True,0.445,67,1779609840,1779622013
26MAY25LLATIR,Thiago Agustin Tirante,0.69,0.7,True,0.54,107,1779606240,1779616873
26MAY25NAVUGO,Camilo Ugo Carabelli,0.72,0.73,True,0.505,79,1779714960,1779718841
26MAY25RUUSAF,Casper Ruud,0.95,0.96,True,0.895,88,1779715260,1779723872
26MAY25SONHER,Lorenzo Sonego,0.77,0.78,True,0.5974999999999999,73,1779649020,1779650747
26MAY25ZHEPRI,Dino Prizmic,0.97,0.98,True,0.845,82,1779629940,1779631658
26MAY25AUGALT,Daniel Altmaier,0.5,0.51,False,0.275,81,1779814980,1779817839
26MAY25BAEBUR,Sebastian Baez,0.76,0.77,False,0.535,117,1779788580,1779801663
26MAY25BAUNAK,Brandon Nakashima,0.88,0.89,True,0.75,95,1779707160,1779710125
26MAY25BUBSTR,Jan-Lennard Struff,0.46,0.47,True,0.225,94,1779806220,1779808826
26MAY25CERVAN,Francisco Cerundolo,0.89,0.9,True,0.845,75,1779721920,1779725385
26MAY25CILKOU,Moise Kouame,0.52,0.53,True,0.21750000000000003,87,1779787620,1779791433
26MAY25COLVUK,Raphael Collignon,0.96,0.97,True,0.91,73,1779721620,1779724187
26MAY25FEACER,Juan Manuel Cerundolo,0.95,0.96,True,0.775,108,1779809940,1779813972
26MAY25FUCBER,Marton Fucsovics,0.54,0.55,False,0.41500000000000004,83,1779704580,1779704377
26MAY25GARTIE,Learner Tien,0.84,0.85,True,0.655,68,1779799920,1779802552
26MAY25GASMON,Hugo Gaston,0.77,0.78,True,0.445,98,1779734340,1779736642
26MAY25GRIARN,Tallon Griekspoor,0.65,0.66,False,0.405,91,1779788400,1779791429
26MAY25KOPMOU,Vit Kopriva,0.59,0.61,True,0.5675,80,1779799800,1779800740
26MAY25MERSHE,Ben Shelton,0.89,0.9,True,0.785,111,1779726480,1779728949
26MAY25MULTSI,Stefanos Tsitsipas,0.95,0.96,True,0.835,90,1779796320,1779798330
26MAY25MUNHUR,Hubert Hurkacz,0.75,0.76,True,0.555,67,1779706620,1779717953
26MAY25NORVAL,Adolfo Daniel Vallejo,0.74,0.77,True,0.555,107,1779798600,1779801913
26MAY25OFNDAR,Luciano Darderi,0.85,0.86,True,0.765,111,1779812160,1779815949
26MAY25POPSVA,Alexei Popyrin,0.93,0.94,False,0.885,99,1779786420,1779788781
26MAY25QUICOM,Francisco Comesana,0.79,0.8,True,0.575,106,1779810300,1779814214
26MAY25SINTAB,Jannik Sinner,0.99,1.0,True,0.985,68,1779820320,1779822532
26MAY25SPITIA,Frances Tiafoe,0.93,0.94,True,0.9,95,1779707520,1779709165
26MAY25TABMAJ,Alejandro Tabilo,0.95,0.96,True,0.795,102,1779786540,1779788778
26MAY25WALMED,Adam Walton,0.19,0.2,True,0.065,98,1779787020,1779789022
26MAY25YIBGIR,Yibing Wu,0.8,0.81,True,0.45,92,1779725700,1779728428
26MAY22TIEBUB,Learner Tien,0.63,0.64,True,0.445,81,1779459360,1779460539
26MAY22DEPAU,Alex de Minaur,0.92,0.93,False,0.585,79,1779464880,1779467801
26MAY22KOVBUS,Ignacio Buse,0.94,0.95,True,0.74,61,1779457800,1779459359
26MAY22RUUNAV,Mariano Navone,0.55,0.56,True,0.19,103,1779452460,1779455477
26MAY24BONZVE,Alexander Zverev,0.96,0.97,True,0.955,101,1779626340,1779627739
26MAY24BUSRUB,Andrey Rublev,0.79,0.8,True,0.6675,116,1779719640,1779721804
26MAY24CARLEH,Pablo Carreno Busta,0.5,0.57,True,0.1575,94,1779699960,1779702626
26MAY24DAVDZU,Damir Dzumhur,0.43,0.44,False,0.1325,83,1779614700,1779617497
26MAY24DROMEN,Jakub Mensik,0.76,0.77,True,0.6825,98,1779627540,1779629182
26MAY24DUCDIA,James Duckworth,0.71,0.72,True,0.38,84,1779613440,1779616896
26MAY24ETCBOR,Nuno Borges,0.38,0.4,True,0.375,102,1779629220,1779630378
26MAY24FRIBAS,Nishesh Basavareddy,0.33,0.34,True,0.175,103,1779638100,1779640277
26MAY24HALBEL,Quentin Halys,0.64,0.65,True,0.565,104,1779631260,1779639976
26MAY24HIJPAU,Rinky Hijikata,0.2,0.21,False,0.065,65,1779718920,1779720895
26MAY24HUMMAN,Ugo Humbert,0.93,0.94,True,0.87,65,1779715200,1779717355
26MAY24KECMAR,Miomir Kecmanovic,0.84,0.85,True,0.595,91,1779611400,1779617849
26MAY24KOKATM,Terence Atmane,0.83,0.87,False,0.785,92,1779709200,1779713188
26MAY24KOVJOD,Rafael Jodar,0.98,0.99,True,0.895,99,1779707280,1779708981
26MAY24MACBER,Tomas Machac,0.66,0.67,True,0.5675,108,1779622380,1779624672
26MAY24MEDHAN,Hamad Medjedovic,0.85,0.87,True,0.635,108,1779633120,1779639972
26MAY24MPEDJO,Giovanni Mpetshi Perricard,0.36,0.37,False,0.11499999999999999,119,1779647760,1779650761
26MAY24NAVBRO,Mariano Navone,0.92,0.93,True,0.875,115,1779711240,1779715505
26MAY24SHEMIC,Alex Michelsen,0.88,0.89,True,0.635,91,1779699540,1779701969
26MAY21DARDE,Alex de Minaur,0.78,0.79,True,0.52,101,1779386880,1779390859
26MAY21RINBUB,Arthur Rinderknech,0.67,0.68,False,0.375,63,1779386880,1779391077
26MAY21KOVUGO,Aleksandar Kovacevic,0.62,0.65,True,0.3,102,1779376920,1779379458
26MAY22BLAPAV,Luka Pavlovic,0.58,0.59,True,0.33999999999999997,60,1779454800,1779456960
26MAY22GAULLA,Pablo Llamas Ruiz,0.9,0.91,True,0.7324999999999999,76,1779445980,1779448004
26MAY22HERRIE,Pierre-Hugues Herbert,0.53,0.57,True,0.28,86,1779449700,1779452194
26MAY22NAVMAR,Emilio Nava,0.86,0.87,True,0.71,88,1779451680,1779454532
26MAY22CARDEL,Hugo Dellien,0.85,0.86,True,0.5974999999999999,98,1779429840,1779443962
26MAY22GENSAF,Roman Safiullin,0.91,0.92,True,0.77,79,1779450300,1779452501
26MAY22GILJAC,Kyrian Jacquet,0.77,0.79,True,0.6074999999999999,112,1779459600,1779463628
26MAY22GOJROD,Jurij Rodionov,0.82,0.83,True,0.535,105,1779440640,1779444915
26MAY21MICTIE,Learner Tien,0.77,0.8,True,0.525,72,1779379620,1779382668
26MAY21BUSHUM,Ignacio Buse,0.9,0.91,True,0.72,63,1779359820,1779361977
26MAY21FARNEU,Jaime Faria,0.76,0.77,True,0.485,107,1779369780,1779372853
26MAY21WONPRA,Juan Carlos Prado Angelo,0.67,0.68,True,0.765,78,1779369360,1779370362
26MAY21GALCIN,Alexis Galarneau,0.6,0.63,False,0.135,106,1779366120,1779367634
26MAY21POPRUU,Casper Ruud,0.96,0.97,True,0.745,108,1779366060,1779370932
26MAY21PAUALT,Tommy Paul,0.84,0.85,True,0.6775,90,1779363960,1779372510
26MAY21SAMBUE,Gonzalo Bueno,0.75,0.77,False,0.495,90,1779359160,1779361650
26MAY21NAVMUN,Mariano Navone,0.88,0.89,True,0.53,113,1779359460,1779364987
26MAY21DEJZHE,Michael Zheng,0.6,0.61,True,0.3175,60,1779355020,1779358380
26MAY21SVRFAU,Thomas Faurel,0.51,0.52,True,0.2,96,1779359700,1779366144
26MAY21CECPEL,Andrea Pellegrino,0.82,0.85,True,0.6725000000000001,72,1779355260,1779358728
26MAY21HOLDIA,August Holmgren,0.66,0.68,False,0.27,62,1779354780,1779358378
26MAY20BUDGEN,Tom Gentzsch,0.83,0.84,True,0.425,104,1779292320,1779293836
26MAY20SCHBLA,Darwin Blanch,0.86,0.87,True,0.69,105,1779297240,1779298635
26MAY20RINDJE,Laslo Djere,0.71,0.72,False,0.3775,104,1779285900,1779288196
26MAY20PAVBAR,Luka Pavlovic,0.7,0.71,True,0.28500000000000003,104,1779290760,1779293596
26MAY20NAVSEY,Emilio Nava,0.92,0.94,True,0.685,108,1779290880,1779292632
26MAY20FERMAR,Pedro Martinez,0.85,0.88,True,0.4825,71,1779286560,1779290629
26MAY20SCHSAF,Roman Safiullin,0.82,0.83,True,0.655,105,1779290520,1779293595
26MAY20CADRIE,Gianluca Cadenasso,0.66,0.67,False,0.39,83,1779294900,1779297757
26MAY20FATJAC,Nerman Fatic,0.33,0.35,False,0.37250000000000005,110,1779288480,1779289450
26MAY20COLRUU,Casper Ruud,0.89,0.9,True,0.725,73,1779280620,1779284027
26MAY20HUMKHA,Ugo Humbert,0.72,0.75,True,0.305,71,1779282000,1779284029
26MAY20MOLGIL,Alex Molcan,0.91,0.92,False,0.77,92,1779286200,1779287848
26MAY20ROCGOJ,Borna Gojo,0.71,0.72,True,0.445,107,1779285840,1779286993
26MAY20DODDEL,Hugo Dellien,0.91,0.93,True,0.7424999999999999,91,1779286860,1779287849
26MAY19DJEDUC,Laslo Djere,0.85,0.87,True,0.875,116,1779214200,1779216304
26MAY20FARSMI,Jaime Faria,0.91,0.92,True,0.77,94,1779277860,1779281606
26MAY20AUGKOV,Felix Auger-Aliassime,0.95,0.96,False,0.875,110,1779272160,1779274690
26MAY20COMMUN,Jaume Munar,0.8,0.83,True,0.625,96,1779265680,1779278004
26MAY20DARHAN,Luciano Darderi,0.85,0.86,True,0.655,108,1779306180,1779309792
26MAY20WONKOL,Coleman Wong,0.54,0.58,True,0.37,81,1779282180,1779284259
26MAY20FRIPOP,Alexei Popyrin,0.72,0.73,True,0.435,84,1779273840,1779277416
26MAY20BUSMEN,Ignacio Buse,0.86,0.87,True,0.4,98,1779276840,1779278002
26MAY20HEIROD,Jurij Rodionov,0.76,0.77,True,0.33499999999999996,65,1779279720,1779281275
26MAY19BLASKA,Darwin Blanch,0.94,0.95,True,0.84,115,1779217740,1779217565
26MAY20BUTBUB,Alexander Bublik,0.86,0.87,True,0.73,96,1779301620,1779304044
26MAY20WAWMIC,Alex Michelsen,0.83,0.84,True,0.615,118,1779293340,1779296222
26MAY20BUESAC,Gonzalo Bueno,0.85,0.86,True,0.5425,94,1779274260,1779275666
26MAY20GAUREI,Joao Lucas Reis Da Silva,0.68,0.69,False,0.235,71,1779285840,1779291289
26MAY20MORNEU,Lukas Neumayer,0.9,0.91,True,0.7,82,1779275640,1779277418
26MAY19BLALLA,Pablo Llamas Ruiz,0.91,0.92,True,0.83,91,1779272400,1779275669
26MAY19BOSGAL,Pedro Boscardin Dias,0.86,0.87,False,0.565,112,1779272160,1779281048
26MAY19ALTSHE,Ben Shelton,0.85,0.86,False,0.675,67,1779208020,1779210593
26MAY19GASKHA,Hugo Gaston,0.43,0.44,False,0.185,102,1779197160,1779200418
26MAY20GLIPRA,Juan Carlos Prado Angelo,0.83,0.86,True,0.6375,80,1779276000,1779277420
26MAY20SVRGOM,Dalibor Svrcina,0.95,0.96,True,0.765,102,1779264840,1779268518
26MAY19SAMGOF,David Goffin,0.69,0.7,False,0.45999999999999996,104,1779274080,1779276856
26MAY19TSITIE,Learner Tien,0.89,0.9,True,0.365,73,1779266460,1779270287
26MAY19DIABER,Facundo Diaz Acosta,0.97,0.98,True,0.8200000000000001,77,1779264840,1779267583
26MAY19SAKCEC,Marco Cecchinato,0.68,0.73,True,0.545,90,1779255660,1779267030
26MAY19PAUETC,Tomas Martin Etcheverry,0.62,0.63,False,0.36,111,1779197760,1779212109
26MAY19FAUCLA,Thomas Faurel,0.6,0.68,True,0.3375,91,1779264840,1779268529
26MAY19HOLJAD,August Holmgren,0.9,0.94,True,0.805,82,1779261840,1779266678
26MAY19DAVDE,Alex de Minaur,0.78,0.8,True,0.595,100,1779287400,1779293840
26MAY19UGOTIA,Camilo Ugo Carabelli,0.68,0.7,True,0.52,66,1779288960,1779290634
26MAY19ZHETRA,Michael Zheng,0.92,0.93,True,0.41500000000000004,80,1779264900,1779267580
26MAY19DEJDRA,Liam Draxl,0.32,0.35,False,0.385,107,1779267420,1779267913
26MAY19KOVGEA,Aleksandar Kovacevic,0.82,0.83,True,0.4475,82,1779187560,1779189398
26MAY19PELHAR,Lloyd Harris,0.55,0.56,False,0.31,83,1779264840,1779266677
26MAY19NORNAV,Mariano Navone,0.71,0.75,True,0.545,101,1779260520,1779271099
26MAY18ALTHIJ,Daniel Altmaier,0.98,0.99,True,0.715,104,1779114360,1779117736
26MAY18GIRSHE,Ben Shelton,0.91,0.92,True,0.765,100,1779111000,1779119900
26MAY18HANSCH,Yannick Hanfmann,0.92,0.93,True,0.795,60,1779106380,1779110580
26MAY18BASMUN,Jaume Munar,0.87,0.88,True,0.69,108,1779192900,1779194412
26MAY18POPTAB,Alexei Popyrin,0.79,0.8,True,0.7075,112,1779180480,1779184268
26MAY18ROYCOM,Valentin Royer,0.5,0.51,False,0.36,109,1779101940,1779103751
26MAY18SONBUT,Edas Butvilas,0.83,0.85,True,0.43,90,1779129360,1779132690
26MAY18CHOAND,Jan Choinski,0.91,0.93,True,0.6799999999999999,63,1779198960,1779205857
26MAY18BARGAL,Alex Barrena,0.77,0.78,False,0.595,115,1779116160,1779118625
26MAY18BASBOS,Pedro Boscardin Dias,0.79,0.81,True,0.19,70,1779113940,1779117410
26MAY18BERGLI,Daniil Glinka,0.85,0.86,True,0.715,96,1779109620,1779111504
26MAY18BERMOC,Shintaro Mochizuki,0.75,0.77,False,0.43,94,1779101040,1779102626
26MAY18BROBLA,Charles Broom,0.5,0.54,False,0.21500000000000002,105,1779121560,1779123135
26MAY18BROCAD,Gianluca Cadenasso,0.84,0.86,True,0.72,114,1779208680,1779210606
26MAY18BUDARN,Gilles Arnaud Bailly,0.71,0.73,False,0.6675,104,1779216660,1779216316
26MAY18BUEBAX,Gonzalo Bueno,0.87,0.89,True,0.8175,85,1779120840,1779121355
26MAY18CINWAT,Federico Cina,0.97,0.98,True,0.825,92,1779112860,1779119428
26MAY18CLASWE,Jay Clarke,0.97,0.98,True,0.825,98,1779105600,1779108562
26MAY18CUEDEL,Hugo Dellien,0.83,0.84,True,0.815,117,1779189660,1779193023
26MAY18DAMSAM,Toby Samuel,0.84,0.87,True,0.42000000000000004,111,1779112800,1779115929
26MAY18DEJSUN,Jesper De Jong,0.9,0.91,True,0.8225,117,1779092940,1779095943
26MAY18DIAOCO,Facundo Diaz Acosta,0.85,0.87,True,0.745,101,1779101460,1779106759
26MAY18DODZHO,Yi Zhou,0.59,0.66,False,0.14500000000000002,81,1779190260,1779192039
26MAY18DOUGIL,Felix Gill,0.78,0.8,True,0.745,100,1779189480,1779202220
26MAY18EVAJAD,Daniel Jade,0.82,0.83,True,0.605,99,1779098040,1779101001
26MAY18FARDIM,Grigor Dimitrov,0.8,0.81,False,0.445,94,1779186240,1779190226
26MAY18FATMIK,Nerman Fatic,0.93,0.94,True,0.515,98,1779207180,1779209722
26MAY18FERGOM,Federico Agustin Gomez,0.64,0.65,True,0.40750000000000003,114,1779113220,1779115926
26MAY18FICTRA,Stefano Travaglia,0.83,0.85,True,0.64,118,1779092040,1779094982
26MAY18GAUCOR,Vilius Gaubas,0.98,0.99,True,0.84,97,1779125100,1779128183
26MAY18GHIZHE,Michael Zheng,0.74,0.76,True,0.585,80,1779092400,1779095320
26MAY18GIUJAC,Kyrian Jacquet,0.96,0.97,True,0.72,71,1779200100,1779202789
26MAY18GOFTSE,David Goffin,0.57,0.6,True,0.3525,104,1779108120,1779109336
26MAY18GOJGUE,Borna Gojo,0.84,0.89,True,0.61,116,1779175800,1779185944
26MAY18GREHAR,Lloyd Harris,0.89,0.91,True,0.765,100,1779092460,1779094100
26MAY18HEIADD,Gustavo Heide,0.97,0.98,True,0.915,61,1779186840,1779186659
26MAY18HERUCH,Pierre-Hugues Herbert,0.93,0.94,True,0.86,60,1779198960,1779200760
26MAY18HOUCEC,Marco Cecchinato,0.94,0.98,True,0.635,62,1779106320,1779110098
26MAY18KYMGEN,Tom Gentzsch,0.83,0.84,True,0.5549999999999999,105,1779214140,1779216315
26MAY18LAJSAF,Roman Safiullin,0.95,0.96,True,0.8200000000000001,66,1779203340,1779205854
26MAY18MAENOG,Rio Noguchi,0.55,0.56,False,0.21000000000000002,86,1779189540,1779192034
26MAY18MAYBAR,Marcelo Tomas Barrios Vera,0.87,0.88,True,0.79,103,1779209220,1779212117
26MAY18MCCKOL,Zdenek Kolar,0.91,0.92,True,0.8175,65,1779186000,1779187015
26MAY18MEJLLA,Pablo Llamas Ruiz,0.89,0.91,True,0.87,116,1779120840,1779123124
26MAY18MIDCAR,Roberto Carballes Baena,0.87,0.89,True,0.585,104,1779191280,1779192376
26MAY18MOLCRA,Oliver Crawford,0.5,0.51,False,0.09,114,1779189360,1779190686
26MAY18NAVYUN,Emilio Nava,0.86,0.87,True,0.745,99,1779208740,1779212721
26MAY18NEUBOL,Lukas Neumayer,0.97,0.98,True,0.855,78,1779119700,1779121002
26MAY18OLIFAU,Thomas Faurel,0.77,0.78,True,0.495,118,1779100980,1779101342
26MAY18PAVWEN,Harry Wendelken,0.64,0.65,False,0.375,63,1779212100,1779214497
26MAY18PELMAN,Andrea Pellegrino,0.94,0.96,True,0.815,76,1779083220,1779094784
26MAY18PRAMCD,Juan Carlos Prado Angelo,0.83,0.84,True,0.63,118,1779113880,1779116882
26MAY18REIHEM,Joao Lucas Reis Da Silva,0.78,0.83,True,0.385,79,1779126960,1779128921
26MAY18ROCPIR,Henrique Rocha,0.74,0.77,True,0.545,76,1779200040,1779202784
26MAY18RODLAJ,Jurij Rodionov,0.7,0.71,True,0.325,63,1779177660,1779185937
26MAY18RODRIE,Leandro Riedi,0.81,0.84,True,0.575,83,1779195840,1779203737
26MAY18SACPIN,Jack Pinnington Jones,0.8,0.85,False,0.47,68,1779118620,1779125212
26MAY18SAKMAR,Pedro Martinez,0.86,0.87,True,0.56,102,1779207120,1779207918
26MAY18SCHCHI,Joel Schwaerzler,0.73,0.74,True,0.72,66,1779208680,1779210414
26MAY18SCHCOP,Tristan Schoolkate,0.64,0.65,True,0.29000000000000004,108,1779212700,1779216312
26MAY18SEYHSU,Thiago Seyboth Wild,0.92,0.93,True,0.765,83,1779207420,1779209437
26MAY18SHISAK,Sho Shimabukuro,0.73,0.75,False,0.275,119,1779097740,1779099541
26MAY18SIMDRA,Liam Draxl,0.76,0.77,True,0.735,74,1779091620,1779094966
26MAY18SMIGUI,Colton Smith,0.78,0.82,True,0.6,72,1779184680,1779187008
26MAY18SVRDEN,Guy Den Ouden,0.58,0.59,False,0.28,76,1779110460,1779114164
26MAY18TOMECH,Moez Echargui,0.62,0.63,False,0.605,71,1779122700,1779125209
26MAY18VIRHOL,August Holmgren,0.84,0.86,True,0.37,90,1779096360,1779100350
26MAY18WONHAR,Coleman Wong,0.76,0.8,True,0.595,70,1779175920,1779186650
26MAY18YMEFER,Arthur Fery,0.89,0.9,True,0.685,102,1779210000,1779211818
26MAY18BRAWAW,Stan Wawrinka,0.77,0.79,True,0.66,92,1779120540,1779122788
26MAY17BRATAB,Raul Brancaccio,0.76,0.79,False,0.345,84,1779015960,1779017256
26MAY17KOVGEA,Arthur Gea,0.59,0.6,True,0.5974999999999999,102,1779025440,1779028458
26MAY17FELBAS,Nishesh Basavareddy,0.82,0.83,True,0.49,113,1779009180,1779011887
26MAY17REHCOM,Francisco Comesana,0.96,0.99,True,0.705,85,1779015720,1779018455
26MAY17BUSGAS,Ignacio Buse,0.94,0.95,True,0.8374999999999999,109,1779013620,1779014891
26MAY17DUCBUT,Edas Butvilas,0.86,0.87,True,0.585,113,1778997900,1779011587
26MAY17HIJSQU,Henri Squire,0.73,0.75,False,0.485,114,1779011100,1779014886
26MAY17GIRSCH,Marcos Giron,0.71,0.72,False,0.7175,114,1779011880,1779014586
26MAY17ATMETC,Tomas Martin Etcheverry,0.85,0.86,True,0.675,103,1779105300,1779110117
26MAY17AUGKOP,Felix Auger-Aliassime,0.96,0.97,True,0.675,87,1779192360,1779196053
26MAY17CERDE,Francisco Cerundolo,0.84,0.85,False,0.625,79,1779099120,1779101921
26MAY17DARBUR,Luciano Darderi,0.81,0.82,True,0.63,96,1779189360,1779192384
26MAY17DAVMOU,Alejandro Davidovich Fokina,0.8,0.81,True,0.645,102,1779097620,1779103098
26MAY17DEDTIA,Frances Tiafoe,0.94,0.95,True,0.735,67,1779022440,1779024773
26MAY17ENGHUM,Ugo Humbert,0.88,0.89,True,0.775,111,1779198120,1779201369
26MAY17MAJUGO,Kamil Majchrzak,0.69,0.72,False,0.54,89,1779100500,1779101011
26MAY17MENSTR,Jakub Mensik,0.91,0.93,True,0.745,72,1779126600,1779130308
26MAY17PAUQUI,Tommy Paul,0.93,0.94,True,0.725,107,1779029100,1779031393
26MAY16HUETAB,Clement Tabur,0.77,0.78,True,0.505,111,1778939400,1778941029
26MAY16BRAZIN,Raul Brancaccio,0.77,0.79,True,0.7525,86,1778936220,1778937154
26MAY16BAEMIC,Alex Michelsen,0.76,0.78,True,0.345,119,1779093720,1779096781
26MAY16BRORUU,Casper Ruud,0.95,0.96,True,0.895,70,1779197880,1779200210
26MAY16MANCOL,Raphael Collignon,0.94,0.95,True,0.885,78,1779207240,1779209442
26MAY16RINTIR,Arthur Rinderknech,0.93,0.94,True,0.395,100,1779100680,1779103100
26MAY16TRUNAV,Marco Trungelliti,0.6,0.61,False,0.14500000000000002,93,1779021780,1779025407
26MAY16TSIMPE,Stefanos Tsitsipas,0.83,0.84,True,0.695,80,1779104820,1779112360
26MAY16BUSMCD,Ignacio Buse,0.97,0.99,True,0.915,110,1778929980,1778932330
26MAY16GIRNAG,Marcos Giron,0.93,0.94,True,0.7,66,1778931360,1778932674
26MAY16HIJDAN,Rinky Hijikata,0.86,0.87,True,0.62,88,1778926380,1778928752
26MAY16KOVZHA,Zhizhen Zhang,0.71,0.72,False,0.655,61,1778938980,1778942639
26MAY16PETGEA,Arthur Gea,0.85,0.86,True,0.485,62,1778940360,1778942638
26MAY16SCHVAN,Max Schoenhaus,0.64,0.7,True,0.28500000000000003,76,1778921760,1778925164
26MAY16SQUGAR,Cristian Garin,0.95,0.96,False,0.775,68,1778917320,1778924212
26MAY16TOPGAS,Hugo Gaston,0.91,0.92,True,0.69,99,1778935620,1778936601
26MAY16BERCOM,Francisco Comesana,0.88,0.91,True,0.705,94,1778920920,1778929946
26MAY16BUTMUL,Edas Butvilas,0.63,0.66,True,0.365,70,1778920980,1778925170
26MAY16DUCDAM,Miguel Damas,0.82,0.83,False,0.37,76,1778923260,1778925764
26MAY16GALBAS,Nishesh Basavareddy,0.9,0.92,True,0.4,61,1778940300,1778943779
26MAY16OFNFEL,Kilian Feldbausch,0.8,0.81,True,0.3725,79,1778925360,1778925761
26MAY16SVAREH,Max Hans Rehberg,0.9,0.91,True,0.445,97,1778943360,1778944343
26MAY15SINMED,Jannik Sinner,0.94,0.95,True,0.915,70,1778864340,1778868290
26MAY15RUUDAR,Casper Ruud,0.89,0.9,True,0.685,67,1778851020,1778861453
26MAY14LANMED,Martin Landaluce,0.61,0.62,False,0.275,63,1778778600,1778780457
26MAY14SINRUB,Jannik Sinner,0.98,0.99,True,0.945,64,1778753100,1778759456
26MAY13JODDAR,Luciano Darderi,0.68,0.69,True,0.355,74,1778705700,1778710906
26MAY13RUUKHA,Casper Ruud,0.94,0.95,True,0.795,80,1778677200,1778679940
26MAY12TIRMED,Daniil Medvedev,0.92,0.93,True,0.565,99,1778615820,1778618721
26MAY12MEDLAN,Martin Landaluce,0.69,0.7,True,0.415,84,1778604900,1778607336
26MAY12SINPEL,Jannik Sinner,0.99,1.0,True,0.985,198,1778588940,1778594142
26MAY12RUBBAS,Nikoloz Basilashvili,0.67,0.68,False,0.275,104,1778597400,1778601076
26MAY12DARZVE,Alexander Zverev,0.95,0.96,False,0.795,118,1778584080,1778590262
26MAY12JODTIE,Rafael Jodar,0.93,0.94,True,0.87,82,1778584200,1778584538
26MAY12KHAPRI,Karen Khachanov,0.68,0.74,True,0.41500000000000004,84,1778577900,1778580096
26MAY12MUSRUU,Casper Ruud,0.85,0.87,True,0.64,111,1778576280,1778579469
26MAY11BELLAN,Martin Landaluce,0.82,0.83,True,0.485,101,1778482140,1778494339
26MAY11COBTIR,Thiago Agustin Tirante,0.58,0.59,True,0.315,97,1778519040,1778521883
26MAY11NAKBAS,Nikoloz Basilashvili,0.67,0.69,True,0.425,81,1778496060,1778499759
26MAY11NAVMED,Mariano Navone,0.75,0.76,False,0.455,60,1778503200,1778506560
26MAY11SINPOP,Jannik Sinner,0.99,1.0,True,0.965,226,1778508540,1778510474
26MAY11TIAPEL,Andrea Pellegrino,0.78,0.79,True,0.335,81,1778498820,1778503299
26MAY10RUBDAV,Andrey Rublev,0.9,0.92,True,0.615,111,1778480460,1778493369
26MAY10LLAMED,Pablo Llamas Ruiz,0.56,0.57,False,0.325,100,1778508780,1778515940
26MAY10ARNJOD,Rafael Jodar,0.88,0.89,True,0.765,81,1778437980,1778441499
26MAY10BLOZVE,Alexander Zverev,0.95,0.96,True,0.805,86,1778401920,1778413594
26MAY10HUMPRI,Dino Prizmic,0.92,0.93,True,0.695,87,1778409180,1778413593
26MAY10KHAVAN,Botic Van de Zandschulp,0.74,0.76,False,0.425,95,1778418720,1778421745
26MAY10MUSCER,Lorenzo Musetti,0.74,0.75,True,0.5175000000000001,107,1778418480,1778423773
26MAY10PAUDAR,Tommy Paul,0.86,0.88,False,0.555,92,1778427420,1778431948
26MAY10RUULEH,Casper Ruud,0.86,0.88,True,0.655,87,1778397120,1778406393
26MAY10TIEBUB,Alexander Bublik,0.8,0.82,False,0.675,86,1778428740,1778431354
26MAY09TIABUS,Ignacio Buse,0.76,0.78,False,0.585,60,1778339880,1778347920
26MAY09TIRNOR,Thiago Agustin Tirante,0.7,0.74,True,0.395,114,1778316660,1778320326
26MAY09MEDFON,Joao Fonseca,0.89,0.9,False,0.645,77,1778349360,1778352403
26MAY09SINOFN,Jannik Sinner,0.99,1.0,True,0.975,91,1778346300,1778349209
26MAY09AUGNAV,Mariano Navone,0.65,0.66,True,0.3625,61,1778328480,1778332019
26MAY08ALTZVE,Alexander Zverev,0.92,0.93,True,0.925,117,1778244120,1778252463
26MAY08BAEBUB,Alexander Bublik,0.99,1.0,True,0.585,98,1778255940,1778258422
26MAY08GARDAV,Alejandro Davidovich Fokina,0.76,0.77,True,0.5625,114,1778329260,1778332386
26MAY08GRIBLO,Tallon Griekspoor,0.31,0.32,False,0.335,74,1778255640,1778261146
26MAY08HANDAR,Luciano Darderi,0.88,0.89,True,0.6525000000000001,117,1778272920,1778275323
26MAY08HUMKOP,Ugo Humbert,0.56,0.57,True,0.31,72,1778264700,1778266968
26MAY08PAUVUK,Tommy Paul,0.98,0.99,True,0.915,112,1778255700,1778258408
26MAY08MUSMPE,Lorenzo Musetti,0.93,0.95,True,0.885,89,1778273160,1778275591
26MAY08PRIDJO,Novak Djokovic,0.71,0.72,False,0.685,107,1778255580,1778258773
26MAY08TABCER,Francisco Cerundolo,0.96,0.97,True,0.575,65,1778250240,1778252455
26MAY08TIEDZU,Learner Tien,0.89,0.9,True,0.555,106,1778251200,1778253674
26MAY08VANKOV,Aleksandar Kovacevic,0.36,0.37,False,0.405,105,1778242200,1778249895
26MAY06PELNAR,Luca Nardi,0.56,0.57,False,0.415,91,1778178300,1778181029
26MAY06VUKKYP,Aleksandar Vukic,0.51,0.54,True,0.225,76,1778079300,1778081804
26MAY06CARTAB,Alejandro Tabilo,0.92,0.93,True,0.695,108,1778085480,1778092152
26MAY06GARCER,Cristian Garin,0.79,0.82,True,0.585,79,1778163240,1778168261
26MAY06DEJBOR,Nuno Borges,0.84,0.85,True,0.565,66,1778076660,1778082294
26MAY06BASMER,Nikoloz Basilashvili,0.67,0.7,True,0.385,102,1778144940,1778147358
26MAY06FEAMPE,Giovanni Mpetshi Perricard,0.62,0.63,True,0.195,71,1778151420,1778153029
26MAY06SVRKEC,Miomir Kecmanovic,0.75,0.77,True,0.515,92,1778144940,1778148268
26MAY06FUCPRI,Dino Prizmic,0.88,0.89,True,0.75,64,1778094000,1778097236
26MAY06STRCOM,Jan-Lennard Struff,0.84,0.85,True,0.3475,105,1778075460,1778076435
26MAY06QUILLA,Pablo Llamas Ruiz,0.8,0.82,True,0.6975,95,1778163180,1778163805
26MAY06ARNMUN,Matteo Arnaldi,0.61,0.62,True,0.565,86,1778075520,1778078674
26MAY06BAUMAE,Roberto Bautista Agut,0.84,0.87,True,0.605,106,1778159220,1778164094
26MAY06DZUMAN,Damir Dzumhur,0.94,0.95,True,0.745,96,1778059020,1778063064
26MAY06BURBEL,Mattia Bellucci,0.48,0.49,True,0.295,77,1778157360,1778159563
26MAY06BROBAE,Sebastian Baez,0.88,0.89,True,0.775,78,1778059080,1778062182
26MAY06BERATM,Terence Atmane,0.7,0.75,True,0.46499999999999997,115,1778144940,1778146685
26MAY06OFNMIC,Sebastian Ofner,0.92,0.93,True,0.605,86,1778175780,1778179054
26MAY06TIRCAD,Gianluca Cadenasso,0.66,0.67,False,0.305,116,1778169900,1778172364
26MAY06CINBLO,Federico Cina,0.54,0.55,False,0.2575,76,1778153340,1778154824
26MAY06GIRCIL,Marin Cilic,0.87,0.89,True,0.615,100,1778152260,1778155460
26MAY06TSIMAC,Tomas Machac,0.67,0.68,True,0.42,69,1778163000,1778167011
26MAY06MEDROY,Hamad Medjedovic,0.97,0.98,True,0.875,85,1778177160,1778179055
26MAY06SHANAV,Mariano Navone,0.9,0.91,True,0.6575,91,1778178600,1778181029
26MAY06POPBER,Alexei Popyrin,0.66,0.69,True,0.345,61,1778145780,1778147639
26MAY06TRUSVA,Marco Trungelliti,0.92,0.93,False,0.725,70,1778064300,1778065550
26MAY06HURHAN,Hubert Hurkacz,0.57,0.58,False,0.655,71,1778062380,1778072089
26MAY06SONBUS,Ignacio Buse,0.83,0.85,True,0.58,110,1778175060,1778179270
26MAY06MULVAN,Botic Van de Zandschulp,0.92,0.93,True,0.5625,73,1778068200,1778072087
26MAY06UGOSHE,Alexander Shevchenko,0.32,0.36,True,0.315,105,1778065560,1778071695
26MAY06ZHAALT,Zhizhen Zhang,0.91,0.92,False,0.375,92,1778052180,1778062708
26MAY05HIJBAS,Nikoloz Basilashvili,0.9,0.91,True,0.625,111,1777989840,1777998489
26MAY05FARLLA,Jaime Faria,0.74,0.75,False,0.425,113,1777988040,1777989907
26MAY05PRIBON,Dino Prizmic,0.96,0.97,True,0.965,74,1777984860,1777984486
26MAY05SVRBUD,Dalibor Svrcina,0.91,0.92,True,0.525,63,1777979160,1777982757
26MAY05KOVFEA,Aleksandar Kovacevic,0.64,0.65,False,0.41000000000000003,112,1777981260,1777983908
26MAY05LANPEL,Andrea Pellegrino,0.73,0.74,True,0.385,82,1777990560,1777993118
26MAY05KYPDRO,Patrick Kypson,0.58,0.6,True,0.3625,119,1777978200,1777982761
26MAY05GARCHO,Cristian Garin,0.91,0.92,True,0.7275,98,1777966680,1777972402
26MAY05DELDEJ,Hugo Dellien,0.61,0.63,False,0.44499999999999995,110,1777981500,1777983910
26MAY05COMRIE,Francisco Comesana,0.81,0.83,True,0.645,62,1777968120,1777973458
26MAY05MERBAR,Daniel Merida,0.82,0.83,True,0.675,90,1777960440,1777972410
26MAY04LLAROC,Henrique Rocha,0.87,0.89,False,0.485,75,1777906740,1777910025
26MAY04RIEGAU,Leandro Riedi,0.87,0.89,True,0.4,108,1777891500,1777892592
26MAY04GARECH,Cristian Garin,0.96,0.97,True,0.855,64,1777882740,1777884236
26MAY04VASBAR,Marcelo Tomas Barrios Vera,0.81,0.82,True,0.7424999999999999,87,1777884540,1777884453
26MAY04LANOCO,Martin Landaluce,0.89,0.9,True,0.6875,80,1777902120,1777903480
26MAY04VALFAR,Jaime Faria,0.56,0.57,True,0.275,69,1777907640,1777910031
26MAY04KYPPIN,Jack Pinnington Jones,0.58,0.59,False,0.30000000000000004,90,1777895940,1777897410
26MAY04CARDAM,Pablo Carreno Busta,0.87,0.9,True,0.685,94,1777888260,1777890506
26MAY04MOLBAS,Elmer Moller,0.8,0.82,False,0.605,62,1777908240,1777911238
26MAY04VANDEL,Hugo Dellien,0.73,0.74,True,0.43,112,1777889520,1777891628
26MAY04LAJCHO,Jan Choinski,0.57,0.58,True,0.33499999999999996,101,1777890660,1777893439
26MAY04BONNAV,Emilio Nava,0.88,0.89,False,0.8200000000000001,84,1777901100,1777903476
26MAY04MERMCD,Daniel Merida,0.95,0.98,True,0.815,111,1777874520,1777885449
26MAY04KOVCAR,Aleksandar Kovacevic,0.92,0.94,True,0.655,117,1777896240,1777905843
26MAY04TRAWAW,Stefano Travaglia,0.76,0.78,False,0.54,77,1777889040,1777891363
26MAY04MARDRO,Juan Cruz Martin Manzano,0.42,0.43,False,0.125,91,1777894200,1777897409
26MAY04BUDVIR,Otto Virtanen,0.63,0.65,False,0.525,107,1777900500,1777900453
26MAY04MOCFEA,Jacob Fearnley,0.82,0.83,True,0.49,69,1777902480,1777903731
26MAY04HIJBAS,Pierluigi Basile,0.54,0.55,False,0.1925,79,1777912380,1777914821
26MAY04PELGAS,Andrea Pellegrino,0.85,0.86,True,0.48,68,1777893780,1777898032
26MAY04COMHAR,Francisco Comesana,0.94,0.95,True,0.8274999999999999,83,1777882920,1777887337
26MAY04PRIROD,Dino Prizmic,0.95,0.96,True,0.85,119,1777902780,1777904941
26MAY04BONSVR,Dalibor Svrcina,0.82,0.83,True,0.395,102,1777905720,1777907358
26MAY04MARDEJ,Jesper De Jong,0.74,0.76,True,0.64,82,1777882980,1777887818
26MAY03SINZVE,Jannik Sinner,0.94,0.95,True,0.835,115,1777821000,1777822985
26MAY01BLOZVE,Alexander Zverev,0.95,0.96,True,0.785,92,1777658580,1777661728
26MAY01SINFIL,Jannik Sinner,0.95,0.96,True,0.845,114,1777644420,1777647126
26APR30RUUBLO,Alexander Blockx,0.67,0.7,True,0.28,65,1777547700,1777551055
26APR30COBZVE,Alexander Zverev,0.91,0.92,True,0.675,92,1777573020,1777574728
26APR29SINJOD,Jannik Sinner,0.93,0.94,True,0.845,82,1777469880,1777474898
26APR29FILLEH,Arthur Fils,0.79,0.8,True,0.615,63,1777492260,1777495257
26APR28MENZVE,Alexander Zverev,0.81,0.82,True,0.665,104,1777410420,1777412716
26APR28MEDCOB,Flavio Cobolli,0.69,0.7,True,0.4925,60,1777403160,1777407060
26APR28CERBLO,Alexander Blockx,0.6,0.61,True,0.315,118,1777391100,1777399862
26APR28TSIRUU,Stefanos Tsitsipas,0.68,0.69,False,0.295,94,1777379400,1777383086
26APR28KOPJOD,Rafael Jodar,0.9,0.91,True,0.825,92,1777385760,1777388488
26APR28ETCFIL,Arthur Fils,0.86,0.87,True,0.74,76,1777357680,1777369544
26APR28SINNOR,Jannik Sinner,0.97,0.98,True,0.955,112,1777355940,1777369868
26APR28LEHMUS,Jiri Lehecka,0.75,0.76,True,0.395,107,1777374240,1777376473
26APR27BLOAUG,Alexander Blockx,0.62,0.63,True,0.275,60,1777306620,1777310760
26APR27MEDBUD,Daniil Medvedev,0.81,0.83,True,0.755,91,1777297380,1777299689
26APR27TSIMER,Stefanos Tsitsipas,0.92,0.94,True,0.675,98,1777287720,1777294282
26APR27ATMZVE,Alexander Zverev,0.95,0.96,True,0.855,75,1777312380,1777315545
26APR27VALCOB,Flavio Cobolli,0.95,0.96,True,0.68,77,1777312440,1777316503
26APR26CERDAR,Francisco Cerundolo,0.91,0.92,True,0.675,81,1777295520,1777297899
26APR26DAVRUU,Casper Ruud,0.95,0.96,True,0.71,61,1777270860,1777284359
26APR26KHAMEN,Jakub Mensik,0.84,0.85,True,0.625,79,1777312800,1777320101
26APR26FILNAV,Arthur Fils,0.93,0.94,True,0.82,96,1777216140,1777218144
26APR26PRIETC,Dino Prizmic,0.7,0.71,False,0.47,111,1777205580,1777208169
26APR26GRIMUS,Lorenzo Musetti,0.91,0.93,True,0.815,97,1777204560,1777206983
26APR26FONJOD,Rafael Jodar,0.59,0.6,True,0.545,97,1777228560,1777240283
26APR26KOPRIN,Vit Kopriva,0.64,0.65,True,0.425,82,1777221780,1777226498
26APR26LEHMIC,Jiri Lehecka,0.87,0.88,True,0.725,82,1777187040,1777197758
26APR26NORTIR,Cameron Norrie,0.78,0.79,True,0.525,69,1777222740,1777224711
26APR26SINMOL,Jannik Sinner,0.98,1.0,True,0.975,72,1777210560,1777215108
26APR25BUDSHA,Nicolai Budkov Kjaer,0.77,0.79,True,0.45,69,1777138920,1777140711
26APR25CERDAR,Luciano Darderi,0.93,0.94,True,0.615,64,1777115880,1777117916
26APR25MERMOU,Daniel Merida,0.69,0.72,True,0.375,99,1777137720,1777140381
26APR25KHAWAL,Karen Khachanov,0.92,0.93,True,0.795,61,1777102020,1777111379
26APR25UGOCOB,Camilo Ugo Carabelli,0.6,0.61,False,0.315,62,1777128840,1777132318
26APR24OFNETC,Tomas Martin Etcheverry,0.95,0.96,True,0.635,84,1777042860,1777045356
26APR24MOLDIA,Elmer Moller,0.72,0.77,True,0.425,117,1777028220,1777031823
26APR24STRMIC,Alex Michelsen,0.82,0.84,True,0.435,65,1777021380,1777023775
26APR24SINBON,Benjamin Bonzi,0.18,0.19,False,0.015,102,1777040760,1777044138
26APR24LAJRIN,Arthur Rinderknech,0.85,0.87,True,0.605,119,1777025940,1777028641
26APR24GRIDZU,Tallon Griekspoor,0.79,0.82,True,0.635,108,1777021980,1777024092
26APR24RUBKOP,Vit Kopriva,0.6,0.61,True,0.255,72,1777047720,1777049568
26APR24JODDE,Rafael Jodar,0.72,0.75,True,0.46499999999999997,75,1777052580,1777056705
26APR24NAVVAC,Valentin Vacherot,0.86,0.88,False,0.75,117,1777018380,1777026183
26APR24SHEPRI,Dino Prizmic,0.69,0.7,True,0.3925,109,1777031880,1777032791
26APR24HURMUS,Lorenzo Musetti,0.79,0.81,True,0.625,65,1777013760,1777025035
26APR24NORMAC,Cameron Norrie,0.71,0.72,True,0.44,68,1777045920,1777051372
26APR24LEHTAB,Alejandro Tabilo,0.71,0.72,False,0.42,112,1777033860,1777036028
26APR24TIRPAU,Thiago Agustin Tirante,0.62,0.63,True,0.335,87,1777059300,1777060293
26APR24FILBUS,Ignacio Buse,0.41,0.42,False,0.155,103,1777036740,1777039937
26APR24BUBTSI,Stefanos Tsitsipas,0.83,0.84,True,0.355,106,1777146420,1777149134
26APR24GAUAUG,Felix Auger-Aliassime,0.93,0.94,True,0.78,114,1777113360,1777125786
26APR24TIEVAL,Adolfo Daniel Vallejo,0.81,0.82,True,0.565,101,1777130760,1777133179
26APR24DAMMEN,Jakub Mensik,0.89,0.9,True,0.745,93,1777115760,1777117947
26APR24NAVZVE,Alexander Zverev,0.91,0.92,True,0.795,102,1777126500,1777128138
26APR24MEDMAR,Daniil Medvedev,0.85,0.86,True,0.595,109,1777136820,1777138931
26APR24MUNRUU,Casper Ruud,0.92,0.93,True,0.705,96,1777115820,1777117944
26APR24DAVCAR,Alejandro Davidovich Fokina,0.95,0.96,True,0.64,63,1777096980,1777110777
26APR24NAKBLO,Brandon Nakashima,0.65,0.66,False,0.41000000000000003,99,1777120560,1777122741
26APR24CERHAN,Francisco Cerundolo,0.9,0.91,True,0.715,61,1777102860,1777110779
26APR24HUMATM,Terence Atmane,0.81,0.82,True,0.585,101,1777121280,1777126039
26APR23GARBLO,Cristian Garin,0.75,0.76,False,0.335,116,1776934860,1776937564
26APR22BONDRO,Titouan Droguet,0.73,0.74,False,0.575,118,1776872520,1776875582
26APR22POPDAM,Martin Damm Jr,0.62,0.63,True,0.36,78,1776945360,1776949362
26APR22KYPTSI,Patrick Kypson,0.57,0.6,False,0.275,109,1776950460,1776952331
26APR22FARHUR,Hubert Hurkacz,0.9,0.91,True,0.725,77,1776871560,1776873883
26APR22TRUMER,Daniel Merida,0.63,0.65,True,0.595,88,1776960840,1776963752
26APR22VALDIM,Adolfo Daniel Vallejo,0.84,0.88,True,0.51,115,1776948240,1776951125
26APR22MOLCIN,Elmer Moller,0.87,0.89,True,0.615,65,1776868380,1776871735
26APR22BASOFN,Sebastian Ofner,0.82,0.83,True,0.635,73,1776865500,1776868427
26APR22GAUBAE,Vilius Gaubas,0.54,0.65,True,0.33,93,1776952440,1776954387
26APR22PRIBER,Dino Prizmic,0.68,0.69,True,0.415,64,1776858840,1776860816
26APR22SONLAJ,Dusan Lajovic,0.78,0.79,True,0.555,106,1776861900,1776864134
26APR22ATMKEC,Terence Atmane,0.75,0.76,True,0.46499999999999997,91,1776923640,1776937589
26APR22BAUTIR,Thiago Agustin Tirante,0.88,0.9,True,0.665,91,1776865140,1776867809
26APR22BUSMAN,Ignacio Buse,0.93,0.95,True,0.85,87,1776853980,1776857073
26APR22BERCIL,Zizou Bergs,0.69,0.7,False,0.51,88,1776849300,1776852272
26APR22BORNAV,Mariano Navone,0.87,0.9,True,0.65,71,1776944580,1776947569
26APR22ALTCER,Juan Manuel Cerundolo,0.78,0.81,True,0.575,105,1776957540,1776959535
26APR22BRONAV,Emilio Nava,0.87,0.89,True,0.645,66,1776842580,1776851574
26APR22DZUBEL,Damir Dzumhur,0.75,0.77,True,0.455,86,1776856560,1776858454
26APR22LANWAL,Adam Walton,0.52,0.53,True,0.195,91,1776963180,1776965789
26APR22HANGIR,Yannick Hanfmann,0.89,0.9,True,0.7,77,1776923940,1776937903
26APR22JODDEJ,Jesper De Jong,0.53,0.55,False,0.27749999999999997,101,1776881520,1776882379
26APR22MULSTR,Jan-Lennard Struff,0.75,0.76,True,0.20500000000000002,110,1776860940,1776863230
26APR22MACCOM,Francisco Comesana,0.56,0.57,False,0.3,76,1776876900,1776878804
26APR22MARQUI,Fabian Marozsan,0.81,0.83,True,0.55,80,1776941280,1776944500
26APR22UGOMON,Camilo Ugo Carabelli,0.87,0.89,True,0.6375,86,1776957900,1776960154
26APR22ZHAKOP,Vit Kopriva,0.83,0.84,True,0.45,73,1776846480,1776851207
26APR22MUNSHE,Jaume Munar,0.86,0.87,True,0.675,65,1776944700,1776944755
26APR22CARFUC,Marton Fucsovics,0.61,0.63,False,0.495,106,1776934860,1776938534
26APR22TABROY,Alejandro Tabilo,0.93,0.95,True,0.735,73,1776883020,1776885107
26APR21PRIPIR,Dino Prizmic,0.86,0.9,True,0.635,80,1776787140,1776792160
26APR21ECHBUD,Nicolai Budkov Kjaer,0.91,0.92,True,0.765,88,1776780780,1776784652
26APR21KYPBAS,Patrick Kypson,0.77,0.78,False,0.505,88,1776781620,1776784652
26APR21RODLAJ,Dusan Lajovic,0.85,0.86,True,0.565,61,1776777960,1776779879
26APR21VALROC,Adolfo Daniel Vallejo,0.96,0.97,True,0.685,111,1776782700,1776784449
26APR21DEDBON,Benjamin Bonzi,0.93,0.94,True,0.7,106,1776778800,1776779594
26APR21FARHAR,Lloyd Harris,0.34,0.42,False,0.595,60,1776777240,1776778680
26APR21TRUMER,Daniel Merida,0.69,0.7,True,0.56,117,1776768240,1776774843
26APR21LLAMOL,Elmer Moller,0.48,0.49,True,0.275,62,1776753360,1776766678
26APR21YIBDRO,Titouan Droguet,0.8,0.83,True,0.765,76,1776772980,1776773264
26APR21GARDAM,Cristian Garin,0.88,0.89,False,0.705,108,1776761460,1776764292
26APR21SAKGAU,Vilius Gaubas,0.66,0.68,True,0.46499999999999997,77,1776763320,1776767623
26APR20BUDMAE,Nicolai Budkov Kjaer,0.8,0.81,True,0.625,60,1776707280,1776709560
26APR20HARMER,Daniel Merida,0.94,0.95,True,0.79,60,1776686640,1776688920
26APR20MOLGAS,Elmer Moller,0.76,0.79,True,0.345,91,1776679260,1776681209
26APR20PRIOCO,Dino Prizmic,0.89,0.9,True,0.805,87,1776699120,1776705693
26APR20SVASAK,Rei Sakamoto,0.82,0.83,True,0.605,109,1776670860,1776675971
26APR20YIBDHA,Yibing Wu,0.95,0.96,True,0.855,64,1776679140,1776680516
26APR20VALMAR,Adolfo Daniel Vallejo,0.92,0.93,True,0.635,80,1776693600,1776695800
26APR20LAJARN,Dusan Lajovic,0.86,0.87,True,0.4475,90,1776699180,1776700950
26APR20TRUGOJ,Marco Trungelliti,0.82,0.87,True,0.4725,103,1776684600,1776687737
26APR20HALFAR,Quentin Halys,0.77,0.79,False,0.54,80,1776684540,1776689200
26APR20PELDAM,Martin Damm Jr,0.86,0.88,True,0.495,69,1776672360,1776674271
26APR20TRABAS,Nikoloz Basilashvili,0.74,0.76,True,0.5275000000000001,63,1776704700,1776707157
26APR20GEAGAU,Vilius Gaubas,0.8,0.85,True,0.575,78,1776666000,1776675162
26APR20VUKLLA,Pablo Llamas Ruiz,0.91,0.93,True,0.795,93,1776680700,1776683187
26APR20KOVECH,Aleksandar Kovacevic,0.74,0.75,False,0.625,116,1776693600,1776697324
26APR20PIRBAR,Zsombor Piros,0.84,0.85,True,0.675,85,1776709500,1776710495
26APR20HIJROD,Chris Rodesch,0.73,0.74,True,0.45999999999999996,105,1776696360,1776698775
26APR20ROCCHO,Henrique Rocha,0.7,0.75,True,0.6975,67,1776695700,1776699713
26APR20KYPKOU,Patrick Kypson,0.86,0.87,True,0.55,79,1776707580,1776709901
26APR20VANDED,Diego Dedura-Palomero,0.74,0.75,True,0.25,103,1776690000,1776691997
26APR20BLABON,Benjamin Bonzi,0.8,0.83,True,0.6,114,1776691080,1776692526
26APR20VIRDRO,Otto Virtanen,0.7,0.71,False,0.415,116,1776678660,1776679924
26APR20HARMCD,Lloyd Harris,0.88,0.89,True,0.625,112,1776684420,1776687128
26APR19RUBFIL,Arthur Fils,0.87,0.88,True,0.705,109,1776607560,1776609911
26APR19COBSHE,Ben Shelton,0.76,0.77,True,0.485,109,1776598680,1776601511
26APR18JODFIL,Rafael Jodar,0.67,0.69,False,0.405,96,1776522180,1776524484
26APR18MOLSHE,Ben Shelton,0.8,0.84,True,0.725,94,1776517500,1776522086
26APR18ZVECOB,Flavio Cobolli,0.61,0.66,True,0.175,117,1776513180,1776514863
26APR18RUBMED,Hamad Medjedovic,0.62,0.63,False,0.37,74,1776513060,1776516046
26APR17FILMUS,Arthur Fils,0.73,0.75,True,0.51,60,1776428760,1776437460
26APR17SHAMOL,Alex Molcan,0.89,0.91,True,0.445,110,1776439920,1776443110
26APR17ZVECER,Francisco Cerundolo,0.48,0.5,False,0.29000000000000004,98,1776419700,1776427282
26APR17MACRUB,Andrey Rublev,0.74,0.76,True,0.56,100,1776423600,1776427280
26APR17NORJOD,Rafael Jodar,0.86,0.87,True,0.725,73,1776440160,1776443507
26APR16COBKOP,Flavio Cobolli,0.87,0.9,True,0.695,113,1776416520,1776419767
26APR16FONSHE,Ben Shelton,0.73,0.74,True,0.345,119,1776430800,1776435661
26APR16MEDBOR,Hamad Medjedovic,0.81,0.83,True,0.66,75,1776417360,1776420945
26APR16SHAMAR,Denis Shapovalov,0.84,0.85,True,0.475,115,1776349140,1776352865
26APR15FILNAK,Arthur Fils,0.91,0.93,True,0.765,84,1776361500,1776363336
26APR15SONRUB,Andrey Rublev,0.93,0.94,True,0.775,96,1776339900,1776342684
26APR15COBBER,Flavio Cobolli,0.87,0.88,True,0.575,82,1776261300,1776262898
26APR15ALTMOL,Alex Molcan,0.7,0.72,True,0.455,101,1776334800,1776338479
26APR15JODUGO,Rafael Jodar,0.9,0.92,True,0.805,79,1776262740,1776264701
26APR15KOPDAR,Luciano Darderi,0.93,0.95,False,0.73,62,1776266280,1776268558
26APR15ZVEDIA,Alexander Zverev,0.99,1.0,True,0.91,79,1776343260,1776345701
26APR15MOUMUS,Lorenzo Musetti,0.95,0.96,True,0.785,83,1776348720,1776351697
26APR15DEMED,Hamad Medjedovic,0.49,0.53,True,0.28500000000000003,117,1776253440,1776254763
26APR15RINFON,Joao Fonseca,0.96,0.98,True,0.7375,104,1776242400,1776247336
26APR15BLOSHE,Ben Shelton,0.82,0.83,True,0.585,91,1776252780,1776255689
26APR15NORQUI,Cameron Norrie,0.74,0.75,True,0.63,82,1776265860,1776271898
26APR15BORETC,Nuno Borges,0.62,0.63,True,0.2475,107,1776244440,1776247573
26APR15VANCER,Francisco Cerundolo,0.9,0.92,True,0.745,94,1776330840,1776333146
26APR13NAGCER,Francisco Cerundolo,0.97,0.99,True,0.935,99,1776078660,1776081141
26APR14BERTOP,Zizou Bergs,0.89,0.91,True,0.805,99,1776172560,1776177381
26APR14COBDED,Flavio Cobolli,0.9,0.93,True,0.795,119,1776166320,1776168721
26APR14MOLBUB,Alex Molcan,0.53,0.54,True,0.245,116,1776174540,1776176524
26APR13DEOFN,Alex de Minaur,0.89,0.91,True,0.83,67,1776159120,1776161513
26APR13ALCVIR,Carlos Alcaraz,0.96,0.97,True,0.975,118,1776176460,1776179282
26APR13NAKCER,Brandon Nakashima,0.86,0.87,True,0.4375,96,1776183540,1776184344
26APR13MARSON,Lorenzo Sonego,0.67,0.72,True,0.365,77,1776157920,1776160603
26APR13OPEQUI,Ethan Quinn,0.8,0.83,True,0.64,94,1776082020,1776085406
26APR13TRUMED,Hamad Medjedovic,0.86,0.87,True,0.705,105,1776090480,1776093375
26APR13VANHUE,Botic Van de Zandschulp,0.88,0.9,True,0.785,78,1776072180,1776075462
26APR13DIASAC,Gabriel Diallo,0.97,0.98,True,0.6,68,1776079620,1776081772
26APR13NAVSHE,Ben Shelton,0.93,0.94,True,0.765,63,1776084720,1776088017
26APR13FILATM,Terence Atmane,0.56,0.57,False,0.16749999999999998,86,1776189120,1776191014
26APR12MEDHAL,Hamad Medjedovic,0.88,0.9,True,0.695,111,1775994000,1775997729
26APR12OFNKYP,Sebastian Ofner,0.94,0.95,True,0.6725000000000001,95,1775994720,1775997445
26APR12NAVMOL,Alex Molcan,0.77,0.82,True,0.4175,109,1775989320,1775991191
26APR12TRUMAR,Marco Trungelliti,0.79,0.83,False,0.5,109,1775994420,1775998631
26APR12DEDNAG,Sumit Nagal,0.61,0.64,False,0.4025,116,1775993940,1775997184
26APR12ALCSIN,Jannik Sinner,0.79,0.8,True,0.525,81,1775999640,1776004599
26APR12SACREH,Vitaliy Sachko,0.84,0.85,True,0.7475,74,1775986860,1775987806
26APR12CERDEJ,Juan Manuel Cerundolo,0.78,0.8,True,0.595,118,1775986800,1775992382
26APR12VIRMUL,Otto Virtanen,0.85,0.86,True,0.295,99,1775989680,1775991801
26APR12HUETOP,Marc-Andrea Huesler,0.89,0.91,True,0.425,61,1775985000,1775986619
26APR12ETCDRA,Jack Draper,0.67,0.68,False,0.56,87,1776079020,1776081813
26APR12BUSMOU,Corentin Moutet,0.75,0.78,True,0.64,117,1776072000,1776075243
26APR12NORWAW,Cameron Norrie,0.89,0.9,True,0.765,62,1776088740,1776092638
26APR12LANMUS,Lorenzo Musetti,0.88,0.89,True,0.8049999999999999,86,1776165780,1776168394
26APR12UGOKHA,Camilo Ugo Carabelli,0.7,0.73,True,0.405,65,1776169020,1776171115
26APR12MACBAE,Sebastian Baez,0.8,0.81,False,0.41000000000000003,109,1776173820,1776175991
26APR12BORMAN,Nuno Borges,0.97,0.98,True,0.935,109,1776099120,1776099131
26APR12MUNJOD,Rafael Jodar,0.96,0.98,True,0.675,109,1776091440,1776102131
26APR12NAVRUB,Andrey Rublev,0.8,0.81,True,0.565,74,1776179760,1776185566
26APR12QUIMER,Ethan Quinn,0.62,0.64,True,0.4425,68,1775990880,1775991772
26APR12ZVEKEC,Alexander Zverev,0.98,0.99,True,0.865,96,1776164760,1776166944
26APR12RINMIC,Arthur Rinderknech,0.86,0.89,True,0.585,77,1776071760,1776075223
26APR12TABFON,Joao Fonseca,0.84,0.85,True,0.695,60,1776151980,1776160980
26APR12GRISHA,Denis Shapovalov,0.69,0.78,True,0.505,90,1776148980,1776160350
26APR12ZHADAR,Luciano Darderi,0.92,0.94,True,0.745,62,1776154980,1776160978
26APR12BLOHAN,Alexander Blockx,0.89,0.93,True,0.535,106,1776095100,1776097334
26APR11GIUNAG,Lorenzo Giustino,0.7,0.72,False,0.555,93,1775914380,1775915007
26APR12ENGKOP,Vit Kopriva,0.85,0.89,True,0.74,87,1776165360,1776168393
26APR12CILALT,Daniel Altmaier,0.83,0.84,True,0.4325,75,1776173220,1776174705
26APR12MARTSI,Stefanos Tsitsipas,0.84,0.85,False,0.5925,106,1776180120,1776182174
26APR11MARCAR,Pedro Martinez,0.46,0.47,True,0.345,112,1775915280,1775918288
26APR11QUIBAS,Nikoloz Basilashvili,0.71,0.72,False,0.3775,105,1775897460,1775899035
26APR11TRUBUD,Marco Trungelliti,0.84,0.86,True,0.5974999999999999,93,1775905860,1775908647
26APR11MAEMER,Daniel Merida,0.91,0.92,True,0.715,101,1775892720,1775899999
26APR11CERZEP,Juan Manuel Cerundolo,0.95,0.97,True,0.805,109,1775909400,1775911091
26APR11DEJBON,Jesper De Jong,0.83,0.84,True,0.67,67,1775906760,1775909573
26APR11VUKVIR,Otto Virtanen,0.87,0.88,True,0.675,105,1775896860,1775899035
26APR11ARNHAL,Quentin Halys,0.76,0.78,True,0.45,60,1775921880,1775923440
26APR11OFNSAN,Sebastian Ofner,0.97,0.99,True,0.7575000000000001,83,1775913900,1775915017
26APR11ALCMUL,Alexandre Muller,0.91,0.92,True,0.775,65,1775903940,1775906575
26APR11GEAKYP,Patrick Kypson,0.93,0.94,True,0.4175,68,1775918940,1775920432
26APR11MEDGAU,Hamad Medjedovic,0.76,0.77,True,0.745,99,1775914560,1775918601
26APR11ALCVAC,Carlos Alcaraz,0.96,0.97,True,0.925,90,1775914860,1775917410
26APR11DZUSAC,Vitaliy Sachko,0.65,0.66,True,0.3525,116,1775899620,1775902324
26APR11CARMOL,Roberto Carballes Baena,0.7,0.71,False,0.4275,87,1775914560,1775916813
26APR11REHFER,Max Hans Rehberg,0.68,0.71,True,0.5075000000000001,97,1775908260,1775909003
26APR11NAVGOF,Emilio Nava,0.82,0.85,True,0.685,113,1775915700,1775918287
26APR11CHOHUE,Marc-Andrea Huesler,0.64,0.72,True,0.42,101,1775898720,1775901199
26APR11TOPBLA,Marko ToPo,0.72,0.75,True,0.46499999999999997,66,1775890140,1775902914
26APR11SHEDED,Diego Dedura-Palomero,0.81,0.82,True,0.3075,69,1775909220,1775912031
26APR11ZVESIN,Jannik Sinner,0.96,0.97,True,0.845,97,1775906700,1775910203
26APR10VACDE,Valentin Vacherot,0.72,0.73,True,0.345,71,1775835600,1775838109
26APR10ALCBUB,Carlos Alcaraz,0.95,0.96,True,0.9175,76,1775826420,1775832644
26APR10AUGSIN,Jannik Sinner,0.95,0.97,True,0.905,68,1775815620,1775826052
26APR10FONZVE,Alexander Zverev,0.93,0.94,True,0.63,82,1775803620,1775815838
26APR09VACHUR,Hubert Hurkacz,0.62,0.63,False,0.405,101,1775752200,1775756419
26APR09BLODE,Alex de Minaur,0.83,0.84,True,0.765,112,1775744220,1775748308
26APR09ALCETC,Carlos Alcaraz,0.99,1.0,True,0.955,64,1775741940,1775743856
26APR09AUGRUU,Felix Auger-Aliassime,0.72,0.75,True,0.3825,117,1775731620,1775736063
26APR09MACSIN,Jannik Sinner,0.99,1.0,True,0.965,68,1775730780,1775735452
26APR09BERZVE,Alexander Zverev,0.94,0.95,True,0.835,103,1775715780,1775728937
26APR09BERFON,Joao Fonseca,0.8,0.83,True,0.595,79,1775725920,1775728241
26APR09LEHBUB,Alexander Bublik,0.73,0.74,True,0.455,72,1775739060,1775741448
26APR08MOURUU,Casper Ruud,0.86,0.87,True,0.725,112,1775655840,1775659268
26APR08ETCATM,Terence Atmane,0.5,0.53,False,0.3525,70,1775658900,1775660150
26APR08MARHUR,Hubert Hurkacz,0.81,0.82,True,0.48,104,1775666940,1775668276
26APR08AUGCIL,Felix Auger-Aliassime,0.91,0.92,True,0.685,119,1775655480,1775660521
26APR07DZUMAR,Fabian Marozsan,0.91,0.95,True,0.705,105,1775561280,1775563335
26APR08MEDBER,Matteo Berrettini,0.78,0.8,True,0.3225,117,1775640600,1775641263
26APR08FONRIN,Joao Fonseca,0.84,0.86,True,0.775,99,1775645400,1775648721
26APR08CERMAC,Tomas Machac,0.38,0.47,True,0.18,119,1775651880,1775653861
26APR07COBBLO,Alexander Blockx,0.63,0.64,True,0.365,93,1775663100,1775665527
26APR07MUSVAC,Valentin Vacherot,0.58,0.6,True,0.3275,93,1775664540,1775668287
26APR07GARZVE,Cristian Garin,0.48,0.49,False,0.12,90,1775644080,1775647290
26APR07LEHTAB,Alejandro Tabilo,0.65,0.68,False,0.445,81,1775640900,1775642499
26APR07ALCBAE,Carlos Alcaraz,0.99,1.0,True,0.955,113,1775561400,1775564167
26APR07RUBBER,Zizou Bergs,0.79,0.8,True,0.2425,82,1775640900,1775642498
26APR07HUMSIN,Jannik Sinner,0.98,1.0,True,0.975,115,1775559900,1775560085
26APR07MONBUB,Alexander Bublik,0.83,0.85,True,0.655,73,1775563980,1775569907
26APR07ATMQUI,Terence Atmane,0.7,0.73,True,0.4925,92,1775563200,1775563948
26APR06LEHNAV,Jiri Lehecka,0.89,0.9,True,0.795,115,1775473920,1775477585
26APR06COBCOM,Flavio Cobolli,0.79,0.83,True,0.62,65,1775492040,1775496115
26APR06MOUMUL,Corentin Moutet,0.8,0.81,True,0.7224999999999999,93,1775570640,1775570547
26APR06CILSHE,Marin Cilic,0.78,0.81,True,0.525,106,1775559360,1775560934
26APR06VACCER,Juan Manuel Cerundolo,0.48,0.49,False,0.2,66,1775490960,1775493714
26APR06SHABLO,Alexander Blockx,0.82,0.83,True,0.525,94,1775485740,1775487746
26APR06GARARN,Cristian Garin,0.81,0.82,True,0.585,72,1775477520,1775481708
26APR06NORDE,Alex de Minaur,0.75,0.76,True,0.64,87,1775576040,1775577093
26APR05BURPAU,Tommy Paul,0.89,0.9,True,0.685,113,1775417940,1775420527
26APR05DZUBLO,Alexander Blockx,0.82,0.85,True,0.31000000000000005,70,1775389980,1775391710
26APR05ARNMUL,Alexandre Muller,0.85,0.86,True,0.5275000000000001,84,1775383020,1775393196
26APR05NAVMER,Mariano Navone,0.9,0.91,True,0.725,71,1775387400,1775389309
26APR05TRUJOD,Rafael Jodar,0.95,0.96,True,0.735,93,1775398260,1775400987
26APR05QUICOM,Francisco Comesana,0.73,0.74,True,0.5425,71,1775386320,1775389909
26APR05SHEBAU,Alexander Shevchenko,0.77,0.81,True,0.585,64,1775389080,1775392916
26APR05GOFNAV,Emilio Nava,0.85,0.86,True,0.625,96,1775368020,1775382144
26APR05BASGAR,Cristian Garin,0.77,0.82,True,0.5700000000000001,70,1775380680,1775383610
26APR05CERMAR,Juan Manuel Cerundolo,0.86,0.87,True,0.575,63,1775378880,1775382777
26APR05ALTMAC,Tomas Machac,0.77,0.79,True,0.745,111,1775485080,1775485929
26APR05POPRUU,Casper Ruud,0.87,0.88,True,0.755,69,1775566320,1775569311
26APR05FONDIA,Joao Fonseca,0.9,0.91,True,0.7775000000000001,68,1775478660,1775488372
26APR05MONGRI,Tallon Griekspoor,0.65,0.67,False,0.655,81,1775400660,1775404599
26APR05ETCDIM,Tomas Martin Etcheverry,0.81,0.82,True,0.62,67,1775548200,1775555513
26APR05FUCTAB,Alejandro Tabilo,0.79,0.82,True,0.655,97,1775401560,1775404343
26APR05RUBBOR,Andrey Rublev,0.87,0.88,True,0.805,113,1775467080,1775469727
26APR05CERTSI,Francisco Cerundolo,0.83,0.84,True,0.55,67,1775482140,1775485373
26APR05NORKEC,Cameron Norrie,0.73,0.76,True,0.59,100,1775380980,1775391980
26APR05HURDAR,Hubert Hurkacz,0.6,0.61,True,0.29000000000000004,97,1775553540,1775556143
26APR05BAEWAW,Sebastian Baez,0.87,0.9,True,0.7,72,1775474280,1775476968
26APR05BERMAN,Zizou Bergs,0.91,0.92,True,0.795,94,1775472720,1775475746
26APR05KOUHUM,Ugo Humbert,0.9,0.91,True,0.775,67,1775408940,1775413073
26APR05RINKHA,Arthur Rinderknech,0.64,0.65,True,0.32,75,1775456760,1775470005
26APR04PAUTIA,Tommy Paul,0.85,0.87,True,0.705,75,1775324700,1775327625
26APR04TIRBUR,Roman Andres Burruchaga,0.84,0.85,True,0.505,111,1775316180,1775320989
26APR04MARMER,Fabian Marozsan,0.92,0.94,False,0.71,98,1775311920,1775315602
26APR04BUSGOF,Ignacio Buse,0.89,0.9,False,0.795,61,1775300820,1775303639
26APR04KOPARN,Vit Kopriva,0.92,0.93,False,0.6775,80,1775309880,1775311420
26APR04STRBAS,Nikoloz Basilashvili,0.75,0.77,True,0.405,87,1775296380,1775303613
26APR04MAEBLO,Alexander Blockx,0.86,0.88,True,0.635,98,1775307960,1775310802
26APR04GARDEJ,Cristian Garin,0.75,0.76,True,0.435,104,1775300340,1775304256
26APR04QUIVIR,Otto Virtanen,0.72,0.74,False,0.345,85,1775306700,1775308655
26APR04BONBAU,Roberto Bautista Agut,0.64,0.75,True,0.48,61,1775299980,1775303639
26APR04MARVUK,Pedro Martinez,0.82,0.84,True,0.7224999999999999,75,1775294280,1775297085
26APR04ARNCOM,Francisco Comesana,0.98,0.99,True,0.945,61,1775301360,1775303639
26APR04NAVHAL,Emilio Nava,0.88,0.89,True,0.5475000000000001,116,1775293920,1775297284
26APR04DZUBUD,Damir Dzumhur,0.91,0.92,True,0.585,94,1775317800,1775321846
26APR04CHOMUL,Alexandre Muller,0.84,0.85,True,0.5375000000000001,109,1775312640,1775315831
26APR04JODUGO,Rafael Jodar,0.9,0.91,True,0.67,102,1775313660,1775315598
26APR04NAVVAN,Botic Van de Zandschulp,0.72,0.73,False,0.63,88,1775299980,1775301212
26APR03ALTMAR,Fabian Marozsan,0.83,0.85,True,0.665,81,1775236800,1775239359
26APR04DARTRU,Marco Trungelliti,0.39,0.46,True,0.175,91,1775305140,1775307809
26APR03DROMER,Titouan Droguet,0.79,0.82,False,0.595,104,1775232840,1775234476
26APR03POPTIA,Alexei Popyrin,0.62,0.63,False,0.395,71,1775260080,1775263609
26APR03TIEBUR,Roman Andres Burruchaga,0.85,0.86,True,0.2525,84,1775237520,1775239356
26APR03UGOVAN,Luca Van Assche,0.78,0.79,False,0.4,85,1775226240,1775228495
26APR03SHETIR,Ben Shelton,0.82,0.83,False,0.675,88,1775242440,1775247152
26APR03ETCPAU,Tommy Paul,0.82,0.83,True,0.655,95,1775252340,1775256745
26APR03DZUVAN,Botic Van de Zandschulp,0.83,0.84,True,0.825,97,1775218800,1775219483
26APR03MOLNAV,Alex Molcan,0.57,0.58,False,0.29000000000000004,68,1775222700,1775224912
26APR03MULJOD,Rafael Jodar,0.99,1.0,True,0.645,112,1775221440,1775223668
26APR02BURNAK,Roman Andres Burruchaga,0.64,0.65,True,0.415,69,1775157840,1775160111
26APR02HIJTIA,Frances Tiafoe,0.88,0.89,True,0.775,97,1775165580,1775178143
26APR02TIEBAS,Learner Tien,0.91,0.93,True,0.775,70,1775164860,1775168510
26APR02MICPOP,Alexei Popyrin,0.8,0.81,True,0.375,111,1775185380,1775186769
26APR02MOUTRU,Corentin Moutet,0.84,0.86,False,0.685,77,1775207940,1775214103
26APR02KOPMUL,Alexandre Muller,0.73,0.76,True,0.435,61,1775124900,1775127359
26APR02BUSUGO,Camilo Ugo Carabelli,0.73,0.74,True,0.455,73,1775140440,1775143307
26APR02JODMAC,Rafael Jodar,0.73,0.75,True,0.485,68,1775132160,1775134552
26APR02VANGRI,Luca Van Assche,0.81,0.82,True,0.415,102,1775140260,1775153178
26APR02MERMAN,Adrian Mannarino,0.61,0.62,False,0.225,102,1775200440,1775202678
26APR02ALTPRI,Dino Prizmic,0.82,0.84,False,0.62,71,1775208600,1775214109
26APR02BAEDRO,Titouan Droguet,0.45,0.46,True,0.22749999999999998,105,1775202480,1775202675
26APR02SAKMAR,Fabian Marozsan,0.82,0.83,True,0.7,83,1775200080,1775212297
26APR01ETCBOL,Alex Bolt,0.36,0.38,False,0.095,100,1775070660,1775074580
26APR01VALPAU,Adolfo Daniel Vallejo,0.44,0.48,False,0.22,61,1775092080,1775095919
26APR01DIAMOL,Alex Molcan,0.8,0.81,True,0.4325,83,1775052840,1775055817
26APR01TIRMCD,Thiago Agustin Tirante,0.97,0.99,True,0.715,103,1775079840,1775082737
26APR01SHEZHA,Ben Shelton,0.85,0.86,True,0.725,109,1775083980,1775088731
26APR01BORDZU,Damir Dzumhur,0.57,0.62,True,0.435,100,1775044860,1775047580
26APR01TRUMAJ,Marco Trungelliti,0.7,0.71,True,0.40750000000000003,72,1775041740,1775042508
26APR01DARBEL,Luciano Darderi,0.95,0.96,True,0.81,94,1775050620,1775053586
26MAR31VIRMER,Daniel Merida,0.8,0.82,True,0.675,87,1774972740,1774975593
26MAR31MOLARN,Alex Molcan,0.74,0.76,True,0.4075,74,1774973760,1774974706
26APR01SHEVAN,Botic Van de Zandschulp,0.82,0.84,True,0.625,64,1775036760,1775039516
26APR01MOLNAV,Mariano Navone,0.95,0.96,True,0.895,112,1775040660,1775040728
26APR01BENHAN,Yannick Hanfmann,0.94,0.96,True,0.915,114,1775047380,1775059386
26MAR31BASDRA,Nishesh Basavareddy,0.68,0.69,True,0.4975,62,1774982940,1774985518
26MAR31ETCGOM,Federico Agustin Gomez,0.34,0.35,False,0.175,62,1774984620,1774986718
26MAR31SKAUGO,Timofey Skatov,0.55,0.6,False,0.275,94,1774970040,1774973186
26MAR31ROCTRU,Marco Trungelliti,0.61,0.62,True,0.425,74,1774962900,1774965706
26MAR31JODLAJ,Rafael Jodar,0.83,0.84,True,0.58,79,1774979640,1774982201
26MAR31MOUBAA,Corentin Moutet,0.99,1.0,True,0.97,103,1775047140,1775047937
26MAR30MERSCH,Daniel Merida,0.88,0.89,True,0.64,92,1774948020,1774952188
26MAR30SAKKUZ,Stefanos Sakellaridis,0.87,0.89,True,0.8,76,1774952040,1774955204
26MAR30MOLCLA,Alex Molcan,0.48,0.5,True,0.8525,89,1774954860,1774959091
26MAR30BASROD,Nikoloz Basilashvili,0.56,0.64,True,0.62,74,1774874160,1774876006
26MAR30PINZHA,Zhizhen Zhang,0.95,0.96,True,0.555,100,1774902660,1774904600
26MAR30ROCBUD,Henrique Rocha,0.93,0.94,True,0.545,69,1774869360,1774873011
26MAR30TRUSAK,Marco Trungelliti,0.92,0.93,True,0.63,98,1774872360,1774876942
26MAR30SKAECH,Timofey Skatov,0.87,0.89,True,0.615,60,1774865580,1774868220
26MAR30LAJHAR,Dusan Lajovic,0.82,0.85,True,0.615,114,1774865400,1774867926
26MAR29BOLAND,Alex Bolt,0.68,0.69,True,0.375,73,1774809780,1774811867
26MAR29DRAGAL,Alexis Galarneau,0.5,0.56,False,0.37,103,1774810320,1774810997
26MAR29GOMTAB,Clement Tabur,0.9,0.91,False,0.575,116,1774799040,1774802284
26MAR29PINBLA,Jack Pinnington Jones,0.81,0.82,True,0.615,71,1774799040,1774803469
26MAR29IVABUD,Nicolai Budkov Kjaer,0.96,0.98,True,0.755,73,1774784580,1774787027
26MAR29ROCJOR,Henrique Rocha,0.89,0.92,True,0.8925000000000001,71,1774795980,1774798429
26MAR29TRUBAR,Marco Trungelliti,0.75,0.77,True,0.645,98,1774791300,1774793602
26MAR29LALECH,Moez Echargui,0.9,0.93,True,0.795,107,1774786260,1774787893
26MAR29HERHAR,Lloyd Harris,0.72,0.73,True,0.5075000000000001,116,1774781040,1774782244
26MAR29JAMSAK,Rei Sakamoto,0.98,0.99,True,0.98,84,1774792560,1774796016
26MAR29PELSKA,Andrea Pellegrino,0.83,0.85,False,0.54,69,1774785240,1774787871
26MAR29KUZTRA,Dimitar Kuzmanov,0.57,0.58,True,0.2725,63,1774866060,1774869177
26MAR29HAISCH,Joel Schwaerzler,0.94,0.97,True,0.96,102,1774871100,1774872798
26MAR29MERPUR,Daniel Merida,0.98,1.0,True,0.965,87,1774869120,1774869453
26MAR29TSESAK,Stefanos Sakellaridis,0.61,0.65,True,0.4025,92,1774855440,1774858048
26MAR29GHECLA,Jay Clarke,0.92,0.93,True,0.835,110,1774862580,1774866190
26MAR29HARMOL,Alex Molcan,0.93,0.97,True,0.7525,75,1774861620,1774863225
26MAR29LOFROD,George Loffhagen,0.54,0.55,False,0.255,107,1774854900,1774858993
26MAR29BASMIC,Nikoloz Basilashvili,0.87,0.89,True,0.675,105,1774849980,1774858095
26MAR29MCDBRO,Mackenzie McDonald,0.58,0.59,True,0.27,100,1774912500,1774914800
26MAR29BURWAL,Roman Andres Burruchaga,0.9,0.91,True,0.665,63,1775063340,1775065917
26MAR29DAMNAK,Brandon Nakashima,0.9,0.91,True,0.745,96,1774991700,1774995984
26MAR29DEJHAN,Yannick Hanfmann,0.87,0.88,True,0.655,73,1774885740,1774894967
26MAR29KOPMED,Hamad Medjedovic,0.69,0.75,False,0.595,79,1775038260,1775042201
26MAR29BELBEN,Mattia Bellucci,0.9,0.92,True,0.8425,107,1774957680,1774960333
26MAR29OCONAV,Mariano Navone,0.89,0.92,True,0.9,62,1774948140,1774947778
26MAR29CINMUL,Alexandre Muller,0.92,0.93,True,0.55,89,1774952280,1774953751
26MAR29CERMAJ,Kamil Majchrzak,0.68,0.69,True,0.51,94,1774951980,1774956146
26MAR29MICWON,Alex Michelsen,0.91,0.93,True,0.775,118,1774998360,1775002322
26MAR29POPKYP,Patrick Kypson,0.61,0.62,False,0.605,64,1775008140,1775008316
26MAR29BUSBER,Ignacio Buse,0.63,0.65,True,0.355,108,1774967760,1774971732
26MAR29VANGAS,Luca Van Assche,0.72,0.73,True,0.565,74,1774979160,1774983406
26MAR29BENHAL,Karim Bennani,0.44,0.46,True,0.0775,72,1774882440,1774885068
26MAR29VUKBAA,Taha Baadi,0.36,0.38,True,0.0925,93,1774874640,1774876347
26MAR29SMITIR,Thiago Agustin Tirante,0.95,0.96,True,0.66,83,1774918620,1774920157
26MAR29KOVHIJ,Rinky Hijikata,0.73,0.74,True,0.4,62,1775004600,1775006518
26MAR29VALSVA,Adolfo Daniel Vallejo,0.9,0.94,True,0.61,99,1774897800,1774899741
26MAR29BOIMOL,Elmer Moller,0.83,0.85,True,0.685,117,1774937940,1774947783
26MAR29SHETUR,Alexander Shevchenko,0.98,1.0,True,0.975,93,1774946640,1774946547
26MAR29ALTMAR,Daniel Altmaier,0.85,0.86,True,0.46499999999999997,113,1774981260,1774982587
26MAR29DZUJIA,Damir Dzumhur,0.88,0.89,True,0.6525000000000001,116,1774963980,1774966324
26MAR29BAUDRO,Titouan Droguet,0.81,0.85,True,0.7675000000000001,109,1774956480,1774956731
26MAR29MAEVAN,Botic Van de Zandschulp,0.83,0.85,True,0.705,119,1774950600,1774959421
26MAR29BAEGAU,Sebastian Baez,0.92,0.93,True,0.785,96,1774966860,1774977744
26MAR28DEBGAL,Alexis Galarneau,0.87,0.91,True,0.565,65,1774726800,1774730695
26MAR28GOMMAR,Federico Agustin Gomez,0.95,0.96,True,0.8625,101,1774723620,1774723459
26MAR28GALTAB,Clement Tabur,0.85,0.86,True,0.775,89,1774716900,1774716511
26MAR28DRAKRU,Liam Draxl,0.86,0.88,True,0.6425000000000001,110,1774722600,1774724350
26MAR28BOLRYB,Alex Rybakov,0.57,0.59,False,0.385,66,1774723980,1774727694
26MAR28DOSAND,Andres Andrade,0.9,0.91,True,0.5549999999999999,83,1774733220,1774734877
26MAR28PINWOL,Jack Pinnington Jones,0.76,0.77,True,0.5225,76,1774711080,1774717484
26MAR28BLAOLI,Darwin Blanch,0.97,0.98,True,0.5774999999999999,71,1774709400,1774717489
26MAR27ZVESIN,Jannik Sinner,0.89,0.9,True,0.845,65,1774653240,1774656055
26MAR27LEHFIL,Jiri Lehecka,0.68,0.69,True,0.405,81,1774639020,1774641099
26MAR26CERZVE,Alexander Zverev,0.91,0.92,True,0.725,115,1774566780,1774568705
26MAR25TIASIN,Jannik Sinner,0.98,0.99,True,0.935,66,1774544160,1774547454
26MAR25PAUFIL,Tommy Paul,0.72,0.73,False,0.455,64,1774479540,1774489256
26MAR25LANLEH,Jiri Lehecka,0.88,0.89,True,0.725,116,1774467120,1774472104
26MAR24MICSIN,Jannik Sinner,0.97,0.98,True,0.955,65,1774386300,1774389055
26MAR24HALZVE,Alexander Zverev,0.92,0.94,True,0.875,74,1774404720,1774407646
26MAR24ATMTIA,Frances Tiafoe,0.86,0.87,True,0.6775,107,1774389540,1774392313
26MAR24HUMCER,Francisco Cerundolo,0.83,0.84,True,0.48,74,1774397580,1774401046
26MAR24LEHFRI,Jiri Lehecka,0.58,0.59,True,0.355,105,1774368780,1774371315
26MAR24KORLAN,Sebastian Korda,0.94,0.95,False,0.785,119,1774363200,1774367461
26MAR24VACFIL,Arthur Fils,0.87,0.88,True,0.735,117,1774376280,1774378263
26MAR24ETCPAU,Tommy Paul,0.92,0.93,True,0.73,64,1774377900,1774386656
26MAR23CERMED,Francisco Cerundolo,0.64,0.67,True,0.28500000000000003,86,1774283100,1774284094
26MAR23TABMIC,Alejandro Tabilo,0.66,0.68,False,0.395,115,1774297020,1774299065
26MAR23SHEHUM,Ugo Humbert,0.93,0.94,True,0.785,99,1774278360,1774281081
26MAR23CILZVE,Alexander Zverev,0.96,0.97,True,0.8775,107,1774303800,1774306273
26MAR23TIAMEN,Frances Tiafoe,0.67,0.7,True,0.365,114,1774293000,1774295466
26MAR22MOUSIN,Jannik Sinner,0.98,1.0,True,0.965,99,1774307280,1774310481
26MAR22AUGATM,Terence Atmane,0.42,0.45,True,0.225,61,1774283580,1774285859
26MAR22JODETC,Tomas Martin Etcheverry,0.58,0.62,True,0.44,103,1774194420,1774206137
26MAR22HALMAJ,Quentin Halys,0.82,0.83,True,0.4375,105,1774306680,1774309575
26MAR22LANKHA,Martin Landaluce,0.65,0.66,True,0.275,86,1774219680,1774221934
26MAR22PAUCOL,Tommy Paul,0.88,0.91,True,0.695,104,1774210440,1774212076
26MAR22FILTSI,Arthur Fils,0.89,0.9,True,0.595,88,1774221360,1774229132
26MAR22ALCKOR,Sebastian Korda,0.34,0.35,True,0.125,81,1774206660,1774209099
26MAR22QUILEH,Jiri Lehecka,0.82,0.83,True,0.5475000000000001,62,1774192440,1774195018
26MAR22BERVAC,Valentin Vacherot,0.71,0.72,True,0.445,92,1774224240,1774227328
26MAR22OPEFRI,Taylor Fritz,0.88,0.89,True,0.675,75,1774201380,1774203105
26MAR21SHESHE2,Ben Shelton,0.93,0.95,False,0.885,95,1774134960,1774137985
26MAR21TIACAZ,Frances Tiafoe,0.87,0.89,True,0.695,68,1774128060,1774140112
26MAR21DIAHUM,Ugo Humbert,0.84,0.85,True,0.58,61,1774134120,1774135319
26MAR21WALMEN,Adam Walton,0.66,0.67,False,0.2525,114,1774128600,1774130766
26MAR21CERTIR,Francisco Cerundolo,0.97,0.98,True,0.725,70,1774134240,1774137110
26MAR21AUGFUC,Felix Auger-Aliassime,0.85,0.86,True,0.695,103,1774114200,1774117937
26MAR21SAKMED,Rei Sakamoto,0.31,0.32,False,0.0925,66,1774120080,1774122714
26MAR21ATMRIN,Terence Atmane,0.77,0.78,True,0.42000000000000004,64,1774112880,1774113716
26MAR21MICNOR,Alex Michelsen,0.88,0.91,True,0.61,112,1774123740,1774126928
26MAR21DAVHAL,Quentin Halys,0.58,0.6,True,0.295,99,1774105980,1774110141
26MAR20MAJTIE,Kamil Majchrzak,0.6,0.61,True,0.235,115,1774106280,1774107845
26MAR20RUBTAB,Andrey Rublev,0.88,0.91,False,0.625,108,1774126680,1774128132
26MAR20MOUMAC,Corentin Moutet,0.72,0.77,True,0.3875,82,1774117440,1774118798
26MAR20DZUSIN,Jannik Sinner,0.98,1.0,True,0.985,80,1774113420,1774115800
26MAR20COLCOB,Raphael Collignon,0.9,0.92,True,0.45999999999999996,62,1774054860,1774057618
26MAR20NAKCIL,Brandon Nakashima,0.7,0.71,False,0.585,118,1774139700,1774141322
26MAR20ALCFON,Carlos Alcaraz,0.95,0.96,True,0.855,103,1774053180,1774055537
26MAR20DAMZVE,Alexander Zverev,0.99,1.0,True,0.915,67,1774142580,1774144913
26MAR20TSIDE,Stefanos Tsitsipas,0.78,0.79,True,0.355,118,1774054980,1774057322
26MAR20DRAOPE,Reilly Opelka,0.55,0.58,True,0.235,72,1774028220,1774042368
26MAR20UGOKOR,Sebastian Korda,0.97,0.99,True,0.87,119,1774052220,1774054021
26MAR20VANFRI,Taylor Fritz,0.91,0.93,True,0.765,63,1774046520,1774048317
26MAR20BUBBER,Matteo Berrettini,0.66,0.67,True,0.395,72,1774045620,1774048968
26MAR20DARLAN,Martin Landaluce,0.83,0.84,True,0.435,81,1774058100,1774059999
26MAR20FILBLA,Arthur Fils,0.96,0.97,True,0.855,67,1774043160,1774051613
26MAR20RUUQUI,Ethan Quinn,0.66,0.67,True,0.365,84,1774028340,1774031196
26MAR20PAUMAN,Tommy Paul,0.94,0.96,True,0.81,72,1774037820,1774039008
26MAR20VUKJOD,Rafael Jodar,0.93,0.95,True,0.79,118,1774106820,1774107242
26MAR20BERETC,Tomas Martin Etcheverry,0.73,0.74,True,0.445,65,1774104420,1774110415
26MAR20KOULEH,Jiri Lehecka,0.93,0.96,True,0.84,77,1774057320,1774058803
26MAR20BAUKHA,Karen Khachanov,0.92,0.93,True,0.755,86,1774046400,1774048354
26MAR20NAVVAC,Valentin Vacherot,0.88,0.89,True,0.6799999999999999,111,1774058940,1774060929
26MAR18WALBAE,Adam Walton,0.83,0.86,True,0.435,110,1774042620,1774044790
26MAR18MICBEL,Alex Michelsen,0.88,0.89,True,0.685,96,1773959580,1773972264
26MAR18BASNAV,Mariano Navone,0.74,0.75,True,0.4275,115,1773930540,1773933425
26MAR18TSIFER,Stefanos Tsitsipas,0.88,0.89,True,0.725,60,1773946920,1773949020
26MAR18HALDRA,Liam Draxl,0.62,0.64,False,0.175,101,1773962160,1773964399
26MAR18JODHAN,Rafael Jodar,0.83,0.84,True,0.575,91,1773929640,1773931949
26MAR18KOUSVA,Zachary Svajda,0.93,0.95,False,0.8274999999999999,70,1773930480,1773932570
26MAR18OCOFUC,Marton Fucsovics,0.96,0.97,True,0.635,61,1774036140,1774038839
26MAR18ROYTIR,Thiago Agustin Tirante,0.88,0.89,True,0.495,73,1774017720,1774030067
26MAR18GIRLAN,Martin Landaluce,0.69,0.7,True,0.355,91,1773938220,1773942749
26MAR18BUSDZU,Ignacio Buse,0.75,0.82,False,0.665,100,1773950640,1773953840
26MAR18CAZBAR,Arthur Cazaux,0.82,0.83,True,0.59,73,1774050420,1774053167
26MAR17VUKBAR,Marcelo Tomas Barrios Vera,0.81,0.83,True,0.4825,118,1773785400,1773786362
26MAR17SVAMER,Zachary Svajda,0.94,0.95,True,0.7575000000000001,107,1773785640,1773786373
26MAR17BELCAS,Murphy Cassone,0.55,0.56,False,0.2225,66,1773783300,1773784974
26MAR17TIRLAN,Thiago Agustin Tirante,0.86,0.89,False,0.675,75,1773790680,1773790905
26MAR17WALHIJ,Adam Walton,0.78,0.81,True,0.45,64,1773781500,1773783476
26MAR17JODBON,Rafael Jodar,0.88,0.89,True,0.56,98,1773778860,1773780982
26MAR17DRACLA,Liam Draxl,0.84,0.85,True,0.7,68,1773777720,1773780772
26MAR17BLOOCO,Alexander Blockx,0.85,0.86,False,0.61,81,1773768180,1773771759
26MAR17BASSHI,Nikoloz Basilashvili,0.84,0.88,True,0.45499999999999996,85,1773770400,1773777155
26MAR17BUSWON,Ignacio Buse,0.55,0.57,True,0.39,110,1773760800,1773762790
26MAR17HANVAN,Yannick Hanfmann,0.69,0.72,True,0.575,112,1773759600,1773762788
26MAR17MARFON,Joao Fonseca,0.86,0.87,True,0.725,90,1773948480,1773953010
26MAR17MULBER,Matteo Berrettini,0.96,0.97,True,0.795,87,1773944880,1773947253
26MAR17ARNSHE,Alexander Shevchenko,0.53,0.56,True,0.4225,81,1774046040,1774047159
26MAR17DUCBAU,Roberto Bautista Agut,0.75,0.76,True,0.545,102,1773930780,1773933198
26MAR17CILPOP,Marin Cilic,0.8,0.81,True,0.585,118,1773949260,1773953582
26MAR17DIAYIB,Gabriel Diallo,0.73,0.74,True,0.76,63,1774045320,1774045377
26MAR17ATMALT,Terence Atmane,0.81,0.82,True,0.695,62,1774018200,1774028278
26MAR17MAJKEC,Miomir Kecmanovic,0.62,0.67,False,0.645,96,1773958020,1773960804
26MAR17KOVSAK,Rei Sakamoto,0.44,0.45,True,0.325,60,1774027140,1774032180
26MAR17MPEUGO,Giovanni Mpetshi Perricard,0.9,0.91,False,0.6425000000000001,110,1773943140,1773945190
26MAR17QUIHUR,Ethan Quinn,0.71,0.72,True,0.435,71,1773939360,1773942169
26MAR17ZHAMAN,Adrian Mannarino,0.81,0.82,True,0.495,115,1773938400,1773940625
26MAR17BERBRO,Zizou Bergs,0.57,0.58,True,0.375,113,1773933480,1773936787
26MAR17TABCOM,Alejandro Tabilo,0.94,0.95,True,0.685,82,1773958380,1773961658
26MAR17COLDIM,Raphael Collignon,0.73,0.74,True,0.395,104,1773948720,1773952456
26MAR17NAVMAC,Emilio Nava,0.48,0.5,False,0.315,95,1773957960,1773959605
26MAR17BLASTR,Darwin Blanch,0.34,0.38,True,0.375,118,1773934320,1773942182
26MAR17OPEBOR,Nuno Borges,0.45,0.46,False,0.4475,66,1773945360,1773948174
26MAR17SHAVAN,Botic Van de Zandschulp,0.62,0.63,True,0.35,72,1773943560,1773947088
26MAR16CASMAE,Murphy Cassone,0.9,0.91,True,0.44,80,1773710040,1773710860
26MAR17FERYUN,Arthur Fery,0.78,0.81,True,0.435,95,1773760440,1773763045
26MAR16BLOTSE,Alexander Blockx,0.97,0.99,True,0.75,104,1773694620,1773697996
26MAR16BOLSHI,Sho Shimabukuro,0.84,0.86,True,0.66,96,1773684660,1773687144
26MAR16BELJAR,Mattia Bellucci,0.91,0.95,True,0.8,67,1773713340,1773713573
26MAR16BASBAR,Marcelo Tomas Barrios Vera,0.69,0.7,True,0.28500000000000003,88,1773710100,1773712652
26MAR16BUSECH,Ignacio Buse,0.87,0.88,True,0.74,73,1773682920,1773685007
26MAR16BURFER,Roman Andres Burruchaga,0.71,0.76,False,0.41500000000000004,110,1773671820,1773673930
26MAR16CLAMOC,Jay Clarke,0.6,0.62,True,0.49,96,1773691200,1773692304
26MAR16GARDRA,Cristian Garin,0.79,0.8,False,0.53,115,1773691800,1773694685
26MAR16LANMCD,Martin Landaluce,0.81,0.85,True,0.4,91,1773707940,1773710009
26MAR16MEJOCO,Christopher O'Connell,0.9,0.91,True,0.7475,107,1773686340,1773690733
26MAR16VUKHAR,Aleksandar Vukic,0.79,0.8,True,0.725,99,1773757320,1773769341
26MAR16WALROD,Adam Walton,0.8,0.82,True,0.64,98,1773708360,1773710002
26MAR16MERSVR,Dalibor Svrcina,0.82,0.84,False,0.625,72,1773705000,1773707628
26MAR16WILVAN,Luca Van Assche,0.97,0.98,True,0.905,86,1773682140,1773682894
26MAR16TIRDED,Thiago Agustin Tirante,0.89,0.92,True,0.755,96,1773699060,1773701604
26MAR16KYPBAS,Nikoloz Basilashvili,0.69,0.7,True,0.325,116,1773692880,1773695644
26MAR16PINWON,Jack Pinnington Jones,0.56,0.57,False,0.33499999999999996,102,1773682800,1773684198
26MAR16YUNSCH,Yunchaokete Bu,0.74,0.75,True,0.415,112,1773669480,1773673568
26MAR16JODDHA,Rafael Jodar,0.94,0.95,True,0.895,60,1773700860,1773706680
26MAR16MIGBON,Benjamin Bonzi,0.95,0.97,True,0.945,71,1773700980,1773703429
26MAR16SVASMI,Colton Smith,0.42,0.46,False,0.265,80,1773713700,1773715660
26MAR16SWEHIJ,Rinky Hijikata,0.93,0.94,True,0.745,68,1773706620,1773708772
26MAR16HANRIE,Yannick Hanfmann,0.91,0.92,True,0.645,103,1773683340,1773685937
26MAR14ALCMED,Daniil Medvedev,0.47,0.48,True,0.175,88,1773526860,1773529832
26MAR14ZVESIN,Jannik Sinner,0.94,0.95,True,0.8225,101,1773518580,1773522919
26MAR12DRAMED,Daniil Medvedev,0.87,0.88,True,0.635,68,1773361800,1773364252
26MAR12ALCNOR,Carlos Alcaraz,0.97,0.99,True,0.935,82,1773367320,1773370238
26MAR12FILZVE,Alexander Zverev,0.89,0.91,True,0.625,92,1773338280,1773341788
26MAR12TIESIN,Jannik Sinner,0.97,0.98,True,0.905,98,1773344640,1773348922
26MAR10MEDMIC,Daniil Medvedev,0.95,0.96,True,0.76,108,1773258240,1773261972
26MAR10ALCRUU,Carlos Alcaraz,0.98,0.99,True,0.915,106,1773263580,1773269474
26MAR10HIJNOR,Cameron Norrie,0.81,0.82,True,0.735,108,1773248460,1773255312
26MAR10DJODRA,Novak Djokovic,0.68,0.69,False,0.565,62,1773273120,1773280258
26MAR10TIAZVE,Alexander Zverev,0.89,0.9,True,0.725,97,1773173040,1773176483
26MAR10FONSIN,Jannik Sinner,0.94,0.95,True,0.905,106,1773189840,1773195674
26MAR10TIEDAV,Alejandro Davidovich Fokina,0.67,0.7,False,0.425,80,1773179820,1773183340
26MAR10FILAUG,Arthur Fils,0.71,0.75,True,0.435,81,1773165240,1773168699
26MAR09MEDBAE,Daniil Medvedev,0.93,0.94,True,0.84,103,1773104520,1773116477
26MAR09DJOKOV,Novak Djokovic,0.91,0.95,True,0.895,87,1773074220,1773082293
26MAR09NORDE,Cameron Norrie,0.6,0.61,True,0.19,95,1773080640,1773083485
26MAR09BUBHIJ,Alexander Bublik,0.89,0.9,False,0.815,103,1773087420,1773090677
26MAR09MICFRI,Alex Michelsen,0.59,0.6,True,0.295,92,1773094680,1773096688
26MAR09ALCRIN,Arthur Rinderknech,0.42,0.44,False,0.035,110,1773107400,1773111370
26MAR08DIAAUG,Gabriel Diallo,0.44,0.45,False,0.20500000000000002,68,1773020640,1773022912
26MAR08VACRUU,Valentin Vacherot,0.7,0.74,False,0.42000000000000004,113,1773098760,1773099727
26MAR08FONPAU,Joao Fonseca,0.6,0.61,True,0.325,87,1773024420,1773027153
26MAR08CERDRA,Jack Draper,0.76,0.8,True,0.625,85,1773085080,1773090155
26MAR08FUCFIL,Arthur Fils,0.91,0.94,True,0.705,86,1773004560,1773015154
26MAR08NAKZVE,Alexander Zverev,0.88,0.89,True,0.775,91,1772991180,1772997509
26MAR08SHASIN,Jannik Sinner,0.96,0.98,True,0.945,92,1773003600,1773012148
26MAR08DAVMEN,Alejandro Davidovich Fokina,0.76,0.82,True,0.425,72,1773004320,1773006768
26MAR08COBTIA,Frances Tiafoe,0.81,0.82,True,0.565,60,1773018540,1773020520
26MAR08SHETIE,Learner Tien,0.76,0.77,True,0.425,87,1773001260,1773005253
26MAR07BAUDRA,Roberto Bautista Agut,0.2,0.22,False,0.14500000000000002,118,1772912100,1772914742
26MAR07HIJDAR,Luciano Darderi,0.58,0.6,False,0.685,90,1772924160,1772930610
26MAR07NORMCD,Cameron Norrie,0.88,0.9,True,0.605,85,1772924400,1772933855
26MAR07BUBKOP,Vit Kopriva,0.29,0.3,False,0.255,84,1772942460,1772946756
26MAR07VACBOR,Valentin Vacherot,0.84,0.86,True,0.585,70,1772920260,1772924270
26MAR07MEDTAB,Daniil Medvedev,0.85,0.87,True,0.775,114,1772937660,1772947326
26MAR07KORDE,Sebastian Korda,0.66,0.67,False,0.385,91,1772927280,1772930609
26MAR07CERBON,Francisco Cerundolo,0.93,0.94,True,0.735,118,1772910720,1772914742
26MAR07HUMMIC,Alex Michelsen,0.58,0.61,True,0.545,99,1772941620,1772947041
26MAR06KOVMOU,Aleksandar Kovacevic,0.69,0.7,True,0.425,99,1772909280,1772915061
26MAR06FEAFRI,Taylor Fritz,0.75,0.76,True,0.825,63,1772934060,1772941977
26MAR06ALCDIM,Carlos Alcaraz,0.98,0.99,True,0.945,82,1772930820,1772932418
26MAR06SHERUU,Casper Ruud,0.93,0.94,True,0.83,90,1772907600,1772912970
26MAR06DJOMAJ,Kamil Majchrzak,0.17,0.18,False,0.10500000000000001,87,1772920740,1772924313
26MAR06BERZVE,Alexander Zverev,0.91,0.93,True,0.805,69,1772824440,1772827551
26MAR06RUBDIA,Andrey Rublev,0.86,0.89,False,0.745,80,1772918160,1772921920
26MAR06MONAUG,Gael Monfils,0.04,0.05,False,0.1775,116,1772838720,1772845504
26MAR06COBKEC,Miomir Kecmanovic,0.72,0.73,False,0.555,85,1772821680,1772827175
26MAR06BROTIA,Frances Tiafoe,0.99,1.0,True,0.495,85,1772840520,1772845535
26MAR06SHEOPE,Reilly Opelka,0.58,0.6,False,0.235,117,1772832840,1772836743
26MAR06PRIFIL,Arthur Fils,0.88,0.89,True,0.685,111,1772835300,1772838429
26MAR06ETCSHA,Denis Shapovalov,0.49,0.51,True,0.655,97,1772847420,1772852723
26MAR06MUSFUC,Marton Fucsovics,0.98,0.99,True,0.255,93,1772832300,1772836767
26MAR06KHAFON,Karen Khachanov,0.74,0.75,False,0.445,77,1772917320,1772920123
26MAR06WALTIE,Learner Tien,0.91,0.92,True,0.845,103,1772824440,1772828957
26MAR05ZHEKOP,Vit Kopriva,0.76,0.78,True,0.46499999999999997,82,1772769900,1772775398
26MAR04ARNMCD,Mackenzie McDonald,0.9,0.91,True,0.605,69,1772768280,1772769771
26MAR04FUCOCO,Marton Fucsovics,0.77,0.8,True,0.5275000000000001,86,1772663700,1772665894
26MAR04TSEBAE,Sebastian Baez,0.91,0.93,True,0.725,69,1772747040,1772749371
26MAR04MAEHIJ,Rinky Hijikata,0.76,0.81,True,0.5549999999999999,67,1772764440,1772769413
26MAR04SHESHI,Alexander Shevchenko,0.64,0.66,True,0.425,63,1772737860,1772740977
26MAR04ROYBON,Benjamin Bonzi,0.91,0.92,True,0.525,79,1772752020,1772754761
26MAR04SVRDUC,Dalibor Svrcina,0.89,0.92,True,0.6775,65,1772662680,1772664955
26MAR04MERMIC,Alex Michelsen,0.87,0.9,True,0.735,69,1772752860,1772755371
26MAR04MONGAL,Gael Monfils,0.93,0.94,True,0.615,81,1772670300,1772676099
26MAR04PRISCH,Dino Prizmic,0.51,0.54,True,0.735,119,1772669160,1772674921
26MAR04ALTKEC,Miomir Kecmanovic,0.94,0.95,True,0.795,71,1772653980,1772658229
26MAR04BELDIA,Gabriel Diallo,0.78,0.8,True,0.505,105,1772663700,1772665935
26MAR04BERMAN,Adrian Mannarino,0.37,0.39,False,0.335,112,1772664900,1772670188
26MAR04ATMDIM,Grigor Dimitrov,0.77,0.8,True,0.6,112,1772736180,1772740988
26MAR04CERVAN,Juan Manuel Cerundolo,0.6,0.66,True,0.365,115,1772760420,1772761985
26MAR04BERSTR,Zizou Bergs,0.79,0.8,True,0.575,67,1772658240,1772659613
26MAR04BORNAV,Nuno Borges,0.79,0.8,True,0.595,67,1772760540,1772764373
26MAR04BROPOP,Jenson Brooksby,0.82,0.85,True,0.575,114,1772670060,1772672586
26MAR04FONCOL,Joao Fonseca,0.8,0.82,True,0.565,107,1772672100,1772683333
26MAR04FEADZU,Jacob Fearnley,0.7,0.71,True,0.545,105,1772745300,1772748195
26MAR04HALWAL,Adam Walton,0.6,0.64,True,0.355,116,1772651760,1772654224
26MAR04HURKOV,Aleksandar Kovacevic,0.61,0.64,True,0.335,61,1772745540,1772749379
26MAR04MAJMPE,Kamil Majchrzak,0.8,0.81,True,0.575,105,1772734680,1772740035
26MAR04OPEQUI,Reilly Opelka,0.73,0.77,True,0.445,116,1772658900,1772661784
26MAR04MARBAU,Roberto Bautista Agut,0.59,0.62,True,0.235,88,1772751720,1772754452
26MAR04TSISHA,Denis Shapovalov,0.91,0.93,True,0.44,106,1772686740,1772689274
26MAR04NAVGIR,Mariano Navone,0.62,0.64,False,0.28,96,1772651340,1772653584
26MAR04SVACIL,Zachary Svajda,0.66,0.67,True,0.4275,87,1772678100,1772682093
26MAR04TABJOD,Alejandro Tabilo,0.79,0.8,True,0.415,62,1772759160,1772760778
26MAR04UGODAM,Camilo Ugo Carabelli,0.7,0.72,True,0.355,72,1772651760,1772657208
26MAR03KOPSVR,Dalibor Svrcina,0.76,0.77,True,0.475,82,1772584500,1772586758
26MAR03BURTSE,Roman Andres Burruchaga,0.92,0.94,False,0.535,112,1772584440,1772586248
26MAR03GALBAR,Alexis Galarneau,0.76,0.79,True,0.5475000000000001,113,1772582640,1772584627
26MAR03SCHYME,Tristan Schoolkate,0.86,0.89,True,0.595,114,1772581380,1772584026
26MAR03BUSHIJ,Ignacio Buse,0.24,0.26,False,0.525,118,1772586720,1772590322
26MAR03OCOBAS,Christopher O'Connell,0.97,0.99,True,0.695,85,1772562360,1772573555
26MAR03VUKPRI,Dino Prizmic,0.9,0.92,True,0.615,79,1772572260,1772573801
26MAR03MERSWE,Daniel Merida,0.89,0.9,True,0.585,69,1772564520,1772569611
26MAR03BONMOC,Benjamin Bonzi,0.66,0.67,True,0.755,81,1772567100,1772573559
26MAR03LANSHI,Sho Shimabukuro,0.49,0.51,True,0.6799999999999999,108,1772568900,1772573232
26MAR02BURECH,Roman Andres Burruchaga,0.85,0.86,True,0.67,81,1772497560,1772501739
26MAR02BLOLAN,Martin Landaluce,0.78,0.79,True,0.5025,63,1772476020,1772477517
26MAR02BONPIN,Benjamin Bonzi,0.94,0.95,True,0.48,73,1772475780,1772479307
26MAR02BUSDRA,Ignacio Buse,0.78,0.81,True,0.5700000000000001,115,1772479320,1772483165
26MAR02GOMMOC,Shintaro Mochizuki,0.81,0.83,True,0.5025,70,1772475480,1772477510
26MAR02NARSVA,Luca Nardi,0.84,0.85,False,0.74,75,1772501220,1772503845
26MAR02KOPSAK,Vit Kopriva,0.67,0.68,True,0.47,63,1772499420,1772502057
26MAR02MEJBAS,Nicolas Mejia,0.79,0.81,False,0.43,77,1772484360,1772485303
26MAR02YMEWON,Elias Ymer,0.55,0.56,True,0.265,76,1772490300,1772492504
26MAR02SCHBOL,Alex Bolt,0.68,0.69,False,0.4,80,1772482920,1772484940
26MAR02VUKTRA,Aleksandar Vukic,0.71,0.72,True,0.585,106,1772478660,1772484674
26MAR02VANGAL,Alexis Galarneau,0.62,0.63,True,0.235,70,1772500140,1772503850
26MAR02RIEHIJ,Rinky Hijikata,0.73,0.74,True,0.475,101,1772490060,1772493079
26MAR02LEABAR,Marcelo Tomas Barrios Vera,0.92,0.94,True,0.8574999999999999,82,1772495760,1772502338
26MAR02KRUSVR,Dalibor Svrcina,0.86,0.87,True,0.69,100,1772504460,1772508320
26MAR02JOHSWE,Dane Sweeny,0.95,0.97,True,0.885,119,1772480880,1772483161
26MAR02TIRAHM,Thiago Agustin Tirante,0.99,1.0,True,0.965,102,1772475120,1772476878
26MAR02OCOHAR,Christopher O'Connell,0.92,0.93,True,0.705,97,1772475420,1772478683
26MAR02JARMAE,Francesco Maestrelli,0.82,0.83,True,0.565,74,1772469600,1772477506
26MAR02SACMCD,Mackenzie McDonald,0.95,0.96,True,0.765,63,1772496720,1772498757
26MAR02KYPMER,Patrick Kypson,0.73,0.78,False,0.715,97,1772482920,1772485283
26MAR02TSEGOF,Chun Hsin Tseng,0.87,0.89,True,0.445,104,1772491440,1772494276
26MAR02SMISHI,Sho Shimabukuro,0.7,0.71,True,0.475,119,1772475420,1772478961
26MAR01HANDAR,Luciano Darderi,0.82,0.83,True,0.675,113,1772396760,1772408407
26FEB28COBTIA,Flavio Cobolli,0.72,0.73,True,0.475,80,1772334840,1772339440
26FEB28BAEDAR,Luciano Darderi,0.76,0.81,True,0.595,67,1772319540,1772321693
26FEB28CERHAN,Yannick Hanfmann,0.6,0.62,True,0.20500000000000002,113,1772313480,1772315407
26FEB27TIANAK,Brandon Nakashima,0.69,0.74,False,0.4875,85,1772250120,1772254235
26FEB27KECCOB,Flavio Cobolli,0.48,0.49,True,0.405,84,1772236980,1772244636
26FEB27TABBAE,Sebastian Baez,0.69,0.72,True,0.525,96,1772235120,1772240124
26FEB27CERNAV,Francisco Cerundolo,0.97,0.98,True,0.81,73,1772216820,1772219987
26FEB27RUBGRI,Tallon Griekspoor,0.32,0.35,True,0.28500000000000003,94,1772205300,1772208626
26FEB27HANGAU,Vilius Gaubas,0.59,0.6,False,0.5525,91,1772211420,1772212229
26FEB27PELDAR,Luciano Darderi,0.95,0.96,True,0.855,100,1772221980,1772231120
26FEB27AUGMED,Daniil Medvedev,0.82,0.83,True,0.55,69,1772198040,1772200851
26FEB26VACNAK,Valentin Vacherot,0.82,0.83,False,0.46499999999999997,62,1772166060,1772168458
26FEB26TIABEL,Frances Tiafoe,0.86,0.87,True,0.675,74,1772154360,1772161846
26FEB26YIBCOB,Flavio Cobolli,0.68,0.69,True,0.445,75,1772151240,1772154945
26FEB26KECATM,Miomir Kecmanovic,0.91,0.94,True,0.8374999999999999,99,1772160480,1772160321
26FEB26RUBRIN,Andrey Rublev,0.9,0.91,True,0.765,67,1772119080,1772120753
26FEB26MENGRI,Tallon Griekspoor,0.59,0.61,True,0.28500000000000003,69,1772120160,1772127051
26FEB26GARBAE,Sebastian Baez,0.8,0.81,True,0.705,64,1772142120,1772145656
26FEB26TABTIR,Thiago Agustin Tirante,0.54,0.61,False,0.295,73,1772152800,1772154947
26FEB26VALNAV,Emilio Nava,0.7,0.71,True,0.4,100,1772121960,1772125280
26FEB26AUGLEH,Felix Auger-Aliassime,0.88,0.89,True,0.645,100,1772104620,1772110880
26FEB26MEDBRO,Daniil Medvedev,0.97,0.99,True,0.785,71,1772090340,1772103049
26FEB25YIBSHI,Yibing Wu,0.88,0.91,True,0.735,110,1772072160,1772074270
26FEB25VACMON,Valentin Vacherot,0.88,0.89,True,0.735,76,1772085660,1772087144
26FEB25BELDAV,Mattia Bellucci,0.68,0.7,True,0.19,75,1772078760,1772081745
26FEB25TIAKOV,Frances Tiafoe,0.85,0.86,True,0.7,109,1772064960,1772077871
26FEB25ZVEKEC,Miomir Kecmanovic,0.53,0.56,True,0.185,105,1772065380,1772067735
26FEB25SVRCOB,Flavio Cobolli,0.66,0.71,True,0.615,93,1772062560,1772068887
26FEB25ATMJOD,Terence Atmane,0.69,0.7,True,0.305,73,1772062200,1772066507
26FEB25NAKKYP,Brandon Nakashima,0.94,0.95,True,0.655,88,1772071920,1772074892
26FEB25NAVDAR,Luciano Darderi,0.86,0.87,True,0.675,62,1772060760,1772063818
26FEB25CERMOL,Francisco Cerundolo,0.95,0.96,True,0.845,75,1772124900,1772131245
26FEB25RUBHUM,Andrey Rublev,0.84,0.86,True,0.635,77,1772032680,1772035003
26FEB25MENPOP,Jakub Mensik,0.86,0.88,True,0.745,101,1772035320,1772038999
26FEB25PRIGAU,Dino Prizmic,0.57,0.58,False,0.945,89,1772054580,1772057191
26FEB25CARLEH,Jiri Lehecka,0.91,0.93,True,0.75,74,1772022660,1772027206
26FEB25COMPEL,Andrea Pellegrino,0.63,0.64,True,0.315,91,1772043060,1772046389
26FEB25GRIBUB,Tallon Griekspoor,0.51,0.52,True,0.275,117,1772029020,1772032323
26FEB25BROKHA,Jenson Brooksby,0.86,0.88,True,0.3475,74,1772016060,1772020006
26FEB25RINDRA,Arthur Rinderknech,0.51,0.52,True,0.235,65,1772042460,1772045515
26FEB24NARLEH,Luca Nardi,0.48,0.55,False,0.22999999999999998,85,1771944480,1771945955
26FEB25MEDWAW,Daniil Medvedev,0.98,0.99,True,0.845,64,1772015460,1772016716
26FEB25AUGMPE,Felix Auger-Aliassime,0.93,0.94,True,0.825,92,1772021640,1772024188
26FEB24RUUYIB,Yibing Wu,0.56,0.6,True,0.3,108,1771992000,1771996032
26FEB24HIJBEL,Mattia Bellucci,0.85,0.86,True,0.485,106,1771984860,1771989734
26FEB24MANSHI,Sho Shimabukuro,0.71,0.73,True,0.455,85,1771993380,1771996595
26FEB24UGOHAN,Yannick Hanfmann,0.87,0.88,True,0.625,95,1772036160,1772039005
26FEB24SOTGAU,Vilius Gaubas,0.96,0.98,True,0.79,104,1771949820,1771952236
26FEB24PASVAL,Adolfo Daniel Vallejo,0.81,0.83,True,0.61,74,1771975140,1771977766
26FEB23VACWON,Coleman Wong,0.53,0.58,False,0.33,117,1771902960,1771905123
26FEB23NAKYME,Brandon Nakashima,0.89,0.9,True,0.855,106,1771896060,1771899134
26FEB23KYPDE,Patrick Kypson,0.43,0.44,True,0.07500000000000001,77,1771899000,1771900963
26FEB23JARPRI,Dino Prizmic,0.88,0.89,True,0.665,98,1771883580,1771892002
26FEB23PELBAR,Andrea Pellegrino,0.85,0.86,True,0.525,99,1771870680,1771872741
26FEB22TABETC,Alejandro Tabilo,0.83,0.84,False,0.65,108,1771793820,1771798452
26FEB23STRBUB,Alexander Bublik,0.9,0.91,True,0.725,67,1771935360,1771937213
26FEB23CARSHA,Pablo Carreno Busta,0.75,0.84,True,0.315,82,1771928040,1771930958
26FEB23VIRGRI,Tallon Griekspoor,0.78,0.79,True,0.59,98,1771941180,1771944742
26FEB23HALDRA,Jack Draper,0.84,0.85,True,0.7424999999999999,113,1771867980,1771872187
26FEB23ECHMPE,Giovanni Mpetshi Perricard,0.96,0.98,True,0.6599999999999999,100,1771844280,1771845200
26FEB23SHEKHA,Alexander Shevchenko,0.57,0.58,False,0.225,97,1771933080,1771937543
26FEB22KYPWON,Patrick Kypson,0.9,0.92,True,0.4275,80,1771812060,1771813960
26FEB22PAUKOR,Sebastian Korda,0.56,0.57,True,0.46499999999999997,95,1771788120,1771796905
26FEB22YMEMEJ,Elias Ymer,0.7,0.72,True,0.4325,92,1771806240,1771808608
26FEB22HIJYIB,Yibing Wu,0.86,0.9,True,0.8674999999999999,97,1771806660,1771807103
26FEB22DUCSVR,Dalibor Svrcina,0.93,0.94,True,0.6475,83,1771980240,1771981957
26FEB22ATMDIM,Terence Atmane,0.91,0.92,True,0.2975,82,1771980180,1771981958
26FEB22ALTDAV,Alejandro Davidovich Fokina,0.95,0.97,True,0.875,65,1771892040,1771895275
26FEB22DZUMON,Gael Monfils,0.89,0.91,True,0.605,95,1771983600,1771996345
26FEB22WALKOV,Aleksandar Kovacevic,0.78,0.79,True,0.625,87,1771904820,1771907553
26FEB22SCHKEC,Miomir Kecmanovic,0.91,0.92,True,0.745,68,1771891620,1771894072
26FEB22PACCOB,Flavio Cobolli,0.87,0.88,True,0.795,86,1771974360,1771981954
26FEB22TIABOR,Frances Tiafoe,0.79,0.8,True,0.635,76,1771983780,1771989404
26FEB22JODNOR,Rafael Jodar,0.79,0.81,True,0.39,94,1771909620,1771911806
26FEB22ZVEMOU,Alexander Zverev,0.94,0.96,True,0.83,67,1771985280,1771988213
26FEB22VALROC,Adolfo Daniel Vallejo,0.88,0.9,True,0.7275,91,1771777440,1771781009
26FEB22PELGAL,Daniel Elahi Galan,0.78,0.86,False,0.48,106,1771775400,1771776914
26FEB22PRIDEL,Dino Prizmic,0.8,0.83,True,0.7324999999999999,85,1771766700,1771772075
26FEB22GAUBAR,Alex Barrena,0.68,0.8,True,0.29000000000000004,79,1771767600,1771772081
26FEB22NAVBER,Emilio Nava,0.49,0.5,True,0.27,102,1771957500,1771959438
26FEB22CERGAR,Juan Manuel Cerundolo,0.69,0.73,False,0.605,68,1771967880,1771971772
26FEB22MOLBUR,Elmer Moller,0.44,0.54,True,0.2725,101,1771951320,1771953739
26FEB22TIRBUS,Ignacio Buse,0.77,0.83,False,0.425,90,1771965000,1771967850
26FEB22COMMAR,Francisco Comesana,0.78,0.79,True,0.6699999999999999,102,1771879500,1771881258
26FEB22TABBAR,Alejandro Tabilo,0.84,0.85,True,0.585,74,1771975020,1771983166
26FEB22NAVKOP,Vit Kopriva,0.68,0.69,False,0.395,112,1771959480,1771961588
26FEB22LAJHAN,Yannick Hanfmann,0.9,0.91,True,0.6074999999999999,73,1771862700,1771865027
26FEB21LUZROC,Henrique Rocha,0.91,0.94,True,0.855,60,1771699260,1771700340
26FEB22HALSHE,Quentin Halys,0.83,0.87,True,0.6475,97,1771752120,1771755263
26FEB22CARNAR,Luca Nardi,0.74,0.76,False,0.505,112,1771752600,1771756748
26FEB22AUGZHA,Felix Auger-Aliassime,0.9,0.91,True,0.825,101,1771859160,1771862659
26FEB22BERBRO,Jenson Brooksby,0.93,0.94,True,0.505,109,1771927140,1771932791
26FEB22RUBROY,Andrey Rublev,0.93,0.94,True,0.815,72,1771952700,1771954968
26FEB22HUMTSI,Ugo Humbert,0.7,0.72,True,0.5325,89,1771946100,1771948351
26FEB22MENHUR,Jakub Mensik,0.83,0.84,True,0.5874999999999999,85,1771951560,1771954355
26FEB22POPMAJ,Kamil Majchrzak,0.64,0.66,False,0.475,81,1771948200,1771950459
26FEB22MEDSHA,Daniil Medvedev,0.94,0.98,True,0.825,119,1771926420,1771930081
26FEB22MARRIN,Fabian Marozsan,0.81,0.83,False,0.605,91,1771935720,1771937249
26FEB22WAWHAS,Stan Wawrinka,0.95,0.96,True,0.84,80,1771852140,1771854820
26FEB22STRVIR,Jan-Lennard Struff,0.5,0.51,False,0.615,108,1771744500,1771748112
26FEB22MPECHO,Jan Choinski,0.57,0.59,False,0.315,111,1771744440,1771746549
26FEB21TABBUS,Alejandro Tabilo,0.83,0.84,True,0.585,69,1771769880,1771772871
26FEB21PAUTIE,Learner Tien,0.55,0.56,False,0.385,115,1771722240,1771725965
26FEB21NUNBAR,Alex Barrena,0.97,0.99,True,0.96,99,1771689480,1771690101
26FEB21PELVIL,Andrea Pellegrino,0.94,0.97,True,0.9375,114,1771690380,1771692186
26FEB21PRIHEI,Dino Prizmic,0.94,0.96,True,0.61,66,1771690440,1771692834
26FEB21GAUREI,Vilius Gaubas,0.91,0.93,True,0.75,63,1771683300,1771685637
26FEB21VALMON,Thiago Monteiro,0.4,0.43,False,0.375,67,1771693740,1771698293
26FEB21MENGAL,Daniel Elahi Galan,0.75,0.77,True,0.615,82,1771697640,1771701278
26FEB21TORDEL,Hugo Dellien,0.97,0.98,True,0.915,96,1771683480,1771685064
26FEB21HERWON,Coleman Wong,0.97,0.98,True,0.895,99,1771727700,1771730121
26FEB21DESHI,Sho Shimabukuro,0.98,0.99,True,0.985,144,1771718160,1771717776
26FEB21SVAMAR,Zachary Svajda,0.96,1.0,True,0.86,148,1771725900,1771727672
26FEB21FICYIB,Yibing Wu,0.93,0.98,True,0.86,98,1771720500,1771722022
26FEB21KYPKOZ,Patrick Kypson,0.8,0.82,True,0.7975000000000001,63,1771730880,1771734297
26FEB21HIJMAG,Rinky Hijikata,0.95,0.96,True,0.915,90,1771714860,1771719930
26FEB21MCDYME,Elias Ymer,0.74,0.76,True,0.315,92,1771716720,1771719328
26FEB21TOMMEJ,Nicolas Mejia,0.92,0.94,True,0.44999999999999996,79,1771723620,1771724981
26FEB21COBKOR,Sebastian Korda,0.85,0.88,True,0.7175,106,1771705080,1771708094
26FEB21ETCKOP,Vit Kopriva,0.63,0.64,False,0.61,75,1771769700,1771771185
26FEB21ALCFIL,Carlos Alcaraz,0.99,1.0,True,0.865,110,1771697880,1771699750
26FEB21STRAL,Jan-Lennard Struff,0.98,0.99,True,0.9299999999999999,109,1771662180,1771663331
26FEB21VIRVUK,Otto Virtanen,0.94,0.95,True,0.5700000000000001,113,1771657860,1771659787
26FEB21HALOCO,Quentin Halys,0.93,0.95,True,0.55,110,1771668660,1771671850
26FEB21CHODEJ,Jan Choinski,0.75,0.77,True,0.31,96,1771657860,1771659804
26FEB21BASSHE,Alexander Shevchenko,0.81,0.85,True,0.645,101,1771665600,1771668199
26FEB21VANCAR,Pablo Carreno Busta,0.91,0.93,True,0.275,88,1771664040,1771666352
26FEB21MPEMOC,Giovanni Mpetshi Perricard,0.93,0.95,True,0.71,99,1771657980,1771659801
26FEB20FRIPAU,Tommy Paul,0.65,0.66,True,0.4025,105,1771639320,1771642335
26FEB20BUSBER,Ignacio Buse,0.57,0.58,True,0.33999999999999997,119,1771627860,1771630561
26FEB20TIETIA,Learner Tien,0.77,0.78,True,0.64,61,1771628760,1771633919
26FEB20ETCFAR,Tomas Martin Etcheverry,0.8,0.82,True,0.73,93,1771618860,1771623987
26FEB20FILMEN,Arthur Fils,0.65,0.67,True,0.405,103,1771615020,1771616777
26FEB20TIRTAB,Alejandro Tabilo,0.81,0.83,True,0.61,78,1771642680,1771644402
26FEB20ALCRUB,Carlos Alcaraz,0.92,0.93,True,0.855,99,1771606080,1771609581
26FEB20WONCOB,Flavio Cobolli,0.7,0.73,True,0.48,69,1771607400,1771614111
26FEB20KORRUU,Casper Ruud,0.76,0.78,False,0.485,86,1771620420,1771623994
26FEB18GIRRUU,Marcos Giron,0.69,0.7,False,0.355,62,1771463100,1771466158
26FEB19MENSIN,Jakub Mensik,0.36,0.37,True,0.095,68,1771529820,1771533112
26FEB19TSIRUB,Andrey Rublev,0.78,0.79,True,0.575,70,1771502460,1771506350
26FEB19FRIJOD,Taylor Fritz,0.9,0.91,True,0.785,87,1771551600,1771554933
26FEB19TIEKEC,Learner Tien,0.73,0.75,True,0.665,69,1771521720,1771527351
26FEB19LEHFIL,Arthur Fils,0.74,0.79,True,0.39,116,1771509840,1771513864
26FEB19ETCGAU,Tomas Martin Etcheverry,0.89,0.9,True,0.78,115,1771530360,1771535465
26FEB19WALPAU,Tommy Paul,0.94,0.95,True,0.9,113,1771544940,1771548667
26FEB19DZUFAR,Jaime Faria,0.84,0.85,True,0.6,92,1771530240,1771533688
26FEB19ALCKHA,Karen Khachanov,0.38,0.4,False,0.07500000000000001,89,1771517700,1771524091
26JAN29DJOSIN,Jannik Sinner,0.94,0.95,False,0.895,71,1769764740,1769771089
26JAN29ALCZVE,Carlos Alcaraz,0.91,0.92,True,0.845,114,1769738400,1769747706
26JAN27SHESIN,Jannik Sinner,0.94,0.95,True,0.895,111,1769579700,1769592309
26JAN26MUSDJO,Lorenzo Musetti,0.68,0.69,False,0.275,112,1769574780,1769578508
26JAN26ALCDE,Carlos Alcaraz,0.91,0.92,True,0.85,94,1769504760,1769509826
26JAN26ZVETIE,Alexander Zverev,0.84,0.85,True,0.675,73,1769480700,1769484647
26JAN25SHERUU,Casper Ruud,0.51,0.52,False,0.365,76,1769421540,1769423744
26JAN24MUSFRI,Lorenzo Musetti,0.75,0.76,True,0.455,81,1769396340,1769399139
26JAN24DARSIN,Jannik Sinner,0.98,0.99,True,0.96,65,1769406120,1769413555
26JAN24BUBDE,Alex de Minaur,0.86,0.87,True,0.605,93,1769324160,1769331387
26JAN24ZVECER,Alexander Zverev,0.92,0.93,True,0.715,117,1769319180,1769325123
26JAN24ALCPAU,Carlos Alcaraz,0.93,0.94,True,0.895,79,1769301180,1769313761
26JAN23CILRUU,Casper Ruud,0.86,0.87,True,0.725,62,1769240220,1769253418
26JAN23WAWFRI,Taylor Fritz,0.82,0.83,True,0.905,66,1769233500,1769240214
26JAN23SPISIN,Eliot Spizzirri,0.05,0.06,False,0.015,96,1769220180,1769222544
26JAN23MUSMAC,Tomas Machac,0.52,0.54,False,0.355,96,1769208300,1769216844
26JAN23VANDJO,Novak Djokovic,0.97,0.98,True,0.925,111,1769240160,1769245329
26JAN22MENQUI,Jakub Mensik,0.83,0.84,True,0.685,65,1769238180,1769251015
26JAN22SHEVAC,Ben Shelton,0.89,0.9,True,0.785,88,1769218020,1769229392
26JAN22KHADAR,Luciano Darderi,0.38,0.4,True,0.215,71,1769210220,1769216269
26JAN22TIADE,Alex de Minaur,0.89,0.9,True,0.825,61,1769148420,1769158979
26JAN22ZVENOR,Alexander Zverev,0.99,1.0,True,0.815,89,1769152500,1769166451
26JAN22BUBETC,Alexander Bublik,0.8,0.81,True,0.795,83,1769153280,1769167057
26JAN22TIEBOR,Learner Tien,0.77,0.78,True,0.6799999999999999,119,1769126340,1769131081
26JAN22ALCMOU,Carlos Alcaraz,0.99,1.0,True,0.975,68,1769135760,1769140432
26JAN22PAUDAV,Tommy Paul,0.86,0.9,True,0.655,100,1769130780,1769138840
26JAN22MEDMAR,Fabian Marozsan,0.33,0.34,False,0.16999999999999998,108,1769130360,1769133192
26JAN22CERRUB,Francisco Cerundolo,0.6,0.61,True,0.45999999999999996,71,1769145120,1769155669
26JAN20MUSSON,Lorenzo Musetti,0.92,0.94,True,0.715,87,1769038020,1769047233
26JAN20BAEDAR,Luciano Darderi,0.36,0.37,True,0.38,82,1769034900,1769044538
26JAN21SHESWE,Ben Shelton,0.97,0.98,True,0.915,89,1769038020,1769049331
26JAN21MENJOD,Jakub Mensik,0.89,0.91,True,0.625,91,1769039400,1769044769
26JAN21SPIYIB,Eliot Spizzirri,0.73,0.75,True,0.585,69,1769050500,1769056431
26JAN21HURQUI,Ethan Quinn,0.48,0.5,True,0.21500000000000002,115,1769049000,1769050745
26JAN21KHABAS,Karen Khachanov,0.94,0.95,True,0.735,77,1769031900,1769044783
26JAN21KOPFRI,Taylor Fritz,0.9,0.93,True,0.905,425,1769063160,1769070835
26JAN20BUBFUC,Alexander Bublik,0.92,0.93,True,0.845,102,1768978500,1768983018
26JAN20MUNRUU,Casper Ruud,0.7,0.72,True,0.7424999999999999,66,1769080560,1769081634
26JAN20THOBOR,Jordan Thompson,0.35,0.36,False,0.35,71,1768970160,1768974889
26JAN20HIJVAC,Valentin Vacherot,0.89,0.9,True,0.635,89,1769038980,1769044531
26JAN20ALCHAN,Carlos Alcaraz,0.99,1.0,True,0.985,168,1768965300,1768971012
26JAN20GEAWAW,Arthur Gea,0.82,0.83,False,0.62,62,1769058300,1769061838
26JAN20CERDZU,Francisco Cerundolo,0.99,1.0,True,0.8,95,1768949880,1768959985
26JAN20FARRUB,Andrey Rublev,0.96,0.98,True,0.885,104,1768956900,1768959976
26JAN20ETCFER,Tomas Martin Etcheverry,0.85,0.87,True,0.595,81,1768952940,1768966539
26JAN20MAEDJO,Novak Djokovic,0.98,1.0,True,0.975,71,1769049660,1769053129
26JAN20TIESHE,Learner Tien,0.97,0.98,True,0.8200000000000001,105,1768970700,1768975515
26JAN20NAVNOR,Cameron Norrie,0.75,0.78,True,0.675,65,1768974240,1768981135
26JAN20OPEDAV,Alejandro Davidovich Fokina,0.72,0.74,True,0.695,118,1768957620,1768966502
26JAN20MEDHAL,Quentin Halys,0.48,0.53,False,0.18,83,1768962480,1768965337
26JAN20ZHEMOU,Michael Zheng,0.5,0.51,False,0.42,88,1768969320,1768974872
26JAN20SHACIL,Marin Cilic,0.6,0.61,True,0.4175,99,1769062140,1769066301
26JAN20VANSHA,Botic Van de Zandschulp,0.7,0.72,True,0.4275,80,1769055780,1769057020
26JAN20PAUTIR,Tommy Paul,0.97,0.99,True,0.905,82,1768953660,1768959938
