gid,date,th,period,price,won,tpa,tpm,opp_tpa,g3pct,g3pa,was_fav
401859967,2026-06-13,15,2,0.21999999999999997,True,2,0,3,0.3,10,False
401859966,2026-06-10,20,1,0.22999999999999998,True,2,0,1,0.4,5,True
401873202,2026-05-28,15,2,0.28,False,1,0,2,0.16666666666666666,6,False
401873202,2026-05-28,20,3,0.030000000000000027,False,2,0,0,0.2,20,False
401873201,2026-05-26,15,3,0.09999999999999998,False,0,0,1,0.3125,16,False
401873201,2026-05-26,20,3,0.08999999999999997,False,0,0,2,0.3125,16,False
401873344,2026-05-25,15,2,0.09999999999999998,False,2,0,2,0.23076923076923078,13,False
401873344,2026-05-25,20,2,0.09999999999999998,False,2,0,2,0.23076923076923078,13,False
401873343,2026-05-23,15,4,0.010000000000000009,False,2,1,5,0.2727272727272727,33,True
401873342,2026-05-21,15,3,0.06000000000000005,False,3,0,2,0.2,25,False
401873341,2026-05-19,15,3,0.17,True,0,0,2,0.21052631578947367,19,True
401873341,2026-05-19,20,4,0.01,True,0,0,4,0.21052631578947367,19,True
401873200,2026-05-24,15,1,0.22999999999999998,False,1,0,1,0.0,3,False
401873200,2026-05-24,20,3,0.050000000000000044,False,1,0,1,0.14285714285714285,14,False
401873199,2026-05-22,15,4,0.08,False,1,0,4,0.3448275862068966,29,True
401873199,2026-05-22,15,1,0.24,True,0,0,2,0.0,0,False
401871338,2026-05-15,15,4,0.10999999999999999,False,4,0,4,0.34782608695652173,23,True
401871338,2026-05-15,20,4,0.010000000000000009,False,4,1,4,0.36363636363636365,33,True
401871157,2026-05-15,15,2,0.12,False,3,1,2,0.42857142857142855,7,False
401871157,2026-05-15,20,2,0.050000000000000044,False,4,0,0,0.3333333333333333,9,False
401871337,2026-05-13,15,2,0.17000000000000004,True,2,0,0,0.3333333333333333,9,False
401871156,2026-05-12,15,1,0.12,False,3,0,2,0.0,3,False
401871156,2026-05-12,20,4,0.010000000000000009,False,1,0,1,0.3333333333333333,18,False
401871336,2026-05-11,15,3,0.07999999999999996,False,1,0,3,0.5,12,False
401871336,2026-05-11,20,4,0.020000000000000018,False,1,0,1,0.5333333333333333,15,False
401871333,2026-05-05,15,1,0.15000000000000002,False,3,1,1,0.3333333333333333,6,False
401871335,2026-05-09,15,2,0.12,False,1,0,2,0.16666666666666666,12,False
401871326,2026-05-05,15,4,0.030000000000000027,False,2,0,3,0.2857142857142857,21,False
401871326,2026-05-05,20,4,0.010000000000000009,False,3,1,3,0.3076923076923077,26,False
401871159,2026-05-04,15,2,0.07999999999999996,False,1,0,1,0.38461538461538464,13,False
401871159,2026-05-04,20,2,0.040000000000000036,False,0,0,3,0.38461538461538464,13,False
401871162,2026-05-10,15,1,0.18,False,3,2,5,0.25,8,False
401871162,2026-05-10,20,1,0.13,False,3,1,4,0.2222222222222222,9,False
401871327,2026-05-07,15,4,0.010000000000000009,False,0,0,3,0.4074074074074074,27,False
401871327,2026-05-07,20,4,0.010000000000000009,False,2,0,6,0.3793103448275862,29,False
401871328,2026-05-09,15,4,0.010000000000000009,False,0,0,2,0.4782608695652174,23,False
401871328,2026-05-09,20,4,0.010000000000000009,False,0,0,3,0.4782608695652174,23,False
401871161,2026-05-08,15,4,0.01,False,2,0,2,0.3333333333333333,24,True
401871154,2026-05-08,15,1,0.16000000000000003,False,1,0,4,0.0,3,False
401871153,2026-05-06,15,2,0.06999999999999995,False,4,0,3,0.15384615384615385,13,False
401871153,2026-05-06,20,2,0.030000000000000027,False,2,0,0,0.13333333333333333,15,False
401869409,2026-05-01,15,2,0.27,False,1,0,1,0.2857142857142857,7,True
401869409,2026-05-01,20,3,0.14,False,0,0,0,0.2222222222222222,9,True
401869417,2026-05-01,15,2,0.24,True,1,0,4,0.4,10,True
401869417,2026-05-01,20,2,0.12,True,2,0,1,0.3333333333333333,12,True
401869410,2026-04-30,15,3,0.25,False,2,1,2,0.3333333333333333,15,True
401869410,2026-04-30,20,3,0.040000000000000036,False,3,0,1,0.2608695652173913,23,True
401869393,2026-04-30,15,1,0.15000000000000002,False,0,0,1,0.0,4,False
401869393,2026-04-30,20,1,0.08999999999999997,False,0,0,2,0.0,4,False
401869381,2026-05-01,15,3,0.18999999999999995,False,2,0,2,0.2857142857142857,21,True
401869416,2026-04-29,15,2,0.07999999999999996,False,0,0,0,0.5,6,False
401869386,2026-04-28,15,1,0.09999999999999998,False,6,0,3,0.0,10,False
401869386,2026-04-28,20,2,0.040000000000000036,False,3,0,2,0.07142857142857142,14,False
401869392,2026-04-28,15,2,0.10999999999999999,False,3,1,2,0.2222222222222222,9,False
401869392,2026-04-28,20,2,0.06000000000000005,False,4,1,0,0.2857142857142857,14,False
401869408,2026-04-28,15,4,0.010000000000000009,False,0,0,2,0.29411764705882354,34,True
401869373,2026-04-27,15,3,0.04,False,0,0,2,0.5454545454545454,22,False
401869401,2026-04-27,15,3,0.07999999999999996,False,0,0,1,0.47368421052631576,19,False
401869401,2026-04-27,20,3,0.020000000000000018,False,1,0,2,0.42857142857142855,21,False
401869370,2026-04-25,15,4,0.01,False,0,0,1,0.2903225806451613,31,False
401869368,2026-04-22,15,3,0.030000000000000027,False,1,0,2,0.3333333333333333,15,False
401869368,2026-04-22,20,3,0.010000000000000009,False,1,1,3,0.3684210526315789,19,False
401869414,2026-04-25,15,4,0.08999999999999997,False,1,0,5,0.2857142857142857,21,True
401869411,2026-04-22,15,3,0.07999999999999996,False,4,1,2,0.25,20,False
401869411,2026-04-22,20,3,0.030000000000000027,False,3,1,2,0.25,20,False
401869192,2026-04-19,15,1,0.030000000000000027,False,4,1,5,0.25,12,False
401869192,2026-04-19,20,2,0.010000000000000009,False,1,1,3,0.3076923076923077,13,False
401869406,2026-04-26,15,1,0.13,False,1,1,6,0.3333333333333333,6,False
401869406,2026-04-26,20,2,0.08,False,2,0,7,0.25,8,False
401869191,2026-04-19,15,1,0.050000000000000044,False,2,0,2,0.125,8,False
401869191,2026-04-19,20,2,0.020000000000000018,False,2,1,2,0.2,10,False
401869396,2026-04-21,15,4,0.010000000000000009,False,4,1,4,0.28205128205128205,39,True
401866759,2026-04-17,15,1,0.18999999999999995,False,3,0,3,0.14285714285714285,7,False
401866758,2026-04-17,15,1,0.28,False,3,1,5,0.3333333333333333,6,True
401866758,2026-04-17,20,1,0.18000000000000005,False,1,1,1,0.42857142857142855,7,True
401869385,2026-04-26,15,4,0.020000000000000018,False,0,0,2,0.3076923076923077,26,False
401869385,2026-04-26,20,4,0.010000000000000009,False,1,0,1,0.2962962962962963,27,False
401869385,2026-04-26,15,2,0.31000000000000005,True,3,1,3,0.4166666666666667,12,True
401869382,2026-04-24,15,4,0.030000000000000027,False,0,0,2,0.3225806451612903,31,False
401869382,2026-04-24,15,3,0.20999999999999996,True,3,1,4,0.4,20,True
401869194,2026-04-19,15,2,0.040000000000000036,False,3,0,2,0.25,16,False
401869194,2026-04-19,20,4,0.010000000000000009,False,2,0,2,0.25925925925925924,27,False
401869391,2026-04-25,15,2,0.13,False,2,0,4,0.2222222222222222,18,False
401869391,2026-04-25,20,3,0.020000000000000018,False,3,1,3,0.2413793103448276,29,False
401869405,2026-04-26,15,3,0.17999999999999994,False,2,0,1,0.125,8,False
401869405,2026-04-26,20,3,0.050000000000000044,False,2,0,2,0.125,8,False
401869399,2026-04-25,15,4,0.010000000000000009,False,3,0,1,0.19230769230769232,26,True
401869400,2026-04-24,15,2,0.22999999999999998,False,4,1,3,0.4375,16,True
401869398,2026-04-23,15,2,0.21999999999999997,False,3,1,3,0.1111111111111111,9,False
401869398,2026-04-23,20,2,0.09999999999999998,False,1,1,1,0.2727272727272727,11,False
401869375,2026-04-23,15,4,0.010000000000000009,False,5,1,4,0.34210526315789475,38,True
401869375,2026-04-23,20,4,0.010000000000000009,False,5,0,3,0.3333333333333333,39,True
401869389,2026-04-23,15,2,0.29000000000000004,False,1,1,2,0.2222222222222222,9,True
401869397,2026-04-21,15,2,0.35,False,5,0,3,0.2,10,True
401869369,2026-04-20,15,3,0.030000000000000027,False,1,0,4,0.26666666666666666,15,False
401869395,2026-04-20,15,1,0.12,True,1,0,3,0.42857142857142855,7,False
401869187,2026-04-18,15,3,0.06000000000000005,False,1,0,1,0.5,16,False
401869187,2026-04-18,20,3,0.020000000000000018,False,2,0,4,0.47058823529411764,17,False
401869189,2026-04-18,15,4,0.010000000000000009,False,3,1,3,0.3333333333333333,27,False
401869188,2026-04-18,15,3,0.07000000000000006,False,2,0,2,0.3181818181818182,22,False
401869190,2026-04-18,15,4,0.050000000000000044,False,4,2,4,0.45,20,True
401811049,2026-04-12,15,2,0.040000000000000036,False,2,0,5,0.23529411764705882,17,False
401811049,2026-04-12,20,2,0.020000000000000018,False,4,0,3,0.21052631578947367,19,False
401811051,2026-04-12,15,1,0.33999999999999997,False,5,1,4,0.2,5,True
401811051,2026-04-12,20,1,0.29000000000000004,False,4,0,4,0.14285714285714285,7,True
401811050,2026-04-12,15,2,0.12,False,3,0,5,0.1,10,False
401811052,2026-04-12,15,2,0.28,False,4,0,3,0.3333333333333333,15,True
401811052,2026-04-12,20,2,0.16,False,3,0,3,0.3333333333333333,15,True
401811053,2026-04-12,15,2,0.030000000000000027,False,4,1,5,0.1875,16,False
401811053,2026-04-12,20,3,0.030000000000000027,False,0,0,0,0.2222222222222222,18,False
401811055,2026-04-12,15,2,0.040000000000000036,False,0,0,4,0.3333333333333333,9,False
401811055,2026-04-12,20,2,0.020000000000000018,False,1,1,3,0.4,10,False
401811048,2026-04-12,15,1,0.17000000000000004,False,4,1,5,0.25,4,False
401811048,2026-04-12,20,2,0.040000000000000036,False,2,0,4,0.25,8,False
401811046,2026-04-12,15,3,0.030000000000000027,False,7,1,4,0.25,28,False
401811046,2026-04-12,20,3,0.010000000000000009,False,9,1,6,0.22580645161290322,31,False
401811045,2026-04-12,15,2,0.06,False,3,2,4,0.3125,16,False
401811045,2026-04-12,20,4,0.01,False,4,0,2,0.2903225806451613,31,False
401811044,2026-04-12,15,2,0.06999999999999995,False,4,1,0,0.18181818181818182,11,False
401811044,2026-04-12,20,4,0.010000000000000009,False,2,1,2,0.3870967741935484,31,False
401811042,2026-04-12,15,1,0.030000000000000027,False,1,1,4,0.4,5,False
401811042,2026-04-12,20,1,0.030000000000000027,False,1,1,5,0.4,5,False
401811047,2026-04-12,15,2,0.030000000000000027,False,4,0,0,0.3076923076923077,13,False
401811047,2026-04-12,20,3,0.010000000000000009,False,4,0,2,0.32,25,False
401811041,2026-04-12,15,3,0.18999999999999995,False,3,0,4,0.24,25,True
401811043,2026-04-12,15,1,0.03,False,7,4,2,0.3333333333333333,12,False
401811043,2026-04-12,20,3,0.01,False,1,0,0,0.3333333333333333,27,False
401811038,2026-04-10,15,2,0.22999999999999998,False,6,0,5,0.15384615384615385,13,False
401811038,2026-04-10,20,2,0.16000000000000003,False,1,0,3,0.14285714285714285,14,False
401811039,2026-04-10,15,2,0.5,False,5,2,4,0.4117647058823529,17,True
401811040,2026-04-10,15,1,0.21999999999999997,False,1,0,1,0.3333333333333333,6,True
401811040,2026-04-10,20,3,0.020000000000000018,False,3,0,0,0.19230769230769232,26,True
401811036,2026-04-10,15,2,0.10999999999999999,False,3,0,1,0.21428571428571427,14,False
401811036,2026-04-10,20,2,0.06000000000000005,False,5,1,4,0.25,16,False
401811032,2026-04-10,15,3,0.040000000000000036,False,2,0,1,0.21052631578947367,19,False
401811032,2026-04-10,20,3,0.010000000000000009,False,3,0,3,0.19047619047619047,21,False
401811035,2026-04-10,15,3,0.020000000000000018,False,4,0,1,0.32,25,False
401811035,2026-04-10,20,4,0.010000000000000009,False,1,0,2,0.32,25,False
401811037,2026-04-10,15,4,0.040000000000000036,False,2,0,4,0.3333333333333333,36,False
401811037,2026-04-10,20,4,0.010000000000000009,False,2,0,5,0.32432432432432434,37,False
401811034,2026-04-10,15,1,0.07999999999999996,False,4,0,3,0.0,4,False
401811034,2026-04-10,20,1,0.020000000000000018,False,6,0,2,0.0,6,False
401811031,2026-04-10,15,2,0.09999999999999998,False,1,0,2,0.42857142857142855,7,False
401811029,2026-04-10,15,1,0.020000000000000018,False,1,0,6,0.0,5,False
401811029,2026-04-10,20,1,0.020000000000000018,False,2,0,6,0.0,6,False
401811026,2026-04-10,15,4,0.030000000000000027,False,2,0,1,0.3333333333333333,36,True
401811026,2026-04-10,20,4,0.010000000000000009,False,4,0,2,0.2926829268292683,41,True
401811027,2026-04-10,15,2,0.03,False,2,0,3,0.36363636363636365,11,False
401811027,2026-04-10,20,2,0.01,False,1,1,0,0.4166666666666667,12,False
401811028,2026-04-10,15,3,0.09999999999999998,False,0,0,1,0.2857142857142857,14,False
401811028,2026-04-10,20,3,0.030000000000000027,False,2,0,0,0.25,16,False
401811024,2026-04-09,15,2,0.14,False,1,0,1,0.42857142857142855,7,False
401811024,2026-04-09,20,2,0.07000000000000006,False,4,2,2,0.42857142857142855,14,False
401811025,2026-04-09,15,3,0.12,False,3,0,2,0.2608695652173913,23,True
401811025,2026-04-09,20,4,0.010000000000000009,False,1,0,1,0.25,24,True
401811022,2026-04-09,15,1,0.16000000000000003,False,3,0,3,0.125,8,False
401811022,2026-04-09,20,2,0.08999999999999997,False,2,0,2,0.1111111111111111,9,False
401811020,2026-04-09,15,2,0.12,False,2,0,3,0.23076923076923078,13,False
401811020,2026-04-09,20,3,0.050000000000000044,False,0,0,0,0.21428571428571427,14,False
401811021,2026-04-09,15,4,0.07,False,1,0,1,0.20833333333333334,24,False
401811019,2026-04-08,15,3,0.050000000000000044,False,2,0,0,0.3125,16,False
401811016,2026-04-08,15,2,0.15000000000000002,False,0,0,0,0.14285714285714285,14,False
401811017,2026-04-08,15,3,0.020000000000000018,False,4,1,5,0.3783783783783784,37,False
401811017,2026-04-08,20,4,0.010000000000000009,False,3,1,0,0.375,40,False
401811018,2026-04-08,15,1,0.08999999999999997,False,3,1,1,0.2857142857142857,7,False
401811018,2026-04-08,20,2,0.020000000000000018,False,2,0,4,0.375,16,False
401811015,2026-04-08,15,2,0.020000000000000018,False,3,1,2,0.3125,16,False
401811015,2026-04-08,20,3,0.010000000000000009,False,1,0,0,0.30434782608695654,23,False
401811014,2026-04-08,15,3,0.050000000000000044,False,5,2,4,0.30434782608695654,23,False
401811014,2026-04-08,20,3,0.010000000000000009,False,0,0,4,0.30434782608695654,23,False
401811013,2026-04-08,15,3,0.040000000000000036,False,1,1,4,0.45,20,False
401811009,2026-04-07,15,2,0.030000000000000027,False,2,0,4,0.46153846153846156,13,False
401811011,2026-04-07,15,1,0.050000000000000044,False,2,0,3,0.0,2,False
401811011,2026-04-07,20,1,0.040000000000000036,False,4,0,4,0.0,4,False
401811012,2026-04-07,15,4,0.01,False,0,0,5,0.2727272727272727,22,False
401811012,2026-04-07,15,1,0.25,True,5,1,3,0.2,5,True
401811012,2026-04-07,20,1,0.22999999999999998,True,5,0,3,0.16666666666666666,6,True
401811008,2026-04-07,15,3,0.050000000000000044,False,5,0,2,0.45,20,False
401811008,2026-04-07,20,4,0.010000000000000009,False,4,0,2,0.375,24,False
401811010,2026-04-07,15,2,0.020000000000000018,False,0,0,2,0.35714285714285715,14,False
401811010,2026-04-07,20,3,0.010000000000000009,False,1,0,6,0.3125,16,False
401811006,2026-04-07,15,2,0.13,False,3,1,0,0.23529411764705882,17,False
401811006,2026-04-07,20,4,0.020000000000000018,False,2,0,3,0.27586206896551724,29,False
401811005,2026-04-07,15,3,0.14,False,2,0,1,0.2692307692307692,26,True
401811003,2026-04-07,15,1,0.12,False,3,0,1,0.0,3,False
401811003,2026-04-07,20,1,0.07,False,2,1,3,0.2,5,False
401811007,2026-04-07,15,1,0.050000000000000044,False,2,0,4,0.25,4,False
401811007,2026-04-07,20,3,0.010000000000000009,False,2,0,4,0.2857142857142857,14,False
401811002,2026-04-06,15,3,0.18999999999999995,True,6,1,4,0.2222222222222222,27,True
401811000,2026-04-06,15,3,0.03,False,7,2,4,0.45714285714285713,35,False
401811000,2026-04-06,15,2,0.56,True,3,0,5,0.2,10,True
401810999,2026-04-06,15,3,0.08999999999999997,False,0,0,1,0.25,16,True
401810999,2026-04-06,20,3,0.040000000000000036,False,0,0,2,0.25,16,True
401810997,2026-04-05,15,3,0.06999999999999995,False,0,0,4,0.2916666666666667,24,False
401810996,2026-04-05,15,2,0.04,False,3,2,5,0.4444444444444444,9,False
401810996,2026-04-05,20,3,0.01,False,2,0,3,0.5,14,False
401810995,2026-04-05,15,2,0.17999999999999994,False,0,0,3,0.6,5,True
401810995,2026-04-05,20,2,0.13,False,1,0,2,0.5,6,True
401810992,2026-04-05,15,4,0.04,False,2,0,2,0.37037037037037035,27,False
401810992,2026-04-05,20,4,0.02,False,3,0,2,0.3448275862068966,29,False
401810993,2026-04-05,15,3,0.3400000000000001,True,4,0,2,0.09523809523809523,21,True
401810994,2026-04-05,15,1,0.010000000000000009,False,6,1,5,0.16666666666666666,6,False
401810994,2026-04-05,20,2,0.010000000000000009,False,5,2,3,0.2857142857142857,14,False
401810991,2026-04-05,15,4,0.010000000000000009,False,2,0,3,0.35,40,False
401810990,2026-04-05,15,2,0.06999999999999995,False,6,1,5,0.25,12,False
401810987,2026-04-05,15,4,0.010000000000000009,False,0,0,2,0.42105263157894735,19,False
401810988,2026-04-05,15,1,0.17999999999999994,False,5,1,1,0.16666666666666666,6,False
401810986,2026-04-04,15,3,0.09,False,3,1,3,0.3333333333333333,18,False
401810986,2026-04-04,20,3,0.06,False,1,1,2,0.3684210526315789,19,False
401810984,2026-04-04,15,2,0.020000000000000018,False,1,0,0,0.375,8,False
401810984,2026-04-04,20,2,0.020000000000000018,False,4,1,1,0.3333333333333333,12,False
401810979,2026-04-03,15,2,0.030000000000000027,False,1,0,4,0.09090909090909091,11,False
401810979,2026-04-03,20,2,0.020000000000000018,False,1,0,7,0.09090909090909091,11,False
401810983,2026-04-03,15,2,0.07,True,4,0,1,0.25,12,False
401810981,2026-04-03,15,1,0.02,False,5,2,5,0.4,5,False
401810981,2026-04-03,20,1,0.01,False,4,2,3,0.4166666666666667,12,False
401810980,2026-04-03,15,2,0.030000000000000027,False,2,0,2,0.3333333333333333,21,False
401810980,2026-04-03,20,3,0.020000000000000018,False,2,0,1,0.25925925925925924,27,False
401810982,2026-04-03,15,3,0.06000000000000005,False,0,0,0,0.4444444444444444,18,False
401810982,2026-04-03,20,3,0.020000000000000018,False,3,0,1,0.4090909090909091,22,False
401810978,2026-04-03,15,1,0.040000000000000036,False,5,0,2,0.0,5,False
401810978,2026-04-03,20,1,0.030000000000000027,False,5,1,3,0.125,8,False
401810977,2026-04-03,15,1,0.03,False,1,0,4,0.0,1,False
401810977,2026-04-03,20,4,0.01,False,2,1,7,0.35294117647058826,17,False
401810976,2026-04-03,15,4,0.030000000000000027,False,3,0,1,0.25,36,False
401810975,2026-04-03,15,1,0.020000000000000018,False,5,0,5,0.125,8,False
401810975,2026-04-03,20,1,0.020000000000000018,False,5,0,6,0.1111111111111111,9,False
401810971,2026-04-02,15,1,0.09999999999999998,False,3,1,3,0.3333333333333333,3,False
401810971,2026-04-02,20,1,0.06999999999999995,False,5,2,5,0.42857142857142855,7,False
401810974,2026-04-02,15,2,0.26,False,1,0,2,0.14285714285714285,7,True
401810974,2026-04-02,20,2,0.17000000000000004,False,0,0,1,0.14285714285714285,7,True
401810969,2026-04-02,15,3,0.040000000000000036,False,3,0,3,0.375,24,False
401810969,2026-04-02,20,4,0.010000000000000009,False,4,2,4,0.3793103448275862,29,False
401810968,2026-04-01,15,1,0.040000000000000036,False,2,0,1,0.14285714285714285,7,False
401810968,2026-04-01,20,2,0.030000000000000027,False,1,0,4,0.2,15,False
401810967,2026-04-01,15,2,0.04,False,1,0,2,0.38461538461538464,13,False
401810961,2026-04-01,15,1,0.08,False,4,1,5,0.5,12,False
401810961,2026-04-01,20,1,0.09,False,4,1,6,0.5,12,False
401810965,2026-04-01,15,1,0.030000000000000027,False,2,0,6,0.3333333333333333,6,False
401810965,2026-04-01,20,3,0.020000000000000018,False,3,0,5,0.25,20,False
401810964,2026-04-01,15,2,0.25,False,1,0,5,0.35714285714285715,14,True
401810964,2026-04-01,20,3,0.06999999999999995,False,1,0,1,0.35294117647058826,17,True
401810858,2026-04-01,15,1,0.050000000000000044,False,5,1,1,0.36363636363636365,11,False
401810858,2026-04-01,20,2,0.030000000000000027,False,2,1,2,0.4666666666666667,15,False
401810962,2026-04-01,15,2,0.14,False,3,0,1,0.08333333333333333,12,False
401810962,2026-04-01,20,2,0.1,False,3,0,1,0.07142857142857142,14,False
401810960,2026-04-01,15,3,0.02,False,4,0,5,0.38095238095238093,21,False
401810960,2026-04-01,20,3,0.02,False,4,0,4,0.38095238095238093,21,False
401858694,2026-03-31,15,2,0.19999999999999996,False,1,0,2,0.2,15,True
401858694,2026-03-31,20,3,0.06000000000000005,False,1,0,4,0.2,20,True
401810958,2026-03-31,15,2,0.18999999999999995,False,3,0,3,0.3076923076923077,13,False
401810958,2026-03-31,20,3,0.040000000000000036,False,3,1,0,0.3684210526315789,19,False
401810959,2026-03-31,15,2,0.25,False,2,0,4,0.25,12,True
401810957,2026-03-31,15,1,0.25,False,3,0,4,0.0,3,True
401810957,2026-03-31,20,3,0.030000000000000027,False,2,1,2,0.2857142857142857,21,True
401810956,2026-03-31,15,3,0.09999999999999998,False,3,0,0,0.17647058823529413,17,False
401810956,2026-03-31,20,3,0.030000000000000027,False,4,0,1,0.16666666666666666,18,False
401810955,2026-03-31,15,1,0.020000000000000018,False,4,2,3,0.2,10,False
401810955,2026-03-31,20,3,0.020000000000000018,False,1,1,4,0.25,20,False
401810954,2026-03-31,15,1,0.24,False,3,0,3,0.0,5,False
401810951,2026-03-30,15,3,0.02,False,2,1,1,0.35294117647058826,17,False
401810952,2026-03-30,15,2,0.07999999999999996,False,4,0,3,0.2727272727272727,11,False
401810953,2026-03-30,15,2,0.030000000000000027,False,2,0,1,0.3076923076923077,13,False
401810953,2026-03-30,20,2,0.020000000000000018,False,4,0,1,0.25,16,False
401810947,2026-03-30,15,4,0.050000000000000044,False,1,0,5,0.4090909090909091,22,False
401810947,2026-03-30,20,4,0.010000000000000009,False,1,0,5,0.391304347826087,23,False
401810948,2026-03-30,15,4,0.020000000000000018,False,4,0,5,0.37037037037037035,27,False
401810948,2026-03-30,20,4,0.010000000000000009,False,2,1,5,0.3793103448275862,29,False
401810950,2026-03-30,15,2,0.07999999999999996,False,3,1,2,0.26666666666666666,15,False
401810950,2026-03-30,20,3,0.020000000000000018,False,1,0,3,0.25,16,False
401810949,2026-03-30,15,2,0.030000000000000027,False,3,0,1,0.3181818181818182,22,False
401810949,2026-03-30,20,3,0.020000000000000018,False,3,1,3,0.32,25,False
401810946,2026-03-30,15,3,0.16000000000000003,False,2,1,1,0.30434782608695654,23,True
401810945,2026-03-29,15,4,0.030000000000000027,False,3,1,3,0.30303030303030304,33,False
401810945,2026-03-29,20,4,0.010000000000000009,False,3,2,4,0.35135135135135137,37,False
401810942,2026-03-29,15,3,0.020000000000000018,False,2,1,5,0.23076923076923078,13,False
401810942,2026-03-29,20,3,0.020000000000000018,False,1,0,1,0.21428571428571427,14,False
401810943,2026-03-29,15,2,0.1,False,3,0,4,0.4166666666666667,12,False
401810943,2026-03-29,20,2,0.08,False,2,0,3,0.38461538461538464,13,False
401810940,2026-03-29,15,2,0.24,False,5,0,3,0.15384615384615385,13,True
401810940,2026-03-29,20,3,0.08,False,4,0,4,0.16666666666666666,24,True
401810939,2026-03-29,15,2,0.14,False,2,0,2,0.2,5,False
401810939,2026-03-29,20,2,0.07000000000000006,False,3,0,3,0.16666666666666666,6,False
401810941,2026-03-29,15,1,0.22999999999999998,False,2,0,0,0.375,8,False
401810941,2026-03-29,20,2,0.10999999999999999,False,2,0,2,0.3,10,False
401810938,2026-03-29,15,4,0.010000000000000009,False,2,0,3,0.38235294117647056,34,True
401810937,2026-03-29,15,2,0.03,False,5,1,2,0.30434782608695654,23,False
401810937,2026-03-29,20,3,0.02,False,1,1,2,0.36,25,False
401810933,2026-03-28,15,3,0.040000000000000036,False,2,0,3,0.3333333333333333,15,False
401810936,2026-03-28,15,1,0.020000000000000018,False,2,0,5,0.3333333333333333,3,False
401810936,2026-03-28,20,1,0.030000000000000027,False,2,0,6,0.25,4,False
401810932,2026-03-28,15,3,0.07000000000000006,True,3,1,3,0.5,20,False
401810935,2026-03-28,15,4,0.04,False,1,0,1,0.20689655172413793,29,False
401810935,2026-03-28,20,4,0.01,False,5,1,1,0.20588235294117646,34,False
401810931,2026-03-28,15,1,0.030000000000000027,False,2,0,2,0.14285714285714285,7,False
401810931,2026-03-28,20,2,0.020000000000000018,False,4,0,1,0.1,10,False
401810930,2026-03-27,15,4,0.010000000000000009,False,2,0,3,0.30303030303030304,33,False
401810928,2026-03-27,15,1,0.06000000000000005,False,5,0,5,0.0,6,False
401810922,2026-03-27,15,1,0.37,True,4,0,3,0.0,4,True
401810925,2026-03-27,15,4,0.010000000000000009,False,4,0,2,0.3611111111111111,36,False
401810925,2026-03-27,20,4,0.010000000000000009,False,5,0,2,0.34210526315789475,38,False
401810929,2026-03-27,15,2,0.44,False,0,0,2,0.4,10,True
401810923,2026-03-27,15,1,0.16000000000000003,False,2,0,4,0.2857142857142857,7,False
401810923,2026-03-27,20,2,0.050000000000000044,False,2,0,2,0.3333333333333333,12,False
401810926,2026-03-27,15,2,0.06999999999999995,False,3,0,1,0.18181818181818182,11,False
401810926,2026-03-27,20,2,0.050000000000000044,False,4,0,1,0.14285714285714285,14,False
401810921,2026-03-27,15,1,0.53,True,4,1,1,0.4444444444444444,9,True
401810921,2026-03-27,20,1,0.3400000000000001,True,2,1,4,0.45454545454545453,11,True
401810919,2026-03-26,15,3,0.07999999999999996,False,3,2,1,0.4375,16,False
401810919,2026-03-26,20,4,0.010000000000000009,False,2,0,2,0.38095238095238093,21,False
401810918,2026-03-26,15,3,0.13,False,2,1,4,0.4666666666666667,15,False
401810918,2026-03-26,20,4,0.010000000000000009,False,1,1,3,0.47058823529411764,17,False
401810917,2026-03-25,15,2,0.14,False,1,0,2,0.4,5,False
401810917,2026-03-25,20,2,0.07000000000000006,False,4,0,4,0.3,10,False
401810910,2026-03-25,15,2,0.22999999999999998,False,2,0,3,0.2,10,True
401810910,2026-03-25,20,2,0.18000000000000005,False,3,0,2,0.16666666666666666,12,True
401810911,2026-03-25,15,1,0.030000000000000027,False,4,0,7,0.0,4,False
401810911,2026-03-25,20,1,0.020000000000000018,False,6,1,4,0.125,8,False
401810916,2026-03-25,15,1,0.050000000000000044,False,1,0,4,0.5,6,False
401810916,2026-03-25,20,2,0.030000000000000027,False,5,1,4,0.4,10,False
401810912,2026-03-25,15,2,0.26,False,0,0,3,0.125,8,True
401810912,2026-03-25,20,2,0.13,False,2,0,2,0.1,10,True
401810908,2026-03-25,15,2,0.09999999999999998,False,5,1,5,0.07692307692307693,13,False
401810908,2026-03-25,20,2,0.040000000000000036,False,2,0,1,0.10526315789473684,19,False
401810907,2026-03-25,15,1,0.06999999999999995,False,5,1,3,0.375,8,False
401810907,2026-03-25,20,1,0.06000000000000005,False,3,0,3,0.375,8,False
401810906,2026-03-25,15,2,0.19,False,3,1,2,0.3333333333333333,9,True
401810906,2026-03-25,20,2,0.13,False,3,1,3,0.3333333333333333,12,True
401810902,2026-03-24,15,2,0.020000000000000018,False,2,0,6,0.0,5,False
401810902,2026-03-24,20,2,0.010000000000000009,False,1,1,5,0.25,8,False
401810901,2026-03-23,15,2,0.050000000000000044,False,3,1,4,0.23076923076923078,13,False
401810901,2026-03-23,20,2,0.020000000000000018,False,5,1,3,0.2222222222222222,18,False
401810899,2026-03-23,15,2,0.25,True,1,0,0,0.5294117647058824,17,True
401810900,2026-03-23,15,2,0.050000000000000044,False,0,0,4,0.5,6,False
401810900,2026-03-23,20,3,0.020000000000000018,False,2,0,1,0.3076923076923077,13,False
401810897,2026-03-23,15,1,0.44999999999999996,False,1,0,3,0.0,6,True
401810897,2026-03-23,20,1,0.3400000000000001,False,0,0,3,0.0,6,True
401810898,2026-03-23,15,3,0.04,False,0,0,2,0.26666666666666666,15,False
401810898,2026-03-23,20,3,0.03,False,0,0,3,0.26666666666666666,15,False
401810892,2026-03-23,15,2,0.040000000000000036,False,3,0,2,0.3,10,False
401810892,2026-03-23,20,2,0.030000000000000027,False,3,0,2,0.2727272727272727,11,False
401810896,2026-03-23,15,2,0.12,False,3,0,1,0.35714285714285715,14,False
401810896,2026-03-23,20,2,0.06999999999999995,False,4,1,4,0.3333333333333333,18,False
401810895,2026-03-23,15,2,0.03,False,0,0,2,0.45454545454545453,11,False
401810895,2026-03-23,20,2,0.01,False,3,0,1,0.35714285714285715,14,False
401810893,2026-03-23,15,3,0.20999999999999996,False,0,0,1,0.2,15,True
401810890,2026-03-22,15,4,0.010000000000000009,False,1,0,3,0.23076923076923078,26,True
401810890,2026-03-22,15,2,0.08999999999999997,True,1,0,4,0.14285714285714285,7,False
401810891,2026-03-22,15,1,0.29000000000000004,False,6,1,2,0.125,8,True
401810891,2026-03-22,20,3,0.07999999999999996,False,2,0,2,0.29411764705882354,17,True
401810889,2026-03-22,15,2,0.020000000000000018,False,4,1,1,0.25,20,False
401810889,2026-03-22,20,3,0.020000000000000018,False,0,0,2,0.2727272727272727,22,False
401810887,2026-03-22,15,3,0.020000000000000018,False,2,0,1,0.3333333333333333,33,False
401810887,2026-03-22,20,4,0.010000000000000009,False,3,0,4,0.3170731707317073,41,False
401810883,2026-03-21,15,1,0.030000000000000027,False,4,2,5,0.25,8,False
401810883,2026-03-21,20,2,0.020000000000000018,False,6,0,2,0.1875,16,False
401810881,2026-03-21,15,3,0.07000000000000006,False,2,0,2,0.42857142857142855,21,False
401810881,2026-03-21,20,3,0.030000000000000027,False,3,0,3,0.4090909090909091,22,False
401810878,2026-03-21,15,2,0.030000000000000027,False,1,0,3,0.47058823529411764,17,False
401810878,2026-03-21,20,3,0.020000000000000018,False,2,0,3,0.38095238095238093,21,False
401810880,2026-03-21,15,4,0.09999999999999998,True,2,0,1,0.2413793103448276,29,True
401810877,2026-03-21,15,4,0.01,False,2,0,4,0.42857142857142855,28,False
401810877,2026-03-21,20,4,0.01,False,3,0,3,0.41379310344827586,29,False
401810873,2026-03-20,15,2,0.17000000000000004,False,3,0,4,0.36363636363636365,11,False
401810873,2026-03-20,20,3,0.030000000000000027,False,5,0,3,0.2222222222222222,18,False
401810875,2026-03-20,15,2,0.17000000000000004,False,2,0,3,0.42857142857142855,7,True
401810872,2026-03-20,15,3,0.040000000000000036,False,3,1,0,0.34782608695652173,23,False
401810872,2026-03-20,20,4,0.020000000000000018,False,2,1,1,0.38461538461538464,26,False
401810870,2026-03-19,15,3,0.04,False,2,0,2,0.47058823529411764,17,False
401810870,2026-03-19,20,4,0.02,False,3,0,2,0.4,20,False
401810865,2026-03-19,15,2,0.22999999999999998,True,2,0,1,0.3333333333333333,9,False
401810869,2026-03-19,15,2,0.20999999999999996,False,3,0,1,0.42105263157894735,19,True
401810869,2026-03-19,20,2,0.15000000000000002,False,3,0,3,0.4,20,True
401810866,2026-03-19,15,2,0.06999999999999995,False,0,0,2,0.3,10,False
401810866,2026-03-19,20,2,0.040000000000000036,False,2,0,2,0.25,12,False
401810863,2026-03-19,15,2,0.10999999999999999,False,1,1,1,0.35294117647058826,17,False
401810863,2026-03-19,20,2,0.07999999999999996,False,0,0,2,0.35294117647058826,17,False
401810864,2026-03-19,15,1,0.04,False,5,1,1,0.14285714285714285,7,False
401810864,2026-03-19,20,1,0.02,False,1,1,3,0.25,8,False
401810860,2026-03-18,15,1,0.23,True,1,0,1,0.4,5,False
401810860,2026-03-18,15,4,0.06999999999999995,False,3,0,5,0.3333333333333333,21,True
401810860,2026-03-18,20,4,0.010000000000000009,False,1,0,3,0.34782608695652173,23,True
401810861,2026-03-18,15,3,0.05,False,1,0,2,0.35294117647058826,17,False
401810861,2026-03-18,20,4,0.01,False,2,0,2,0.3333333333333333,21,False
401810856,2026-03-18,15,2,0.050000000000000044,False,0,0,3,0.4,10,False
401810856,2026-03-18,20,3,0.010000000000000009,False,1,0,1,0.35714285714285715,14,False
401810859,2026-03-18,15,2,0.07999999999999996,False,4,0,1,0.2777777777777778,18,False
401810859,2026-03-18,20,3,0.020000000000000018,False,2,0,4,0.32,25,False
401810855,2026-03-18,15,1,0.010000000000000009,False,5,0,3,0.0,10,False
401810855,2026-03-18,20,2,0.010000000000000009,False,4,0,4,0.0,10,False
401810857,2026-03-18,15,1,0.13,False,1,0,2,0.3333333333333333,6,False
401810857,2026-03-18,20,2,0.050000000000000044,False,3,0,2,0.3333333333333333,15,False
401810854,2026-03-18,15,2,0.040000000000000036,False,2,0,0,0.2631578947368421,19,False
401810854,2026-03-18,20,2,0.040000000000000036,False,2,0,1,0.25,20,False
401810852,2026-03-17,15,1,0.050000000000000044,False,4,1,6,0.14285714285714285,7,False
401810852,2026-03-17,20,2,0.020000000000000018,False,5,0,2,0.15384615384615385,13,False
401810853,2026-03-17,15,1,0.050000000000000044,False,3,1,4,0.2,5,False
401810853,2026-03-17,20,2,0.020000000000000018,False,4,2,6,0.25,8,False
401810850,2026-03-17,15,2,0.05,False,1,0,4,0.4444444444444444,9,False
401810851,2026-03-17,15,4,0.040000000000000036,False,2,0,0,0.3870967741935484,31,False
401810849,2026-03-17,15,3,0.040000000000000036,False,1,0,3,0.5555555555555556,18,False
401810849,2026-03-17,20,4,0.010000000000000009,False,6,1,2,0.43333333333333335,30,False
401810847,2026-03-17,15,2,0.07,False,3,1,1,0.21428571428571427,14,False
401810848,2026-03-17,15,3,0.02,False,0,0,1,0.36363636363636365,22,False
401810848,2026-03-17,20,3,0.02,False,0,0,4,0.36363636363636365,22,False
401810846,2026-03-17,15,4,0.040000000000000036,False,1,0,0,0.23076923076923078,26,False
401810846,2026-03-17,20,4,0.010000000000000009,False,2,0,2,0.21428571428571427,28,False
401810842,2026-03-16,15,3,0.06000000000000005,False,2,0,7,0.3333333333333333,21,False
401810842,2026-03-16,20,3,0.040000000000000036,False,3,0,10,0.3181818181818182,22,False
401810845,2026-03-16,15,3,0.040000000000000036,False,0,0,0,0.36363636363636365,11,False
401810845,2026-03-16,20,3,0.030000000000000027,False,1,0,0,0.3333333333333333,12,False
401810840,2026-03-16,15,1,0.06000000000000005,False,2,0,1,0.0,2,False
401810840,2026-03-16,20,1,0.030000000000000027,False,3,1,3,0.2,5,False
401810843,2026-03-16,15,2,0.06999999999999995,False,1,0,2,0.38461538461538464,13,False
401810839,2026-03-16,15,2,0.09,False,3,0,4,0.2857142857142857,7,False
401810838,2026-03-16,15,2,0.18999999999999995,False,4,0,4,0.15384615384615385,13,False
401810838,2026-03-16,20,3,0.07999999999999996,False,0,0,1,0.25,20,False
401810836,2026-03-15,15,2,0.54,True,3,0,3,0.21428571428571427,14,True
401810836,2026-03-15,20,2,0.43,True,1,0,3,0.2,15,True
401810832,2026-03-15,15,3,0.26,False,4,1,3,0.3448275862068966,29,True
401810832,2026-03-15,20,4,0.040000000000000036,False,4,1,2,0.3548387096774194,31,True
401810834,2026-03-15,15,4,0.050000000000000044,False,3,3,4,0.48484848484848486,33,False
401810831,2026-03-15,15,4,0.010000000000000009,False,1,0,4,0.4230769230769231,26,False
401810830,2026-03-14,15,3,0.52,False,2,0,0,0.3076923076923077,13,True
401810830,2026-03-14,20,3,0.17000000000000004,False,4,0,2,0.2777777777777778,18,True
401810827,2026-03-14,15,2,0.31000000000000005,False,2,0,2,0.36363636363636365,11,True
401810827,2026-03-14,20,2,0.15000000000000002,False,2,0,3,0.2857142857142857,14,True
401810829,2026-03-14,15,2,0.24,False,5,1,5,0.36363636363636365,11,True
401810826,2026-03-14,15,2,0.030000000000000027,False,1,0,4,0.42857142857142855,14,False
401810826,2026-03-14,20,2,0.010000000000000009,False,3,1,4,0.4117647058823529,17,False
401810828,2026-03-14,15,1,0.13,False,5,0,2,0.2222222222222222,9,False
401810825,2026-03-14,15,3,0.050000000000000044,False,1,1,5,0.35,20,False
401810825,2026-03-14,20,3,0.020000000000000018,False,4,2,6,0.375,24,False
401810824,2026-03-14,15,1,0.08999999999999997,False,3,0,2,0.14285714285714285,7,False
401810824,2026-03-14,20,2,0.030000000000000027,False,5,0,4,0.15384615384615385,13,False
401810821,2026-03-13,15,2,0.12,False,3,0,3,0.2857142857142857,14,False
401810821,2026-03-13,20,2,0.040000000000000036,False,6,1,2,0.25,20,False
401810822,2026-03-13,15,1,0.6599999999999999,True,2,2,4,0.4,5,True
401810817,2026-03-13,15,3,0.030000000000000027,False,4,0,2,0.2222222222222222,18,False
401810816,2026-03-13,15,3,0.020000000000000018,False,4,1,2,0.44,25,False
401810816,2026-03-13,20,4,0.010000000000000009,False,3,0,3,0.36666666666666664,30,False
401810820,2026-03-13,15,1,0.04,False,2,0,5,0.3333333333333333,6,False
401810820,2026-03-13,20,3,0.01,False,5,0,5,0.3157894736842105,19,False
401810815,2026-03-12,15,3,0.030000000000000027,False,3,1,2,0.45454545454545453,22,False
401810815,2026-03-12,20,3,0.020000000000000018,False,4,1,6,0.43478260869565216,23,False
401810813,2026-03-12,15,2,0.18999999999999995,True,3,0,3,0.07692307692307693,13,False
401810813,2026-03-12,20,2,0.10999999999999999,True,0,0,5,0.07692307692307693,13,False
401810812,2026-03-12,15,3,0.12,False,0,0,2,0.45454545454545453,11,False
401810966,2026-03-12,15,1,0.16,False,8,2,3,0.2,10,False
401810966,2026-03-12,20,2,0.07,False,5,1,1,0.2777777777777778,18,False
401810811,2026-03-12,15,4,0.010000000000000009,False,5,1,3,0.3333333333333333,30,False
401810809,2026-03-12,15,4,0.020000000000000018,False,4,0,1,0.3225806451612903,31,False
401810810,2026-03-12,15,3,0.030000000000000027,False,3,1,2,0.3333333333333333,18,False
401810808,2026-03-12,15,2,0.040000000000000036,False,3,2,3,0.3333333333333333,9,False
401810808,2026-03-12,20,3,0.010000000000000009,False,4,0,3,0.23809523809523808,21,False
401810807,2026-03-11,15,1,0.24,False,2,1,4,0.5,2,False
401810807,2026-03-11,20,4,0.010000000000000009,False,4,0,2,0.3888888888888889,18,False
401810804,2026-03-11,15,4,0.01,False,2,0,3,0.48,25,False
401810804,2026-03-11,20,4,0.01,False,2,0,3,0.4444444444444444,27,False
401810804,2026-03-11,15,1,0.6699999999999999,True,5,0,3,0.3,10,True
401810805,2026-03-11,15,3,0.050000000000000044,False,2,0,1,0.13333333333333333,15,False
401810805,2026-03-11,20,3,0.030000000000000027,False,2,0,2,0.11764705882352941,17,False
401810803,2026-03-11,15,3,0.17999999999999994,False,4,0,2,0.2,20,True
401810801,2026-03-10,15,3,0.15000000000000002,False,4,0,1,0.14814814814814814,27,True
401810801,2026-03-10,20,4,0.010000000000000009,False,3,1,3,0.18181818181818182,33,True
401810794,2026-03-10,15,1,0.09999999999999998,False,4,1,3,0.2857142857142857,7,False
401810795,2026-03-10,15,4,0.040000000000000036,False,4,0,3,0.2916666666666667,24,False
401810795,2026-03-10,20,4,0.010000000000000009,False,4,0,1,0.26666666666666666,30,False
401810796,2026-03-10,15,4,0.010000000000000009,False,5,0,7,0.38235294117647056,34,False
401810799,2026-03-10,15,2,0.31999999999999995,True,1,0,2,0.6666666666666666,6,True
401810800,2026-03-10,15,2,0.18,True,1,0,3,0.1,10,True
401810800,2026-03-10,20,3,0.1,True,0,0,4,0.09090909090909091,11,True
401810793,2026-03-10,15,2,0.040000000000000036,False,2,1,0,0.375,8,False
401810793,2026-03-10,20,3,0.010000000000000009,False,1,1,0,0.4,20,False
401810792,2026-03-10,15,1,0.040000000000000036,False,0,0,2,0.0,5,False
401810792,2026-03-10,20,2,0.020000000000000018,False,1,0,1,0.0,8,False
401810790,2026-03-09,15,3,0.14,False,2,0,2,0.28,25,True
401810786,2026-03-09,15,2,0.040000000000000036,False,2,0,5,0.25,12,False
401810786,2026-03-09,20,3,0.020000000000000018,False,1,0,3,0.16666666666666666,18,False
401810787,2026-03-09,15,4,0.040000000000000036,False,1,0,2,0.42857142857142855,28,False
401810787,2026-03-09,20,4,0.010000000000000009,False,2,1,4,0.43333333333333335,30,False
401810784,2026-03-08,15,2,0.06999999999999995,False,3,0,4,0.2222222222222222,18,False
401810784,2026-03-08,20,3,0.040000000000000036,False,0,0,1,0.25,20,False
401810785,2026-03-08,15,2,0.32999999999999996,False,2,1,0,0.47058823529411764,17,True
401810783,2026-03-08,15,4,0.010000000000000009,False,4,2,3,0.275,40,True
401810781,2026-03-08,15,2,0.17000000000000004,False,3,1,3,0.2222222222222222,9,False
401810781,2026-03-08,20,3,0.040000000000000036,False,3,1,3,0.5,18,False
401810779,2026-03-08,15,2,0.010000000000000009,False,4,0,2,0.2,10,False
401810779,2026-03-08,20,4,0.010000000000000009,False,5,0,1,0.16666666666666666,12,False
401810782,2026-03-08,15,3,0.06000000000000005,False,0,0,1,0.26666666666666666,15,False
401810782,2026-03-08,20,3,0.020000000000000018,False,0,0,1,0.26666666666666666,15,False
401810780,2026-03-08,15,4,0.010000000000000009,False,3,0,4,0.3235294117647059,34,False
401810780,2026-03-08,20,4,0.010000000000000009,False,4,0,3,0.3142857142857143,35,False
401810778,2026-03-08,15,1,0.030000000000000027,False,6,1,3,0.1111111111111111,9,False
401810778,2026-03-08,20,2,0.010000000000000009,False,0,0,0,0.21428571428571427,14,False
401810776,2026-03-08,15,2,0.03,False,5,0,3,0.14285714285714285,14,False
401810776,2026-03-08,20,2,0.14,False,3,0,1,0.10526315789473684,19,False
401810773,2026-03-07,15,1,0.47,True,0,0,5,0.0,3,True
401810774,2026-03-07,15,1,0.08999999999999997,False,4,1,1,0.3333333333333333,6,False
401810771,2026-03-07,15,2,0.050000000000000044,True,0,0,0,0.25,8,False
401810771,2026-03-07,20,3,0.010000000000000009,True,1,0,2,0.2777777777777778,18,False
401810770,2026-03-07,15,3,0.22999999999999998,False,4,1,2,0.23076923076923078,26,True
401810770,2026-03-07,20,3,0.09999999999999998,False,2,0,3,0.23076923076923078,26,True
401810769,2026-03-06,15,3,0.06999999999999995,False,0,0,0,0.11764705882352941,17,False
401810769,2026-03-06,20,4,0.010000000000000009,False,3,1,2,0.19230769230769232,26,False
401810768,2026-03-06,15,2,0.32,True,6,1,4,0.35294117647058826,17,True
401810768,2026-03-06,20,2,0.2,True,4,0,4,0.3,20,True
401810766,2026-03-06,15,3,0.14,False,1,0,5,0.125,16,True
401810766,2026-03-06,20,3,0.030000000000000027,False,5,0,1,0.09523809523809523,21,True
401810763,2026-03-06,15,4,0.010000000000000009,False,1,1,3,0.34782608695652173,23,False
401810763,2026-03-06,20,4,0.010000000000000009,False,0,0,4,0.34782608695652173,23,False
401810761,2026-03-05,15,2,0.17999999999999994,False,2,1,4,0.3333333333333333,6,False
401810762,2026-03-05,15,3,0.04,False,2,0,4,0.23809523809523808,21,False
401810756,2026-03-05,15,4,0.010000000000000009,False,2,1,1,0.5652173913043478,23,False
401810756,2026-03-05,20,4,0.010000000000000009,False,3,1,1,0.5416666666666666,24,False
401810759,2026-03-05,15,1,0.17000000000000004,False,2,0,5,0.125,8,False
401810759,2026-03-05,20,3,0.07999999999999996,False,1,1,1,0.4,15,False
401810758,2026-03-05,15,3,0.06000000000000005,False,1,0,6,0.5384615384615384,13,False
401810755,2026-03-05,15,2,0.21,False,2,1,3,0.4,15,True
401810755,2026-03-05,20,2,0.12,False,2,1,2,0.4117647058823529,17,True
401810753,2026-03-04,15,1,0.050000000000000044,False,3,0,1,0.25,4,False
401810753,2026-03-04,20,2,0.020000000000000018,False,3,1,2,0.4444444444444444,9,False
401810752,2026-03-04,15,4,0.01,False,1,0,0,0.3939393939393939,33,False
401810752,2026-03-04,20,4,0.01,False,4,0,1,0.3611111111111111,36,False
401810752,2026-03-04,15,2,0.21999999999999997,True,3,0,2,0.2727272727272727,11,True
401810749,2026-03-04,15,2,0.33999999999999997,False,5,1,4,0.35714285714285715,14,True
401810749,2026-03-04,20,2,0.19999999999999996,False,4,0,6,0.29411764705882354,17,True
401810748,2026-03-04,15,3,0.10999999999999999,False,2,0,1,0.19047619047619047,21,False
401810747,2026-03-03,15,3,0.02,False,1,0,9,0.3125,16,False
401810747,2026-03-03,20,4,0.02,False,2,0,3,0.2777777777777778,18,False
401810745,2026-03-03,15,4,0.010000000000000009,False,1,0,4,0.34375,32,False
401810741,2026-03-03,15,2,0.050000000000000044,False,3,0,1,0.2,10,False
401810741,2026-03-03,20,4,0.010000000000000009,False,3,1,4,0.23809523809523808,21,False
401810744,2026-03-03,15,4,0.010000000000000009,False,4,0,2,0.325,40,False
401810743,2026-03-03,15,2,0.06000000000000005,False,5,0,3,0.3157894736842105,19,False
401810743,2026-03-03,20,2,0.030000000000000027,False,4,0,3,0.3157894736842105,19,False
401810742,2026-03-03,15,4,0.01,False,2,0,3,0.2916666666666667,24,False
401810738,2026-03-03,15,3,0.030000000000000027,False,1,0,7,0.14285714285714285,14,False
401810738,2026-03-03,20,3,0.010000000000000009,False,1,0,6,0.13333333333333333,15,False
401810740,2026-03-03,15,3,0.030000000000000027,False,1,0,2,0.21428571428571427,14,False
401810740,2026-03-03,20,3,0.010000000000000009,False,4,1,4,0.23529411764705882,17,False
401810737,2026-03-02,15,4,0.010000000000000009,False,4,0,3,0.3488372093023256,43,False
401810737,2026-03-02,15,2,0.20999999999999996,True,3,0,6,0.2,15,True
401810735,2026-03-02,15,2,0.15,False,2,1,6,0.2727272727272727,11,False
401810735,2026-03-02,20,2,0.08,False,6,2,8,0.3125,16,False
401810734,2026-03-02,15,3,0.03,False,0,0,0,0.6153846153846154,13,False
401810733,2026-03-01,15,1,0.050000000000000044,False,2,0,2,0.0,3,False
401810733,2026-03-01,20,1,0.040000000000000036,False,2,0,3,0.0,4,False
401810729,2026-03-01,15,3,0.06000000000000005,False,0,0,1,0.42857142857142855,14,False
401810731,2026-03-01,15,2,0.040000000000000036,False,1,0,2,0.4,5,False
401810731,2026-03-01,20,4,0.010000000000000009,False,3,1,4,0.36363636363636365,22,False
401810732,2026-03-01,15,1,0.09999999999999998,False,2,1,3,0.16666666666666666,6,False
401810732,2026-03-01,20,4,0.010000000000000009,False,4,0,3,0.32,25,False
401810728,2026-03-01,15,1,0.10999999999999999,False,6,1,3,0.36363636363636365,11,False
401810728,2026-03-01,20,1,0.07000000000000006,False,3,0,2,0.36363636363636365,11,False
401810727,2026-03-01,15,4,0.010000000000000009,False,3,1,3,0.4166666666666667,36,False
401810727,2026-03-01,20,4,0.010000000000000009,False,2,0,3,0.40540540540540543,37,False
401810725,2026-03-01,15,2,0.16000000000000003,True,4,0,4,0.3181818181818182,22,False
401810725,2026-03-01,15,4,0.010000000000000009,False,5,0,1,0.29411764705882354,34,True
401810725,2026-03-01,20,4,0.010000000000000009,False,4,0,6,0.2702702702702703,37,True
401810723,2026-03-01,15,2,0.22999999999999998,False,3,0,3,0.08333333333333333,12,True
401810723,2026-03-01,20,4,0.010000000000000009,False,0,0,2,0.2,25,True
401810722,2026-02-28,15,2,0.07,False,3,1,3,0.2222222222222222,18,False
401810722,2026-02-28,20,2,0.04,False,4,1,3,0.21052631578947367,19,False
401810721,2026-02-28,15,1,0.12,False,2,0,5,0.1111111111111111,9,False
401810721,2026-02-28,20,2,0.07999999999999996,False,6,1,3,0.13333333333333333,15,False
401810720,2026-02-28,15,4,0.01,False,4,1,0,0.4375,32,False
401810718,2026-02-28,15,2,0.13,False,3,0,2,0.0,11,False
401810717,2026-02-27,15,1,0.42,True,3,0,2,0.2,5,True
401810716,2026-02-27,15,2,0.29000000000000004,False,3,1,3,0.2222222222222222,9,True
401810716,2026-02-27,20,2,0.09999999999999998,False,3,0,2,0.15384615384615385,13,True
401810715,2026-02-27,15,2,0.09999999999999998,False,1,1,1,0.7,10,False
401810715,2026-02-27,20,2,0.050000000000000044,False,1,0,4,0.5833333333333334,12,False
401810714,2026-02-27,15,3,0.010000000000000009,False,1,0,4,0.35294117647058826,17,False
401810714,2026-02-27,20,3,0.010000000000000009,False,2,0,4,0.3333333333333333,18,False
401810711,2026-02-26,15,2,0.09,False,3,1,3,0.35294117647058826,17,False
401810711,2026-02-26,20,3,0.04,False,0,0,2,0.35294117647058826,17,False
401810709,2026-02-26,15,2,0.36,False,2,0,3,0.4,5,True
401810708,2026-02-26,15,4,0.020000000000000018,False,1,0,0,0.25,24,False
401810705,2026-02-26,15,2,0.040000000000000036,False,4,2,4,0.6,10,False
401810705,2026-02-26,20,2,0.050000000000000044,False,4,2,4,0.6,10,False
401810706,2026-02-26,15,2,0.040000000000000036,False,4,0,3,0.14285714285714285,7,False
401810706,2026-02-26,20,2,0.030000000000000027,False,4,0,4,0.14285714285714285,7,False
401810707,2026-02-26,15,3,0.08999999999999997,True,1,0,4,0.07692307692307693,13,True
401810703,2026-02-26,15,2,0.04,False,3,0,3,0.25,16,False
401810703,2026-02-26,20,2,0.02,False,0,0,2,0.25,16,False
401810704,2026-02-26,15,2,0.18999999999999995,False,2,0,3,0.2857142857142857,14,False
401810702,2026-02-25,15,4,0.050000000000000044,False,5,1,2,0.2777777777777778,36,False
401810700,2026-02-25,15,2,0.030000000000000027,False,3,0,4,0.0,6,False
401810700,2026-02-25,20,2,0.030000000000000027,False,1,0,6,0.0,7,False
401810698,2026-02-25,15,3,0.14,True,6,2,2,0.36,25,True
401810697,2026-02-25,15,3,0.050000000000000044,False,3,0,1,0.26666666666666666,30,False
401810699,2026-02-25,15,2,0.11,False,3,0,7,0.3333333333333333,12,False
401810699,2026-02-25,20,2,0.08,False,1,0,6,0.3333333333333333,12,False
401810691,2026-02-24,15,3,0.03,False,3,0,1,0.375,24,False
401810691,2026-02-24,20,3,0.03,False,3,0,1,0.375,24,False
401810694,2026-02-24,15,3,0.06,False,3,0,2,0.3,20,False
401810694,2026-02-24,20,3,0.01,False,5,0,3,0.25,24,False
401810690,2026-02-24,15,3,0.06000000000000005,False,3,0,3,0.25,20,False
401810690,2026-02-24,20,4,0.010000000000000009,False,2,1,0,0.2962962962962963,27,False
401810688,2026-02-24,15,2,0.19999999999999996,False,2,1,4,0.375,8,False
401810689,2026-02-24,15,3,0.07,False,1,1,2,0.45,20,False
401810689,2026-02-24,20,3,0.04,False,1,0,4,0.42857142857142855,21,False
401810687,2026-02-24,15,1,0.07000000000000006,False,3,1,4,0.3333333333333333,3,False
401810687,2026-02-24,20,2,0.030000000000000027,False,2,0,4,0.2857142857142857,7,False
401810686,2026-02-24,15,2,0.06000000000000005,False,5,0,2,0.3333333333333333,18,False
401810686,2026-02-24,20,3,0.010000000000000009,False,3,0,5,0.29411764705882354,34,False
401810685,2026-02-23,15,1,0.050000000000000044,False,7,1,5,0.1111111111111111,9,False
401810685,2026-02-23,20,2,0.030000000000000027,False,1,0,0,0.17647058823529413,17,False
401810683,2026-02-23,15,4,0.06999999999999995,False,1,0,1,0.25,24,True
401810681,2026-02-22,15,3,0.13,False,4,1,4,0.15789473684210525,19,False
401810681,2026-02-22,20,3,0.050000000000000044,False,1,0,3,0.15,20,False
401810677,2026-02-22,15,3,0.07,False,3,1,4,0.4,20,False
401810677,2026-02-22,20,3,0.01,False,0,0,3,0.4,20,False
401810679,2026-02-22,15,2,0.42000000000000004,False,5,1,2,0.2857142857142857,14,True
401810679,2026-02-22,20,4,0.030000000000000027,False,3,0,5,0.25,28,True
401810678,2026-02-22,15,4,0.05,False,3,0,2,0.36,25,False
401810678,2026-02-22,20,4,0.01,False,1,0,2,0.3333333333333333,27,False
401810674,2026-02-22,15,3,0.08999999999999997,False,1,1,2,0.35,20,False
401810674,2026-02-22,20,3,0.020000000000000018,False,3,0,2,0.30434782608695654,23,False
401810672,2026-02-22,15,1,0.19999999999999996,False,3,1,1,0.2,5,True
401810672,2026-02-22,20,1,0.19999999999999996,False,3,1,1,0.2,5,True
401810671,2026-02-21,15,3,0.12,True,1,0,3,0.2857142857142857,14,True
401810669,2026-02-21,15,3,0.030000000000000027,False,3,1,4,0.45,20,False
401810669,2026-02-21,20,3,0.030000000000000027,False,1,0,2,0.42857142857142855,21,False
401810670,2026-02-21,15,1,0.030000000000000027,False,3,0,3,0.0,3,False
401810670,2026-02-21,20,4,0.010000000000000009,False,3,1,3,0.25,24,False
401810668,2026-02-21,15,3,0.040000000000000036,False,3,0,5,0.37037037037037035,27,False
401810668,2026-02-21,20,3,0.020000000000000018,False,3,0,3,0.35714285714285715,28,False
401810667,2026-02-21,15,4,0.050000000000000044,False,5,0,3,0.2777777777777778,36,True
401810667,2026-02-21,20,4,0.010000000000000009,False,4,0,3,0.2702702702702703,37,True
401810664,2026-02-20,15,2,0.13,False,2,1,1,0.14285714285714285,7,False
401810663,2026-02-20,15,2,0.06999999999999995,False,2,0,1,0.058823529411764705,17,False
401810663,2026-02-20,20,3,0.020000000000000018,False,0,0,1,0.09523809523809523,21,False
401810662,2026-02-20,15,4,0.02,False,3,0,2,0.18181818181818182,22,True
401810662,2026-02-20,20,4,0.01,False,4,0,1,0.16666666666666666,24,True
401810665,2026-02-20,15,1,0.24,False,5,3,3,0.6,10,False
401810665,2026-02-20,20,2,0.07,False,6,1,4,0.42857142857142855,21,False
401810661,2026-02-20,15,1,0.050000000000000044,False,1,0,2,0.3333333333333333,6,False
401810660,2026-02-20,15,2,0.25,False,3,0,2,0.1,10,False
401810660,2026-02-20,20,4,0.020000000000000018,False,4,2,3,0.3870967741935484,31,False
401810659,2026-02-20,15,4,0.020000000000000018,False,0,0,4,0.4,30,False
401810658,2026-02-20,15,2,0.27,True,3,0,5,0.0,9,True
401810651,2026-02-19,15,4,0.05,False,1,0,2,0.15384615384615385,26,True
401810653,2026-02-19,15,2,0.07999999999999996,False,1,0,1,0.2857142857142857,7,False
401810653,2026-02-19,20,3,0.030000000000000027,False,3,0,2,0.36363636363636365,22,False
401810648,2026-02-19,15,1,0.040000000000000036,False,5,1,2,0.2222222222222222,9,False
401810648,2026-02-19,20,2,0.030000000000000027,False,3,0,2,0.15384615384615385,13,False
401810655,2026-02-19,15,3,0.03,False,1,1,4,0.42105263157894735,19,False
401810655,2026-02-19,20,4,0.01,False,2,0,3,0.38095238095238093,21,False
401810650,2026-02-19,15,3,0.15000000000000002,False,1,0,0,0.2857142857142857,21,True
401810654,2026-02-19,15,2,0.13,False,2,2,4,0.5,16,False
401810654,2026-02-19,20,2,0.04,False,8,2,5,0.37037037037037035,27,False
401810646,2026-02-12,15,4,0.010000000000000009,False,1,0,3,0.3125,16,False
401810646,2026-02-12,20,4,0.010000000000000009,False,2,0,3,0.29411764705882354,17,False
401810645,2026-02-12,15,3,0.03,False,3,1,2,0.23076923076923078,26,False
401810644,2026-02-12,15,2,0.5,False,3,0,3,0.47058823529411764,17,True
401810644,2026-02-12,20,4,0.03,False,6,1,6,0.3448275862068966,29,True
401810642,2026-02-11,15,4,0.020000000000000018,False,1,1,1,0.36363636363636365,33,False
401810643,2026-02-11,15,3,0.24,True,3,0,2,0.25,28,True
401810640,2026-02-11,15,2,0.13,False,4,1,2,0.3,10,False
401810640,2026-02-11,20,2,0.06,False,4,0,5,0.26666666666666666,15,False
401810641,2026-02-11,15,1,0.13,False,2,0,2,0.25,4,False
401810641,2026-02-11,20,1,0.08999999999999997,False,4,0,3,0.16666666666666666,6,False
401810638,2026-02-11,15,2,0.12,False,5,0,4,0.18181818181818182,11,False
401810638,2026-02-11,20,3,0.07000000000000006,False,2,1,3,0.375,24,False
401810637,2026-02-11,15,2,0.08999999999999997,True,1,0,2,0.45454545454545453,11,False
401810635,2026-02-11,15,2,0.17,False,1,0,2,0.125,8,False
401810635,2026-02-11,20,2,0.11,False,0,0,3,0.125,8,False
401810639,2026-02-11,15,3,0.17,False,1,0,5,0.21428571428571427,14,True
401810634,2026-02-11,15,1,0.13,True,3,0,2,0.1111111111111111,9,False
401810633,2026-02-11,15,2,0.050000000000000044,False,3,0,1,0.625,8,False
401810633,2026-02-11,20,2,0.030000000000000027,False,3,0,1,0.625,8,False
401810636,2026-02-11,15,2,0.2,False,3,0,2,0.2857142857142857,14,True
401810636,2026-02-11,20,3,0.12,False,1,0,1,0.35294117647058826,17,True
401810630,2026-02-11,15,2,0.19999999999999996,False,1,0,4,0.0,5,False
401810631,2026-02-11,15,1,0.040000000000000036,False,3,0,2,0.0,3,False
401810631,2026-02-11,20,4,0.010000000000000009,False,4,1,4,0.30303030303030304,33,False
401810629,2026-02-10,15,1,0.06000000000000005,False,0,0,1,0.3333333333333333,6,False
401810629,2026-02-10,20,2,0.030000000000000027,False,1,0,2,0.2857142857142857,7,False
401810627,2026-02-10,15,4,0.030000000000000027,False,1,0,2,0.2777777777777778,18,False
401810628,2026-02-10,15,1,0.08999999999999997,False,3,0,5,0.0,6,False
401810628,2026-02-10,20,1,0.06999999999999995,False,3,0,4,0.0,7,False
401810623,2026-02-09,15,3,0.22999999999999998,True,3,1,4,0.28,25,True
401810625,2026-02-09,15,3,0.12,False,4,1,5,0.3157894736842105,19,False
401810625,2026-02-09,20,3,0.050000000000000044,False,2,0,2,0.3,20,False
401810621,2026-02-09,15,2,0.07999999999999996,False,2,0,2,0.1111111111111111,9,False
401810621,2026-02-09,20,3,0.040000000000000036,False,3,0,2,0.11764705882352941,17,False
401810620,2026-02-09,15,2,0.07999999999999996,False,1,0,3,0.14285714285714285,14,False
401810620,2026-02-09,20,2,0.040000000000000036,False,1,0,5,0.14285714285714285,14,False
401810618,2026-02-09,15,1,0.17000000000000004,True,2,0,4,0.0,7,False
401810617,2026-02-09,15,3,0.21999999999999997,False,3,1,2,0.3333333333333333,18,True
401810619,2026-02-09,15,3,0.06000000000000005,False,5,2,6,0.36363636363636365,22,False
401810619,2026-02-09,20,4,0.010000000000000009,False,2,1,1,0.34615384615384615,26,False
401810616,2026-02-09,15,3,0.10999999999999999,False,2,1,3,0.4666666666666667,30,False
401810613,2026-02-08,15,2,0.05,False,4,0,2,0.4,10,False
401810613,2026-02-08,20,2,0.03,False,2,1,6,0.35714285714285715,14,False
401810615,2026-02-08,15,3,0.23,False,1,0,0,0.15789473684210525,19,True
401810615,2026-02-08,20,3,0.07,False,4,0,3,0.19230769230769232,26,True
401810614,2026-02-08,15,3,0.030000000000000027,False,2,0,1,0.2631578947368421,19,False
401810614,2026-02-08,20,4,0.010000000000000009,False,5,2,1,0.28,25,False
401810612,2026-02-08,15,2,0.27,False,1,0,2,0.14285714285714285,14,True
401810612,2026-02-08,20,4,0.010000000000000009,False,4,1,2,0.18421052631578946,38,True
401810609,2026-02-07,15,2,0.27,False,3,0,1,0.0625,16,True
401810607,2026-02-07,15,4,0.010000000000000009,False,0,0,0,0.3902439024390244,41,False
401810605,2026-02-07,15,3,0.16000000000000003,True,3,0,1,0.2,25,True
401810604,2026-02-07,15,2,0.06000000000000005,False,3,1,5,0.5454545454545454,11,False
401810604,2026-02-07,20,3,0.020000000000000018,False,1,1,3,0.5,14,False
401810602,2026-02-07,15,1,0.10999999999999999,False,3,0,3,0.2,5,False
401810602,2026-02-07,20,1,0.07999999999999996,False,3,0,4,0.2,5,False
401810603,2026-02-07,15,2,0.18999999999999995,True,2,0,3,0.3333333333333333,15,False
401810600,2026-02-06,15,1,0.5,True,5,1,4,0.16666666666666666,12,True
401810600,2026-02-06,15,3,0.050000000000000044,False,3,0,4,0.4,25,False
401810600,2026-02-06,20,4,0.010000000000000009,False,3,0,2,0.35714285714285715,28,False
401810598,2026-02-06,15,3,0.16000000000000003,False,2,0,4,0.3181818181818182,22,True
401810598,2026-02-06,20,4,0.010000000000000009,False,2,0,1,0.28125,32,True
401810599,2026-02-06,15,3,0.07000000000000006,True,2,1,1,0.42857142857142855,14,False
401810596,2026-02-06,15,1,0.43000000000000005,True,5,0,3,0.0,7,True
401810596,2026-02-06,20,2,0.25,True,5,0,1,0.06666666666666667,15,True
401810597,2026-02-06,15,2,0.10999999999999999,False,3,1,5,0.2,10,False
401810597,2026-02-06,20,2,0.06000000000000005,False,2,0,3,0.23529411764705882,17,False
401810595,2026-02-05,15,4,0.030000000000000027,False,1,0,3,0.16666666666666666,18,False
401810591,2026-02-05,15,2,0.09999999999999998,False,5,3,4,0.38461538461538464,13,False
401810592,2026-02-05,15,3,0.34,False,0,0,0,0.5833333333333334,12,True
401810592,2026-02-05,20,4,0.05,False,2,0,4,0.4375,16,True
401810589,2026-02-05,15,2,0.06999999999999995,False,1,0,1,0.21428571428571427,14,False
401810589,2026-02-05,20,2,0.050000000000000044,False,0,0,2,0.21428571428571427,14,False
401810588,2026-02-05,15,1,0.77,False,2,0,4,0.0,4,True
401810588,2026-02-05,20,2,0.51,False,2,0,1,0.1111111111111111,9,True
401810587,2026-02-04,15,1,0.14,False,1,0,5,0.0,6,False
401810587,2026-02-04,20,1,0.12,False,1,0,5,0.0,6,False
401810585,2026-02-04,15,2,0.08999999999999997,False,4,1,3,0.2857142857142857,14,False
401810585,2026-02-04,20,2,0.050000000000000044,False,4,1,4,0.26666666666666666,15,False
401810583,2026-02-04,15,3,0.27,False,3,1,5,0.3157894736842105,19,True
401810583,2026-02-04,20,3,0.08,False,1,0,5,0.3,20,True
401810582,2026-02-04,15,3,0.16000000000000003,True,0,0,1,0.3888888888888889,18,True
401810576,2026-02-03,15,2,0.1,False,2,0,3,0.3,10,False
401810576,2026-02-03,20,4,0.01,False,0,0,2,0.2631578947368421,19,False
401810580,2026-02-03,15,1,0.28,True,2,0,8,0.0,2,True
401810578,2026-02-03,15,1,0.06000000000000005,False,3,0,3,0.0,6,False
401810578,2026-02-03,20,1,0.050000000000000044,False,4,0,3,0.0,9,False
401810575,2026-02-03,15,2,0.2,False,1,1,3,0.2,10,True
401810575,2026-02-03,20,2,0.19,False,1,0,2,0.18181818181818182,11,True
401810579,2026-02-03,15,2,0.32999999999999996,False,3,0,4,0.35714285714285715,14,True
401810579,2026-02-03,20,4,0.010000000000000009,False,2,1,4,0.3783783783783784,37,True
401810574,2026-02-03,15,1,0.09999999999999998,False,3,0,1,0.25,4,False
401810574,2026-02-03,20,1,0.06000000000000005,False,5,0,2,0.1111111111111111,9,False
401810577,2026-02-03,15,1,0.25,False,3,0,3,0.3333333333333333,12,True
401810577,2026-02-03,20,2,0.17000000000000004,False,3,0,3,0.3076923076923077,13,True
401810571,2026-02-03,15,2,0.18999999999999995,False,1,0,2,0.23076923076923078,13,False
401810571,2026-02-03,20,3,0.06999999999999995,False,2,1,0,0.2777777777777778,18,False
401810573,2026-02-03,15,1,0.07,False,2,0,7,0.2,5,False
401810573,2026-02-03,20,2,0.02,False,0,0,2,0.14285714285714285,7,False
401810570,2026-02-02,15,1,0.27,False,3,0,2,0.0,3,False
401810570,2026-02-02,20,2,0.16000000000000003,False,1,0,3,0.25,8,False
401810569,2026-02-02,15,4,0.040000000000000036,False,5,1,2,0.3548387096774194,31,True
401810569,2026-02-02,20,4,0.050000000000000044,False,4,1,3,0.3548387096774194,31,True
401810567,2026-02-02,15,2,0.33999999999999997,True,6,1,2,0.21052631578947367,19,True
401810567,2026-02-02,20,2,0.25,True,2,0,4,0.16666666666666666,24,True
401810565,2026-02-01,15,3,0.06,False,0,0,2,0.3333333333333333,27,False
401810565,2026-02-01,20,3,0.04,False,0,0,3,0.3333333333333333,27,False
401810566,2026-02-01,15,3,0.09999999999999998,False,2,1,5,0.5263157894736842,19,False
401810564,2026-02-01,15,4,0.04,False,3,0,2,0.42424242424242425,33,True
401810564,2026-02-01,20,4,0.03,False,3,0,3,0.4117647058823529,34,True
401810559,2026-02-01,15,2,0.040000000000000036,False,2,0,2,0.2222222222222222,9,False
401810559,2026-02-01,20,2,0.030000000000000027,False,5,1,2,0.25,12,False
401810560,2026-02-01,15,1,0.17000000000000004,False,4,1,4,0.25,4,False
401810560,2026-02-01,20,1,0.10999999999999999,False,3,0,1,0.125,8,False
401810562,2026-02-01,15,2,0.19999999999999996,False,0,0,3,0.14285714285714285,7,True
401810555,2026-01-31,15,2,0.07999999999999996,False,3,0,3,0.07692307692307693,13,False
401810555,2026-01-31,20,3,0.010000000000000009,False,2,0,2,0.25,28,False
401810552,2026-01-31,15,3,0.22999999999999998,False,0,0,0,0.35714285714285715,14,True
401810552,2026-01-31,20,3,0.26,False,1,0,2,0.3333333333333333,15,True
401810557,2026-02-01,15,3,0.050000000000000044,False,1,1,0,0.5333333333333333,15,False
401810557,2026-02-01,20,3,0.020000000000000018,False,1,1,1,0.5333333333333333,15,False
401810554,2026-01-31,15,2,0.12,False,3,1,1,0.4375,16,False
401810558,2026-02-01,15,1,0.17000000000000004,False,6,3,4,0.375,8,False
401810551,2026-01-30,15,2,0.31,False,3,0,2,0.3333333333333333,15,True
401810551,2026-01-30,20,3,0.09,False,0,0,0,0.34615384615384615,26,True
401810548,2026-01-30,15,3,0.13,False,6,1,3,0.3076923076923077,26,True
401810548,2026-01-30,20,3,0.050000000000000044,False,4,1,5,0.32142857142857145,28,True
401810550,2026-01-30,15,4,0.12,False,5,0,4,0.2903225806451613,31,True
401810545,2026-01-30,15,1,0.12,False,2,1,1,0.3,10,False
401810545,2026-01-30,20,2,0.050000000000000044,False,0,0,1,0.36363636363636365,11,False
401810546,2026-01-30,15,3,0.06999999999999995,False,8,0,5,0.2413793103448276,29,False
401810544,2026-01-30,15,1,0.07999999999999996,False,1,0,4,0.2857142857142857,7,False
401810544,2026-01-30,20,2,0.040000000000000036,False,1,0,3,0.2857142857142857,14,False
401810543,2026-01-30,15,1,0.06,False,2,0,2,0.0,4,False
401810543,2026-01-30,20,2,0.04,False,1,0,3,0.1111111111111111,9,False
401810541,2026-01-29,15,2,0.32000000000000006,False,4,1,4,0.2727272727272727,11,True
401810541,2026-01-29,20,3,0.07000000000000006,False,0,0,5,0.2631578947368421,19,True
401810539,2026-01-29,15,2,0.09999999999999998,False,3,0,1,0.26666666666666666,15,False
401810540,2026-01-29,15,2,0.33999999999999997,False,2,0,3,0.16666666666666666,6,True
401810540,2026-01-29,20,4,0.010000000000000009,False,0,0,2,0.21739130434782608,23,True
401810538,2026-01-29,15,1,0.22,False,1,0,4,0.2857142857142857,7,False
401810537,2026-01-29,15,3,0.06999999999999995,False,2,0,3,0.3,20,False
401810537,2026-01-29,20,4,0.010000000000000009,False,1,0,3,0.30434782608695654,23,False
401810536,2026-01-29,15,2,0.17000000000000004,False,5,1,2,0.2777777777777778,18,True
401810532,2026-01-28,15,3,0.06999999999999995,False,0,0,3,0.25,8,False
401810533,2026-01-28,15,2,0.08,False,4,1,3,0.2,10,False
401810533,2026-01-28,20,3,0.03,False,0,0,2,0.3157894736842105,19,False
401810534,2026-01-28,15,4,0.010000000000000009,False,0,0,2,0.38095238095238093,21,True
401810534,2026-01-28,15,2,0.17000000000000004,True,1,0,3,0.42857142857142855,7,False
401810531,2026-01-28,15,1,0.22,False,4,0,7,0.2,5,False
401810531,2026-01-28,20,4,0.01,False,2,0,3,0.29411764705882354,34,False
401810530,2026-01-28,15,4,0.06,False,2,1,7,0.4375,16,True
401810530,2026-01-28,20,4,0.01,False,2,0,2,0.3888888888888889,18,True
401810528,2026-01-28,15,1,0.37,False,3,0,4,0.14285714285714285,7,True
401810528,2026-01-28,20,1,0.31,False,2,0,5,0.14285714285714285,7,True
401810526,2026-01-28,15,3,0.08999999999999997,False,1,0,6,0.25,16,False
401810526,2026-01-28,20,3,0.030000000000000027,False,3,2,5,0.3157894736842105,19,False
401810529,2026-01-28,15,4,0.030000000000000027,False,2,1,2,0.52,25,True
401810525,2026-01-27,15,3,0.05,False,4,1,4,0.34782608695652173,23,False
401810525,2026-01-27,20,4,0.01,False,3,1,4,0.3333333333333333,27,False
401810523,2026-01-27,15,2,0.10999999999999999,False,2,0,3,0.14285714285714285,7,False
401810520,2026-01-27,15,4,0.010000000000000009,False,0,0,1,0.16666666666666666,24,False
401810521,2026-01-27,15,4,0.020000000000000018,False,1,0,4,0.43478260869565216,23,False
401810521,2026-01-27,20,4,0.010000000000000009,False,0,0,6,0.43478260869565216,23,False
401810522,2026-01-27,15,4,0.020000000000000018,False,3,1,2,0.18518518518518517,27,False
401810518,2026-01-26,15,2,0.09999999999999998,False,1,0,3,0.26666666666666666,15,False
401810518,2026-01-26,20,4,0.010000000000000009,False,5,0,2,0.17857142857142858,28,False
401810516,2026-01-26,15,2,0.14,False,2,2,1,0.4375,16,False
401810516,2026-01-26,20,2,0.09999999999999998,False,5,3,4,0.45,20,False
401810515,2026-01-26,15,1,0.08999999999999997,False,4,0,2,0.1,10,False
401810515,2026-01-26,20,1,0.07000000000000006,False,3,0,5,0.09090909090909091,11,False
401810512,2026-01-26,15,2,0.17999999999999994,False,1,0,3,0.1111111111111111,9,False
401810512,2026-01-26,20,2,0.16000000000000003,False,2,0,2,0.1,10,False
401810514,2026-01-26,15,3,0.20999999999999996,True,4,0,2,0.35714285714285715,28,True
401810514,2026-01-26,15,4,0.010000000000000009,False,4,0,4,0.2413793103448276,29,False
401810513,2026-01-26,15,4,0.010000000000000009,False,4,0,0,0.2894736842105263,38,False
401810511,2026-01-25,15,1,0.06999999999999995,False,4,1,5,0.2857142857142857,7,False
401810511,2026-01-25,20,1,0.040000000000000036,False,2,0,2,0.2222222222222222,9,False
401810510,2026-01-25,15,4,0.05,False,3,0,3,0.14285714285714285,28,True
401810509,2026-01-25,15,3,0.23,False,1,0,5,0.2777777777777778,18,True
401810509,2026-01-25,20,3,0.18,False,5,1,4,0.2727272727272727,22,True
401810505,2026-01-25,15,3,0.040000000000000036,False,2,1,3,0.5454545454545454,11,False
401810505,2026-01-25,20,3,0.040000000000000036,False,1,1,3,0.5833333333333334,12,False
401810503,2026-01-24,15,4,0.07000000000000006,True,1,1,1,0.4230769230769231,26,True
401810504,2026-01-24,15,2,0.1,False,0,0,1,0.2222222222222222,9,False
401810504,2026-01-24,20,2,0.07,False,1,0,2,0.2,10,False
401810501,2026-01-24,15,4,0.07,False,1,1,3,0.20689655172413793,29,True
401810500,2026-01-24,15,2,0.13,False,5,0,1,0.2727272727272727,22,False
401810498,2026-01-24,15,4,0.1,False,3,0,5,0.25,20,False
401810495,2026-01-23,15,3,0.18,False,1,0,3,0.20833333333333334,24,True
401810495,2026-01-23,20,4,0.03,False,4,1,5,0.21428571428571427,28,True
401810496,2026-01-23,15,2,0.66,False,0,0,5,0.3333333333333333,3,True
401810489,2026-01-22,15,3,0.12,False,1,0,3,0.2,25,False
401810489,2026-01-22,20,3,0.050000000000000044,False,3,0,3,0.1724137931034483,29,False
401810488,2026-01-22,15,2,0.15000000000000002,False,2,0,2,0.38461538461538464,13,False
401810488,2026-01-22,20,3,0.10999999999999999,False,2,0,0,0.3333333333333333,15,False
401810487,2026-01-22,15,2,0.07,False,2,0,3,0.36363636363636365,11,False
401810482,2026-01-22,15,2,0.24,False,3,1,5,0.3333333333333333,12,True
401810482,2026-01-22,20,2,0.2,False,5,1,5,0.2857142857142857,14,True
401810481,2026-01-21,15,4,0.030000000000000027,False,2,0,0,0.27586206896551724,29,False
401810480,2026-01-21,15,1,0.07999999999999996,False,2,1,5,0.25,4,False
401810480,2026-01-21,20,1,0.06000000000000005,False,3,1,5,0.2857142857142857,7,False
401810477,2026-01-21,15,1,0.050000000000000044,False,4,1,3,0.36363636363636365,11,False
401810477,2026-01-21,20,2,0.030000000000000027,False,4,1,2,0.3333333333333333,12,False
401810476,2026-01-21,15,2,0.07999999999999996,False,1,0,5,0.2,10,False
401810476,2026-01-21,20,2,0.040000000000000036,False,4,1,1,0.2,15,False
401810475,2026-01-21,15,1,0.21999999999999997,False,3,0,2,0.0,3,False
401810475,2026-01-21,20,1,0.15000000000000002,False,2,0,3,0.0,4,False
401810474,2026-01-20,15,3,0.12,False,3,1,3,0.35714285714285715,14,False
401810473,2026-01-20,15,1,0.35,False,4,0,2,0.0,5,True
401810473,2026-01-20,20,2,0.16000000000000003,False,4,0,2,0.2,15,True
401810472,2026-01-20,15,3,0.17999999999999994,True,1,0,1,0.4,10,True
401810471,2026-01-20,15,3,0.04,True,1,0,5,0.4,20,False
401810469,2026-01-20,15,2,0.17000000000000004,False,1,0,2,0.25,8,False
401810469,2026-01-20,20,2,0.07000000000000006,False,2,0,3,0.2,10,False
401810470,2026-01-20,15,2,0.28,True,0,0,5,0.2857142857142857,7,True
401810468,2026-01-20,15,4,0.040000000000000036,False,1,0,5,0.3076923076923077,26,False
401810467,2026-01-19,15,3,0.10999999999999999,False,4,0,4,0.25,28,False
401810467,2026-01-19,20,4,0.010000000000000009,False,5,0,2,0.3,40,False
401810464,2026-01-19,15,4,0.010000000000000009,False,2,0,2,0.38461538461538464,26,False
401810465,2026-01-19,15,1,0.07999999999999996,False,2,0,2,0.2857142857142857,7,False
401810465,2026-01-19,20,2,0.040000000000000036,False,1,0,3,0.2857142857142857,14,False
401810466,2026-01-19,15,3,0.020000000000000018,False,4,1,2,0.32142857142857145,28,False
401810466,2026-01-19,20,4,0.010000000000000009,False,1,0,1,0.3103448275862069,29,False
401809249,2026-01-19,15,1,0.67,False,4,0,3,0.0,5,True
401809249,2026-01-19,20,2,0.5,False,0,0,0,0.1111111111111111,9,True
401809248,2026-01-19,15,2,0.12,False,3,1,4,0.16666666666666666,12,False
401809248,2026-01-19,20,3,0.06000000000000005,False,3,0,1,0.11764705882352941,17,False
401809247,2026-01-19,15,2,0.24,False,3,0,5,0.0,14,True
401809247,2026-01-19,20,2,0.14,False,2,0,5,0.0,16,True
401810462,2026-01-18,15,4,0.010000000000000009,False,2,0,0,0.25,28,False
401810459,2026-01-18,15,4,0.020000000000000018,False,1,0,5,0.4117647058823529,17,False
401810460,2026-01-18,15,1,0.19,False,3,0,3,0.16666666666666666,6,False
401810460,2026-01-18,20,2,0.11,False,3,0,2,0.1,10,False
401810458,2026-01-18,15,1,0.14,False,2,1,2,0.3333333333333333,6,False
401810458,2026-01-18,20,2,0.06000000000000005,False,3,1,7,0.3333333333333333,12,False
401810457,2026-01-18,15,1,0.31000000000000005,False,2,0,6,0.0,4,True
401810457,2026-01-18,20,2,0.17000000000000004,False,2,0,2,0.0,6,True
401810456,2026-01-17,15,3,0.07999999999999996,False,4,3,5,0.4375,16,False
401810456,2026-01-17,20,3,0.06000000000000005,False,3,1,4,0.42105263157894735,19,False
401810454,2026-01-17,15,2,0.13,False,6,0,2,0.23809523809523808,21,False
401810454,2026-01-17,20,4,0.010000000000000009,False,5,2,5,0.34210526315789475,38,False
401810450,2026-01-17,15,1,0.050000000000000044,False,1,0,0,0.0,2,False
401810450,2026-01-17,20,1,0.040000000000000036,False,2,0,3,0.0,4,False
401810453,2026-01-17,15,2,0.14,False,5,0,4,0.16666666666666666,12,False
401810453,2026-01-17,20,2,0.06000000000000005,False,3,0,4,0.15384615384615385,13,False
401810449,2026-01-17,15,2,0.14,False,0,0,3,0.2857142857142857,7,False
401810449,2026-01-17,20,2,0.14,False,2,1,2,0.3333333333333333,9,False
401810448,2026-01-17,15,1,0.20999999999999996,False,1,1,5,0.375,8,False
401810448,2026-01-17,20,3,0.050000000000000044,False,5,2,3,0.38095238095238093,21,False
401810447,2026-01-16,15,1,0.12,False,2,0,1,0.2,5,False
401810447,2026-01-16,20,2,0.07999999999999996,False,3,0,2,0.125,8,False
401810442,2026-01-16,15,2,0.12,False,4,0,3,0.21428571428571427,14,False
401810442,2026-01-16,20,4,0.06000000000000005,False,1,0,2,0.2222222222222222,18,False
401810443,2026-01-16,15,2,0.17999999999999994,False,2,0,4,0.45454545454545453,11,False
401810441,2026-01-15,15,3,0.32,False,2,1,4,0.5294117647058824,17,True
401810440,2026-01-15,15,4,0.010000000000000009,False,7,1,3,0.2972972972972973,37,True
401810439,2026-01-15,15,1,0.43000000000000005,True,5,2,2,0.42857142857142855,7,True
401810439,2026-01-15,15,4,0.020000000000000018,False,2,0,4,0.32142857142857145,28,False
401810438,2026-01-15,15,2,0.17000000000000004,False,5,0,5,0.09090909090909091,11,False
401810438,2026-01-15,20,2,0.15000000000000002,False,2,0,2,0.07142857142857142,14,False
401810437,2026-01-15,15,2,0.12,False,6,1,3,0.3684210526315789,19,False
401810437,2026-01-15,20,3,0.040000000000000036,False,5,2,5,0.3870967741935484,31,False
401810435,2026-01-15,15,1,0.28,True,5,1,3,0.16666666666666666,6,True
401810436,2026-01-15,15,4,0.010000000000000009,False,2,0,5,0.25,16,False
401810436,2026-01-15,20,4,0.010000000000000009,False,2,0,2,0.23529411764705882,17,False
401810434,2026-01-15,15,2,0.39,True,1,0,0,0.3333333333333333,9,True
401810433,2026-01-15,15,1,0.38,True,3,1,7,0.3333333333333333,6,True
401810433,2026-01-15,20,2,0.24,True,5,1,2,0.3076923076923077,13,True
401810431,2026-01-14,15,1,0.52,False,5,0,2,0.0,7,True
401810431,2026-01-14,20,2,0.39,False,4,0,1,0.0,11,True
401810432,2026-01-14,15,1,0.07000000000000006,False,1,0,1,0.2857142857142857,7,False
401810432,2026-01-14,20,2,0.06000000000000005,False,3,1,0,0.21428571428571427,14,False
401810430,2026-01-14,15,2,0.29000000000000004,False,4,1,3,0.25,8,True
401810430,2026-01-14,20,3,0.06999999999999995,False,2,0,3,0.125,16,True
401810426,2026-01-14,15,1,0.20999999999999996,False,4,1,2,0.16666666666666666,6,True
401810426,2026-01-14,20,1,0.20999999999999996,False,4,1,2,0.16666666666666666,6,True
401810427,2026-01-14,15,1,0.24,False,0,0,3,0.6666666666666666,3,True
401810427,2026-01-14,20,3,0.07,False,2,0,4,0.3157894736842105,19,True
401810425,2026-01-13,15,1,0.08999999999999997,False,2,1,7,0.16666666666666666,6,False
401810425,2026-01-13,20,2,0.040000000000000036,False,1,0,7,0.18181818181818182,11,False
401810424,2026-01-13,15,2,0.16000000000000003,False,2,0,3,0.3333333333333333,15,False
401810424,2026-01-13,20,2,0.09999999999999998,False,1,0,3,0.3125,16,False
401810421,2026-01-13,15,1,0.24,False,2,1,3,0.25,4,True
401810421,2026-01-13,20,2,0.17000000000000004,False,3,2,6,0.5,6,True
401810419,2026-01-13,15,2,0.19999999999999996,False,5,1,0,0.3076923076923077,13,False
401810419,2026-01-13,20,3,0.14,False,0,0,1,0.2631578947368421,19,False
401810423,2026-01-13,15,3,0.07000000000000006,False,2,1,3,0.32,25,False
401810423,2026-01-13,20,4,0.030000000000000027,False,2,0,5,0.2962962962962963,27,False
401810417,2026-01-12,15,2,0.36,False,1,0,1,0.14285714285714285,14,True
401810417,2026-01-12,20,3,0.20999999999999996,False,3,0,4,0.1111111111111111,18,True
401810415,2026-01-12,15,1,0.16,False,2,0,3,0.0,5,False
401810415,2026-01-12,20,2,0.19,False,2,0,2,0.0,6,False
401810413,2026-01-12,15,1,0.6,False,5,0,5,0.0,6,True
401810411,2026-01-11,15,3,0.13,False,5,0,5,0.18518518518518517,27,True
401810411,2026-01-11,20,4,0.06,False,4,1,3,0.20689655172413793,29,True
401810412,2026-01-11,15,4,0.010000000000000009,False,3,0,1,0.2,25,True
401810408,2026-01-11,15,4,0.030000000000000027,False,1,1,1,0.5217391304347826,23,False
401810408,2026-01-11,20,4,0.010000000000000009,False,4,2,4,0.5185185185185185,27,False
401810410,2026-01-11,15,2,0.06000000000000005,False,3,1,7,0.25,8,False
401810410,2026-01-11,20,3,0.020000000000000018,False,2,0,3,0.25,16,False
401810407,2026-01-11,15,1,0.36,True,2,0,5,0.0,2,True
401810409,2026-01-11,15,2,0.4099999999999999,False,0,0,5,0.5,14,True
401810404,2026-01-11,15,1,0.15000000000000002,False,5,1,2,0.2857142857142857,7,False
401810402,2026-01-10,15,1,0.16,False,5,0,9,0.0,5,False
401810402,2026-01-10,20,1,0.1,False,3,0,4,0.0,5,False
401810399,2026-01-10,15,1,0.26,True,1,0,2,0.0,2,False
401810401,2026-01-10,15,2,0.08999999999999997,False,5,1,6,0.4117647058823529,17,False
401810401,2026-01-10,20,4,0.020000000000000018,False,1,0,2,0.3448275862068966,29,False
401810398,2026-01-10,15,1,0.4,False,2,0,2,0.0,7,True
401810398,2026-01-10,20,1,0.28,False,1,0,3,0.0,7,True
401810397,2026-01-10,15,4,0.020000000000000018,False,2,1,2,0.48148148148148145,27,False
401810392,2026-01-09,15,4,0.03,False,3,0,3,0.3333333333333333,24,False
401810392,2026-01-09,20,4,0.01,False,4,1,3,0.3333333333333333,27,False
401810394,2026-01-09,15,4,0.050000000000000044,False,4,0,2,0.2727272727272727,22,False
401810394,2026-01-09,20,4,0.010000000000000009,False,1,0,2,0.2608695652173913,23,False
401810390,2026-01-09,15,1,0.17000000000000004,False,4,1,1,0.14285714285714285,7,False
401810390,2026-01-09,20,2,0.09999999999999998,False,3,0,2,0.21428571428571427,14,False
401810391,2026-01-09,15,2,0.4,True,3,0,3,0.1111111111111111,9,True
401810391,2026-01-09,20,2,0.30000000000000004,True,4,1,3,0.16666666666666666,12,True
401810388,2026-01-09,15,4,0.010000000000000009,False,1,0,4,0.16,25,False
401810389,2026-01-09,15,3,0.12,False,2,1,4,0.2777777777777778,18,False
401810389,2026-01-09,20,3,0.06,False,2,0,1,0.25,20,False
401810387,2026-01-09,15,3,0.050000000000000044,False,6,1,1,0.41379310344827586,29,False
401810387,2026-01-09,20,3,0.020000000000000018,False,5,0,2,0.375,32,False
401810385,2026-01-08,15,3,0.08999999999999997,False,1,0,3,0.2777777777777778,18,False
401810385,2026-01-08,20,3,0.040000000000000036,False,1,0,3,0.25,20,False
401810378,2026-01-07,15,4,0.010000000000000009,False,5,1,1,0.21212121212121213,33,False
401810381,2026-01-07,15,3,0.08999999999999997,False,2,0,5,0.35294117647058826,17,False
401810374,2026-01-07,15,2,0.07999999999999996,False,2,0,1,0.16666666666666666,6,False
401810374,2026-01-07,20,3,0.030000000000000027,False,3,0,5,0.13333333333333333,15,False
401810379,2026-01-07,15,2,0.09999999999999998,False,4,2,4,0.2857142857142857,14,False
401810379,2026-01-07,20,3,0.050000000000000044,False,1,0,0,0.29411764705882354,17,False
401810380,2026-01-07,15,2,0.050000000000000044,False,0,0,3,0.18181818181818182,11,False
401810380,2026-01-07,20,2,0.040000000000000036,False,2,1,3,0.23076923076923078,13,False
401810377,2026-01-07,15,4,0.030000000000000027,False,3,1,3,0.30303030303030304,33,False
401810376,2026-01-07,15,3,0.06999999999999995,False,3,0,2,0.24242424242424243,33,False
401810373,2026-01-07,15,4,0.020000000000000018,False,3,0,4,0.3333333333333333,24,False
401810373,2026-01-07,20,4,0.010000000000000009,False,4,0,4,0.32,25,False
401810372,2026-01-07,15,4,0.010000000000000009,False,2,1,3,0.3333333333333333,30,False
401810368,2026-01-06,15,3,0.12,False,1,0,2,0.35714285714285715,14,False
401810368,2026-01-06,20,4,0.010000000000000009,False,2,0,7,0.35,20,False
401810366,2026-01-06,15,2,0.35,False,3,0,4,0.36363636363636365,11,True
401810366,2026-01-06,20,3,0.10999999999999999,False,0,0,0,0.35714285714285715,14,True
401810364,2026-01-05,15,2,0.09999999999999998,False,4,1,4,0.42857142857142855,14,False
401810364,2026-01-05,20,2,0.08999999999999997,False,3,0,4,0.4,15,False
401810359,2026-01-05,15,1,0.20999999999999996,False,4,2,3,0.3333333333333333,6,False
401810358,2026-01-05,15,1,0.07999999999999996,False,5,1,6,0.2222222222222222,9,False
401810358,2026-01-05,20,2,0.050000000000000044,False,6,0,2,0.125,16,False
401810361,2026-01-05,15,2,0.59,False,1,0,3,0.46153846153846156,13,True
401810361,2026-01-05,20,3,0.33,False,1,0,1,0.4444444444444444,18,True
401810357,2026-01-05,15,3,0.17000000000000004,False,1,0,2,0.5384615384615384,13,True
401810357,2026-01-05,20,3,0.09999999999999998,False,2,0,5,0.4666666666666667,15,True
401810356,2026-01-04,15,2,0.36,True,4,1,5,0.16666666666666666,12,True
401810355,2026-01-04,15,2,0.11,False,3,0,1,0.1111111111111111,9,False
401810355,2026-01-04,20,2,0.07,False,1,0,2,0.09090909090909091,11,False
401810353,2026-01-04,15,2,0.08,False,2,0,1,0.35714285714285715,14,False
401810353,2026-01-04,20,3,0.04,False,1,0,0,0.38095238095238093,21,False
401810352,2026-01-04,15,3,0.06000000000000005,False,4,1,4,0.4090909090909091,22,False
401810352,2026-01-04,20,3,0.020000000000000018,False,2,0,4,0.4090909090909091,22,False
401810354,2026-01-04,15,1,0.1,True,4,0,4,0.0,7,False
401810351,2026-01-04,15,3,0.18999999999999995,False,2,0,1,0.3333333333333333,15,True
401810351,2026-01-04,20,4,0.010000000000000009,False,3,2,2,0.37037037037037035,27,True
401810348,2026-01-03,15,2,0.27,False,2,1,2,0.14285714285714285,7,True
401810348,2026-01-03,20,4,0.01,False,2,0,2,0.40625,32,True
401810346,2026-01-03,15,4,0.050000000000000044,False,2,0,2,0.23076923076923078,26,True
401810342,2026-01-03,15,3,0.18999999999999995,False,1,0,3,0.4,20,True
401810344,2026-01-03,15,4,0.02,False,4,1,2,0.2777777777777778,36,True
401810344,2026-01-03,15,2,0.20999999999999996,True,2,0,5,0.3333333333333333,12,False
401810343,2026-01-03,15,4,0.030000000000000027,False,0,0,4,0.4827586206896552,29,False
401810345,2026-01-03,15,2,0.45,False,0,0,3,0.125,8,True
401810341,2026-01-03,15,4,0.020000000000000018,False,2,0,3,0.375,24,False
401810341,2026-01-03,20,4,0.010000000000000009,False,2,0,2,0.36,25,False
401810339,2026-01-02,15,2,0.040000000000000036,False,6,0,3,0.17647058823529413,17,False
401810339,2026-01-02,20,2,0.040000000000000036,False,4,0,2,0.17647058823529413,17,False
401810340,2026-01-02,15,2,0.15000000000000002,False,1,1,1,0.4,10,False
401810338,2026-01-02,15,3,0.050000000000000044,False,1,0,2,0.3888888888888889,18,False
401810338,2026-01-02,20,4,0.020000000000000018,False,3,1,1,0.36363636363636365,22,False
401810337,2026-01-02,15,3,0.10999999999999999,False,0,0,2,0.16666666666666666,12,False
401810337,2026-01-02,20,4,0.010000000000000009,False,3,1,4,0.13636363636363635,22,False
401810336,2026-01-02,15,2,0.34,True,1,0,2,0.36363636363636365,11,True
401810334,2026-01-02,15,2,0.29,False,3,1,2,0.21052631578947367,19,True
401810334,2026-01-02,20,3,0.14,False,1,0,1,0.19047619047619047,21,True
401810331,2026-01-02,15,2,0.13,False,2,1,4,0.75,8,False
401810332,2026-01-02,15,2,0.18000000000000005,False,1,0,1,0.3,10,False
401810332,2026-01-02,20,3,0.030000000000000027,False,5,1,4,0.22727272727272727,22,False
401810330,2026-01-01,15,1,0.06000000000000005,False,3,0,4,0.0,3,False
401810330,2026-01-01,20,1,0.06000000000000005,False,3,1,3,0.16666666666666666,6,False
401810328,2026-01-01,15,4,0.010000000000000009,False,5,2,4,0.25,24,False
401810326,2026-01-01,15,3,0.040000000000000036,False,1,0,1,0.07142857142857142,14,False
401810326,2026-01-01,20,3,0.010000000000000009,False,2,1,3,0.13333333333333333,15,False
401810327,2026-01-01,15,3,0.24,False,1,0,3,0.18181818181818182,11,True
401810327,2026-01-01,20,3,0.07999999999999996,False,3,0,3,0.14285714285714285,14,True
401810325,2025-12-31,15,2,0.07000000000000006,False,3,2,4,0.75,8,False
401810325,2025-12-31,20,3,0.020000000000000018,False,0,0,1,0.5,12,False
401810322,2025-12-31,15,2,0.3,True,3,0,1,0.3333333333333333,12,True
401810321,2025-12-31,15,4,0.010000000000000009,False,1,0,5,0.30303030303030304,33,False
401810318,2025-12-31,15,2,0.35,False,3,0,5,0.3076923076923077,13,True
401810318,2025-12-31,20,2,0.21999999999999997,False,3,1,2,0.35714285714285715,14,True
401810320,2025-12-31,15,1,0.12,False,5,2,5,0.5,8,False
401810320,2025-12-31,20,2,0.09999999999999998,False,4,1,1,0.4166666666666667,12,False
401810317,2025-12-31,15,3,0.06999999999999995,False,4,0,3,0.2857142857142857,21,False
401810316,2025-12-30,15,2,0.08999999999999997,False,2,0,2,0.2,5,False
401810316,2025-12-30,20,2,0.050000000000000044,False,3,1,3,0.3333333333333333,9,False
401810315,2025-12-30,15,4,0.04,False,2,0,4,0.34615384615384615,26,False
401810315,2025-12-30,20,4,0.02,False,2,0,4,0.3333333333333333,27,False
401810312,2025-12-29,15,2,0.19999999999999996,False,2,0,1,0.3333333333333333,9,False
401810307,2025-12-29,15,3,0.07999999999999996,False,4,1,1,0.3333333333333333,24,False
401810307,2025-12-29,20,3,0.030000000000000027,False,3,1,3,0.34615384615384615,26,False
401810310,2025-12-29,15,3,0.030000000000000027,False,4,2,3,0.4666666666666667,30,False
401810306,2025-12-29,15,2,0.13,True,2,0,4,0.14285714285714285,14,False
401810306,2025-12-29,20,2,0.13,True,3,0,5,0.13333333333333333,15,False
401810308,2025-12-29,15,2,0.06000000000000005,False,1,0,3,0.5,10,False
401810308,2025-12-29,20,2,0.040000000000000036,False,3,1,2,0.46153846153846156,13,False
401810304,2025-12-29,15,1,0.48,True,1,0,5,0.3333333333333333,6,True
401810305,2025-12-29,15,2,0.31000000000000005,False,0,0,3,0.2,5,True
401810305,2025-12-29,20,4,0.010000000000000009,False,3,1,1,0.4583333333333333,24,True
401810303,2025-12-29,15,3,0.05,False,1,0,3,0.375,16,False
401810300,2025-12-28,15,1,0.30000000000000004,False,1,0,1,0.0,1,True
401810300,2025-12-28,20,2,0.18000000000000005,False,1,0,2,0.0,9,True
401810301,2025-12-28,15,2,0.07000000000000006,False,1,0,2,0.3,10,False
401810301,2025-12-28,20,3,0.040000000000000036,False,1,0,2,0.25,12,False
401810297,2025-12-28,15,3,0.030000000000000027,False,5,2,3,0.5,26,False
401810297,2025-12-28,20,4,0.020000000000000018,False,3,1,2,0.4666666666666667,30,False
401810295,2025-12-27,15,3,0.43000000000000005,False,1,0,1,0.30434782608695654,23,True
401810290,2025-12-27,15,3,0.09999999999999998,False,1,1,4,0.3157894736842105,19,False
401810293,2025-12-27,15,2,0.17000000000000004,False,4,1,3,0.35714285714285715,14,False
401810293,2025-12-27,20,3,0.040000000000000036,False,2,0,3,0.3684210526315789,19,False
401810292,2025-12-27,15,2,0.22999999999999998,False,2,0,2,0.375,8,True
401810291,2025-12-27,15,4,0.030000000000000027,False,1,0,2,0.3793103448275862,29,False
401810291,2025-12-27,20,4,0.010000000000000009,False,1,1,2,0.4,30,False
401810294,2025-12-27,15,4,0.12,False,3,0,1,0.391304347826087,23,True
401810294,2025-12-27,20,4,0.01,False,1,0,5,0.39285714285714285,28,True
401810288,2025-12-27,15,2,0.17,True,4,0,1,0.13333333333333333,15,False
401810287,2025-12-27,15,1,0.32999999999999996,False,4,1,4,0.4,5,True
401810286,2025-12-26,15,4,0.02,False,1,0,0,0.3939393939393939,33,False
401810285,2025-12-26,15,3,0.22999999999999998,False,4,1,2,0.4583333333333333,24,True
401810279,2025-12-26,15,2,0.35,False,3,0,2,0.3333333333333333,12,True
401810279,2025-12-26,20,3,0.1,False,2,1,4,0.35,20,True
401810283,2025-12-26,15,3,0.08999999999999997,False,6,2,2,0.34782608695652173,23,False
401810283,2025-12-26,20,4,0.010000000000000009,False,5,2,2,0.37142857142857144,35,False
401810281,2025-12-26,15,3,0.07,False,2,1,2,0.3333333333333333,24,False
401810281,2025-12-26,20,3,0.05,False,4,2,3,0.35714285714285715,28,False
401810281,2025-12-26,15,1,0.63,True,2,0,3,0.25,4,True
401810280,2025-12-26,15,4,0.040000000000000036,False,2,0,4,0.375,32,True
401810280,2025-12-26,20,4,0.010000000000000009,False,1,0,4,0.36363636363636365,33,True
401810278,2025-12-26,15,4,0.08999999999999997,False,1,1,1,0.3333333333333333,21,True
401809242,2025-12-25,15,3,0.13,False,2,0,1,0.23076923076923078,26,True
401809240,2025-12-25,15,2,0.09999999999999998,False,0,0,5,0.25,4,False
401809238,2025-12-25,15,1,0.41,True,3,0,4,0.0,3,True
401809241,2025-12-25,15,3,0.15,False,1,1,2,0.35,20,False
401809241,2025-12-25,20,3,0.08,False,3,1,3,0.3181818181818182,22,False
401809239,2025-12-25,15,3,0.30000000000000004,False,0,0,2,0.2857142857142857,21,True
401810275,2025-12-23,15,3,0.17,False,1,0,0,0.1875,16,False
401810277,2025-12-23,15,3,0.16000000000000003,False,2,0,3,0.3157894736842105,19,True
401810277,2025-12-23,20,4,0.010000000000000009,False,1,0,3,0.30434782608695654,23,True
401810276,2025-12-23,15,2,0.08,False,4,0,2,0.125,8,False
401810276,2025-12-23,20,2,0.06,False,1,1,3,0.18181818181818182,11,False
401810273,2025-12-23,15,3,0.15000000000000002,False,0,0,1,0.45454545454545453,11,False
401810273,2025-12-23,20,3,0.06000000000000005,False,0,0,1,0.45454545454545453,11,False
401810274,2025-12-23,15,2,0.17,False,2,0,2,0.4375,16,False
401810272,2025-12-23,15,4,0.06000000000000005,False,1,0,3,0.4,25,True
401810272,2025-12-23,20,4,0.010000000000000009,False,1,1,5,0.4230769230769231,26,True
401810271,2025-12-23,15,2,0.17000000000000004,False,1,0,4,0.125,8,False
401810270,2025-12-23,15,1,0.43999999999999995,False,2,0,1,0.0,2,True
401810270,2025-12-23,20,2,0.29000000000000004,False,3,0,1,0.3076923076923077,13,True
401810269,2025-12-23,15,3,0.22999999999999998,False,2,1,2,0.23529411764705882,17,True
401810269,2025-12-23,20,4,0.010000000000000009,False,2,0,2,0.30434782608695654,23,True
401810266,2025-12-23,15,2,0.12,True,5,2,5,0.3333333333333333,21,False
401810267,2025-12-23,15,2,0.08999999999999997,False,2,1,3,0.2,5,False
401810267,2025-12-23,20,3,0.030000000000000027,False,2,0,3,0.35714285714285715,14,False
401810268,2025-12-23,15,2,0.20999999999999996,False,2,1,2,0.2222222222222222,9,False
401810268,2025-12-23,20,3,0.06000000000000005,False,1,0,0,0.2,15,False
401810264,2025-12-23,15,4,0.020000000000000018,False,4,0,2,0.34615384615384615,26,False
401810265,2025-12-23,15,3,0.14,False,1,0,5,0.25,12,True
401810261,2025-12-22,15,2,0.06000000000000005,False,3,2,4,0.4666666666666667,15,False
401810263,2025-12-22,15,2,0.12,False,4,1,4,0.11764705882352941,17,False
401810263,2025-12-22,20,3,0.05,False,3,1,0,0.18181818181818182,22,False
401810262,2025-12-22,15,4,0.050000000000000044,False,1,0,4,0.26666666666666666,15,False
401810262,2025-12-22,20,4,0.020000000000000018,False,3,0,4,0.23529411764705882,17,False
401810260,2025-12-22,15,1,0.07000000000000006,False,2,0,3,0.0,2,False
401810260,2025-12-22,20,1,0.06000000000000005,False,5,1,6,0.2,5,False
401810258,2025-12-22,15,2,0.51,True,3,1,3,0.35714285714285715,14,True
401810258,2025-12-22,20,2,0.31000000000000005,True,1,0,2,0.3333333333333333,15,True
401810257,2025-12-22,15,4,0.040000000000000036,False,0,0,2,0.5517241379310345,29,False
401810254,2025-12-21,15,2,0.04,False,5,0,2,0.21428571428571427,14,False
401810254,2025-12-21,20,2,0.04,False,3,2,4,0.2631578947368421,19,False
401810255,2025-12-21,15,3,0.37,True,2,0,1,0.13043478260869565,23,True
401810252,2025-12-21,15,3,0.26,False,2,0,5,0.25,20,True
401810248,2025-12-20,15,3,0.05,False,4,1,1,0.32,25,False
401810250,2025-12-20,15,1,0.27,False,3,0,2,0.14285714285714285,7,True
401810250,2025-12-20,20,3,0.06000000000000005,False,4,0,7,0.08333333333333333,24,True
401810246,2025-12-20,15,2,0.07000000000000006,True,3,1,3,0.3333333333333333,15,False
401810246,2025-12-20,20,2,0.06000000000000005,True,3,0,3,0.29411764705882354,17,False
401810244,2025-12-20,15,1,0.18000000000000005,False,4,0,3,0.1111111111111111,9,False
401810244,2025-12-20,20,3,0.030000000000000027,False,0,0,2,0.20689655172413793,29,False
401810243,2025-12-20,15,4,0.01,False,1,0,2,0.358974358974359,39,True
401810245,2025-12-20,15,3,0.06999999999999995,False,1,0,1,0.3333333333333333,21,False
401810245,2025-12-20,20,3,0.040000000000000036,False,2,0,3,0.3181818181818182,22,False
401810241,2025-12-20,15,3,0.09999999999999998,False,2,0,2,0.3,20,False
401810241,2025-12-20,20,4,0.010000000000000009,False,0,0,2,0.30434782608695654,23,False
401810238,2025-12-19,15,2,0.13,False,2,0,1,0.16666666666666666,12,False
401810238,2025-12-19,20,2,0.08999999999999997,False,0,0,2,0.16666666666666666,12,False
401810236,2025-12-19,15,4,0.030000000000000027,False,3,0,3,0.3783783783783784,37,False
401810235,2025-12-18,15,4,0.010000000000000009,False,1,0,2,0.21428571428571427,14,False
401810232,2025-12-18,15,3,0.09999999999999998,False,0,0,0,0.3888888888888889,18,False
401810232,2025-12-18,20,3,0.06000000000000005,False,1,0,1,0.3684210526315789,19,False
401810231,2025-12-18,15,2,0.4,False,3,0,3,0.18181818181818182,11,True
401810230,2025-12-18,15,2,0.06,True,6,1,3,0.3333333333333333,12,False
401810230,2025-12-18,20,2,0.06,True,2,1,4,0.3076923076923077,13,False
401810225,2025-12-18,15,3,0.040000000000000036,False,3,1,4,0.26666666666666666,15,False
401810225,2025-12-18,20,4,0.010000000000000009,False,4,1,1,0.2916666666666667,24,False
401810224,2025-12-18,15,3,0.020000000000000018,False,1,0,3,0.3181818181818182,22,False
401810224,2025-12-18,20,3,0.020000000000000018,False,1,0,3,0.3181818181818182,22,False
401810227,2025-12-18,15,1,0.35,True,4,1,3,0.14285714285714285,7,True
401810226,2025-12-18,15,1,0.43999999999999995,False,4,0,8,0.0,4,True
401810226,2025-12-18,20,2,0.18000000000000005,False,2,0,6,0.3,10,True
401810222,2025-12-17,15,3,0.22999999999999998,False,3,1,2,0.30434782608695654,23,True
401836807,2025-12-15,15,4,0.010000000000000009,False,6,2,4,0.3125,32,True
401836807,2025-12-15,20,4,0.020000000000000018,False,6,2,5,0.3125,32,True
401836804,2025-12-14,15,4,0.020000000000000018,False,2,2,4,0.23404255319148937,47,True
401836800,2025-12-14,15,2,0.18999999999999995,False,2,0,3,0.2857142857142857,7,True
401836800,2025-12-14,20,3,0.050000000000000044,False,5,2,3,0.29411764705882354,17,True
401839699,2025-12-14,15,4,0.03,False,3,0,3,0.2857142857142857,28,True
401839699,2025-12-14,20,4,0.02,False,1,0,3,0.2857142857142857,28,True
401836801,2025-12-14,15,4,0.010000000000000009,False,2,1,4,0.47619047619047616,21,False
401836797,2025-12-14,15,3,0.39,False,2,0,0,0.25,20,True
401836797,2025-12-14,20,4,0.020000000000000018,False,4,1,2,0.20588235294117646,34,True
401836799,2025-12-14,15,3,0.34,False,3,1,2,0.3333333333333333,21,True
401809838,2025-12-13,15,2,0.07999999999999996,True,4,0,1,0.16666666666666666,24,False
401836753,2025-12-12,15,3,0.43000000000000005,True,4,0,3,0.20512820512820512,39,True
401836751,2025-12-12,15,2,0.10999999999999999,False,3,1,1,0.4444444444444444,18,False
401836751,2025-12-12,20,3,0.050000000000000044,False,2,0,4,0.36363636363636365,22,False
401836749,2025-12-11,15,1,0.09,False,2,0,4,0.14285714285714285,7,False
401836749,2025-12-11,20,2,0.06,False,4,1,4,0.18181818181818182,11,False
401836748,2025-12-11,15,4,0.030000000000000027,False,0,0,3,0.3170731707317073,41,True
401836748,2025-12-11,20,4,0.010000000000000009,False,3,0,1,0.29545454545454547,44,True
401836747,2025-12-11,15,4,0.040000000000000036,False,5,1,3,0.275,40,True
401836747,2025-12-11,20,4,0.010000000000000009,False,6,1,2,0.25,44,True
401809836,2025-12-10,15,2,0.4,False,4,0,6,0.2727272727272727,11,True
401809836,2025-12-10,20,3,0.22999999999999998,False,1,0,3,0.3125,16,True
401809835,2025-12-10,15,1,0.050000000000000044,False,2,1,2,0.4,5,False
401809835,2025-12-10,20,1,0.040000000000000036,False,1,0,2,0.4,5,False
401809834,2025-12-09,15,2,0.1,False,3,0,2,0.17647058823529413,17,False
401809834,2025-12-09,20,3,0.07,False,0,0,1,0.2222222222222222,18,False
401809833,2025-12-09,15,1,0.31,True,0,0,2,0.0,0,True
401810221,2025-12-08,15,2,0.07999999999999996,False,2,0,4,0.2,10,False
401810221,2025-12-08,20,2,0.050000000000000044,False,4,0,2,0.16666666666666666,12,False
401810219,2025-12-08,15,2,0.09999999999999998,False,2,0,3,0.2,15,False
401810218,2025-12-07,15,1,0.05,False,4,0,9,0.0,5,False
401810218,2025-12-07,20,1,0.04,False,5,0,9,0.0,6,False
401810216,2025-12-07,15,2,0.26,False,5,2,7,0.3,10,False
401810216,2025-12-07,20,3,0.06000000000000005,False,4,0,5,0.2,20,False
401810215,2025-12-07,15,1,0.22999999999999998,False,4,1,2,0.2857142857142857,7,False
401810215,2025-12-07,20,1,0.17000000000000004,False,4,1,1,0.2857142857142857,7,False
401810213,2025-12-07,15,2,0.14,False,3,1,6,0.4444444444444444,9,False
401810213,2025-12-07,20,2,0.05,False,1,0,4,0.4444444444444444,9,False
401810212,2025-12-07,15,4,0.050000000000000044,False,3,0,2,0.36,25,False
401810211,2025-12-06,15,3,0.07999999999999996,False,3,0,2,0.23529411764705882,17,True
401810211,2025-12-06,20,4,0.050000000000000044,False,3,0,2,0.23529411764705882,17,True
401810209,2025-12-06,15,2,0.28,False,2,0,4,0.2631578947368421,19,True
401810209,2025-12-06,20,3,0.15000000000000002,False,1,1,5,0.2857142857142857,21,True
401810208,2025-12-06,15,3,0.07000000000000006,False,3,1,3,0.4,20,False
401810208,2025-12-06,20,4,0.010000000000000009,False,2,1,2,0.45161290322580644,31,False
401810210,2025-12-06,15,1,0.45,True,2,0,4,0.25,4,True
401810206,2025-12-06,15,2,0.07,False,4,1,3,0.3333333333333333,15,False
401810206,2025-12-06,20,2,0.05,False,3,2,5,0.4117647058823529,17,False
401810205,2025-12-06,15,2,0.09999999999999998,False,3,2,6,0.36363636363636365,11,False
401810205,2025-12-06,20,3,0.06000000000000005,False,1,0,0,0.3076923076923077,13,False
401810204,2025-12-05,15,2,0.050000000000000044,False,1,0,1,0.35294117647058826,17,False
401810204,2025-12-05,20,3,0.030000000000000027,False,0,0,2,0.35294117647058826,17,False
401810201,2025-12-05,15,3,0.07999999999999996,False,1,0,0,0.21428571428571427,14,False
401810201,2025-12-05,20,3,0.040000000000000036,False,4,0,1,0.15,20,False
401810203,2025-12-05,15,2,0.21999999999999997,False,3,1,4,0.5714285714285714,7,False
401810203,2025-12-05,20,2,0.10999999999999999,False,4,1,5,0.5384615384615384,13,False
401810200,2025-12-05,15,3,0.15000000000000002,False,1,0,5,0.38095238095238093,21,True
401810196,2025-12-05,15,3,0.07000000000000006,False,2,0,0,0.39285714285714285,28,False
401810196,2025-12-05,20,3,0.040000000000000036,False,3,0,2,0.34375,32,False
401810199,2025-12-05,15,4,0.05,False,2,0,4,0.3333333333333333,24,True
401810199,2025-12-05,20,4,0.05,False,2,0,6,0.3333333333333333,24,True
401810195,2025-12-05,15,1,0.33000000000000007,True,3,1,4,0.25,8,True
401810195,2025-12-05,20,2,0.30000000000000004,True,2,1,3,0.25,12,True
401810198,2025-12-05,15,1,0.050000000000000044,False,4,0,4,0.0,4,False
401810198,2025-12-05,20,1,0.050000000000000044,False,4,0,3,0.0,5,False
401810193,2025-12-05,15,1,0.08999999999999997,False,5,2,5,0.3333333333333333,9,False
401810193,2025-12-05,20,1,0.06000000000000005,False,5,0,3,0.2727272727272727,11,False
401810190,2025-12-04,15,4,0.010000000000000009,False,5,1,5,0.24390243902439024,41,False
401810190,2025-12-04,15,2,0.31000000000000005,True,2,1,6,0.2,5,True
401810188,2025-12-04,15,1,0.17000000000000004,False,5,0,5,0.1,10,False
401810188,2025-12-04,20,1,0.10999999999999999,False,4,0,3,0.08333333333333333,12,False
401810189,2025-12-04,15,2,0.06,False,2,0,5,0.375,8,False
401810189,2025-12-04,20,3,0.02,False,3,1,1,0.391304347826087,23,False
401810187,2025-12-03,15,3,0.26,False,0,0,1,0.2222222222222222,18,True
401810185,2025-12-03,15,3,0.020000000000000018,False,3,1,0,0.2631578947368421,19,False
401810185,2025-12-03,20,4,0.010000000000000009,False,3,0,0,0.22727272727272727,22,False
401810186,2025-12-03,15,1,0.13,True,4,0,2,0.0,7,False
401810184,2025-12-03,15,2,0.38,False,1,0,4,0.15384615384615385,13,True
401810183,2025-12-03,15,1,0.08999999999999997,False,4,1,4,0.16666666666666666,12,False
401810183,2025-12-03,20,2,0.06000000000000005,False,4,1,5,0.1875,16,False
401810182,2025-12-03,15,3,0.09999999999999998,False,1,0,1,0.35,20,True
401810182,2025-12-03,20,3,0.07999999999999996,False,2,1,1,0.34782608695652173,23,True
401810181,2025-12-03,15,3,0.29000000000000004,False,3,1,3,0.2631578947368421,19,True
401810179,2025-12-03,15,3,0.31000000000000005,False,4,0,3,0.25925925925925924,27,True
401810180,2025-12-03,15,2,0.08,False,2,0,1,0.4,10,False
401810180,2025-12-03,20,2,0.05,False,3,0,1,0.36363636363636365,11,False
401810178,2025-12-02,15,2,0.06999999999999995,False,2,0,1,0.4375,16,False
401810178,2025-12-02,20,3,0.030000000000000027,False,1,0,0,0.36363636363636365,22,False
401810176,2025-12-02,15,3,0.39,True,4,1,1,0.34782608695652173,23,True
401810175,2025-12-02,15,3,0.07000000000000006,False,4,2,7,0.40625,32,True
401810174,2025-12-02,15,3,0.06000000000000005,False,5,1,2,0.35714285714285715,28,False
401810173,2025-12-02,15,2,0.050000000000000044,False,6,1,6,0.29411764705882354,17,False
401810173,2025-12-02,20,3,0.030000000000000027,False,3,0,2,0.25925925925925924,27,False
401810172,2025-12-01,15,3,0.4,False,0,0,0,0.3125,16,True
401810172,2025-12-01,20,3,0.07999999999999996,False,4,0,4,0.2727272727272727,22,True
401810170,2025-12-01,15,1,0.07999999999999996,True,1,0,5,0.0,1,False
401810171,2025-12-01,15,3,0.33999999999999997,False,1,0,1,0.23809523809523808,21,True
401810171,2025-12-01,20,3,0.10999999999999999,False,2,1,4,0.28,25,True
401810167,2025-12-01,15,4,0.010000000000000009,False,2,1,2,0.4,30,True
401810169,2025-12-01,15,3,0.4,True,2,0,1,0.16666666666666666,18,True
401810168,2025-12-01,15,2,0.08999999999999997,False,3,0,5,0.18181818181818182,11,False
401810168,2025-12-01,20,2,0.040000000000000036,False,3,0,3,0.16666666666666666,12,False
401810165,2025-12-01,15,1,0.18,False,5,2,4,0.42857142857142855,7,False
401810165,2025-12-01,20,2,0.1,False,1,0,1,0.3333333333333333,9,False
401810166,2025-12-01,15,3,0.08,True,1,0,2,0.15789473684210525,19,False
401810163,2025-11-30,15,1,0.040000000000000036,False,3,2,5,0.5,4,False
401810163,2025-11-30,20,1,0.030000000000000027,False,3,1,2,0.42857142857142855,7,False
401810161,2025-11-30,15,4,0.010000000000000009,False,3,1,5,0.26666666666666666,30,False
401810158,2025-11-30,15,1,0.09999999999999998,False,3,0,2,0.2,5,False
401810158,2025-11-30,20,1,0.050000000000000044,False,5,0,4,0.125,8,False
401810157,2025-11-30,15,3,0.16,False,6,2,2,0.38235294117647056,34,True
401810157,2025-11-30,20,3,0.12,False,1,0,2,0.38235294117647056,34,True
401810156,2025-11-30,15,2,0.09,False,3,0,2,0.21428571428571427,14,False
401810156,2025-11-30,20,2,0.04,False,3,0,5,0.2,15,False
401810154,2025-11-29,15,4,0.05,False,1,0,1,0.3125,32,False
401810154,2025-11-29,20,4,0.03,False,2,0,1,0.29411764705882354,34,False
401810152,2025-11-29,15,2,0.06000000000000005,False,2,0,4,0.5333333333333333,15,False
401810152,2025-11-29,20,3,0.030000000000000027,False,0,0,0,0.47368421052631576,19,False
401810149,2025-11-29,15,1,0.12,True,4,1,1,0.16666666666666666,6,False
401810151,2025-11-29,15,2,0.24,False,2,1,0,0.4,15,True
401810151,2025-11-29,20,4,0.04,False,1,0,2,0.43478260869565216,23,True
401809821,2025-11-28,15,2,0.10999999999999999,True,1,1,4,0.5,8,False
401809818,2025-11-28,15,2,0.07999999999999996,True,4,0,1,0.21052631578947367,19,False
401809819,2025-11-28,15,3,0.06999999999999995,False,2,0,2,0.3157894736842105,19,False
401809817,2025-11-28,15,4,0.020000000000000018,False,2,1,5,0.2903225806451613,31,False
401809812,2025-11-28,15,2,0.08999999999999997,False,4,2,3,0.26666666666666666,15,False
401809812,2025-11-28,20,2,0.06999999999999995,False,4,1,5,0.23529411764705882,17,False
401809815,2025-11-28,15,3,0.06000000000000005,False,2,0,0,0.2631578947368421,19,False
401809815,2025-11-28,20,3,0.030000000000000027,False,1,0,2,0.2916666666666667,24,False
401809810,2025-11-26,15,1,0.16,False,2,0,4,0.0,2,False
401809810,2025-11-26,20,1,0.09,False,4,1,7,0.16666666666666666,6,False
401809807,2025-11-26,15,2,0.37,True,3,0,4,0.4166666666666667,12,True
401809803,2025-11-26,15,2,0.10999999999999999,False,3,0,2,0.2631578947368421,19,False
401809803,2025-11-26,20,2,0.040000000000000036,False,4,1,3,0.2727272727272727,22,False
401809801,2025-11-25,15,4,0.06999999999999995,False,1,0,3,0.4074074074074074,27,False
401809800,2025-11-25,15,2,0.1,False,2,0,5,0.42857142857142855,7,False
401809800,2025-11-25,20,2,0.06,False,2,1,0,0.4444444444444444,9,False
401809799,2025-11-25,15,1,0.61,False,4,0,3,0.0,5,True
401809799,2025-11-25,20,1,0.43000000000000005,False,5,1,2,0.125,8,True
401810146,2025-11-24,15,2,0.06000000000000005,False,5,2,5,0.45,20,False
401810146,2025-11-24,20,3,0.020000000000000018,False,2,1,5,0.38461538461538464,26,False
401810145,2025-11-24,15,3,0.09,False,2,1,2,0.34615384615384615,26,False
401810145,2025-11-24,20,4,0.01,False,3,0,4,0.35294117647058826,34,False
401810142,2025-11-24,15,4,0.02,False,3,0,5,0.325,40,False
401810143,2025-11-24,15,3,0.16000000000000003,False,1,0,0,0.38095238095238093,21,True
401810143,2025-11-24,20,3,0.050000000000000044,False,2,0,2,0.4074074074074074,27,True
401810144,2025-11-24,15,2,0.25,False,6,0,2,0.2777777777777778,18,True
401810144,2025-11-24,20,2,0.18999999999999995,False,6,0,2,0.2777777777777778,18,True
401810140,2025-11-24,15,3,0.040000000000000036,False,3,1,2,0.21875,32,False
401810138,2025-11-24,15,2,0.07,False,2,1,2,0.6363636363636364,11,False
401810135,2025-11-23,15,1,0.040000000000000036,False,3,0,1,0.2,10,False
401810135,2025-11-23,20,1,0.040000000000000036,False,4,0,2,0.18181818181818182,11,False
401810132,2025-11-23,15,2,0.12,False,1,1,3,0.2857142857142857,14,False
401810132,2025-11-23,20,2,0.06000000000000005,False,4,2,3,0.29411764705882354,17,False
401810133,2025-11-23,15,4,0.040000000000000036,False,2,0,2,0.25,20,False
401810133,2025-11-23,20,4,0.010000000000000009,False,0,0,2,0.2727272727272727,22,False
401810130,2025-11-23,15,2,0.25,False,2,1,3,0.25,12,True
401810126,2025-11-22,15,2,0.51,True,3,0,4,0.23076923076923078,13,True
401810127,2025-11-22,15,2,0.05,False,4,1,3,0.375,16,False
401810127,2025-11-22,20,3,0.05,False,0,0,0,0.375,16,False
401810125,2025-11-22,15,3,0.04,False,2,0,4,0.3,20,False
401810125,2025-11-22,20,4,0.02,False,1,1,3,0.36363636363636365,22,False
401810124,2025-11-22,15,4,0.020000000000000018,False,1,0,1,0.3548387096774194,31,False
401810123,2025-11-22,15,3,0.10999999999999999,False,2,1,2,0.2608695652173913,23,True
401810123,2025-11-22,20,4,0.040000000000000036,False,3,0,7,0.23076923076923078,26,True
401809797,2025-11-21,15,3,0.03,False,0,0,5,0.5,28,False
401809797,2025-11-21,20,3,0.01,False,0,0,6,0.5,28,False
401809797,2025-11-21,15,1,0.77,True,3,2,6,0.6666666666666666,3,True
401809795,2025-11-21,15,2,0.29000000000000004,False,1,0,3,0.23076923076923078,13,True
401809794,2025-11-21,15,2,0.27,True,5,1,3,0.3684210526315789,19,True
401809793,2025-11-21,15,2,0.20999999999999996,False,4,1,3,0.3076923076923077,13,True
401809793,2025-11-21,20,2,0.10999999999999999,False,5,1,4,0.2857142857142857,14,True
401809790,2025-11-21,15,3,0.030000000000000027,False,0,0,5,0.2916666666666667,24,False
401809790,2025-11-21,20,4,0.010000000000000009,False,1,0,2,0.25925925925925924,27,False
401809791,2025-11-21,15,3,0.22,False,4,0,2,0.3333333333333333,27,True
401809792,2025-11-21,15,3,0.030000000000000027,False,4,2,3,0.23076923076923078,26,False
401809792,2025-11-21,20,3,0.020000000000000018,False,3,1,3,0.25,28,False
401810120,2025-11-20,15,2,0.15000000000000002,False,0,0,6,0.3333333333333333,9,False
401810120,2025-11-20,20,2,0.07000000000000006,False,1,0,5,0.3,10,False
401810122,2025-11-20,15,2,0.20999999999999996,False,2,0,2,0.4375,16,True
401810119,2025-11-20,15,3,0.08999999999999997,False,0,0,1,0.35294117647058826,17,False
401810119,2025-11-20,20,4,0.030000000000000027,False,3,1,3,0.37037037037037035,27,False
401810118,2025-11-19,15,3,0.1,False,5,0,2,0.25806451612903225,31,False
401810118,2025-11-19,20,4,0.04,False,1,0,3,0.23529411764705882,34,False
401810114,2025-11-19,15,2,0.020000000000000018,False,2,0,5,0.4,10,False
401810114,2025-11-19,20,2,0.020000000000000018,False,3,0,6,0.36363636363636365,11,False
401810115,2025-11-19,15,3,0.04,False,4,1,4,0.23076923076923078,26,False
401810112,2025-11-19,15,1,0.08999999999999997,False,3,0,4,0.0,4,False
401810116,2025-11-19,15,3,0.030000000000000027,False,2,0,3,0.2777777777777778,18,False
401810110,2025-11-19,15,2,0.21999999999999997,False,1,0,2,0.25,12,False
401810110,2025-11-19,20,2,0.12,False,0,0,1,0.16666666666666666,18,False
401810113,2025-11-19,15,3,0.07999999999999996,False,2,1,2,0.44,25,False
401810111,2025-11-19,15,2,0.18999999999999995,False,3,0,3,0.1,20,True
401810111,2025-11-19,20,3,0.040000000000000036,False,3,1,2,0.16,25,True
401810109,2025-11-18,15,3,0.16,False,1,0,2,0.25,24,True
401810109,2025-11-18,20,3,0.04,False,4,2,5,0.24242424242424243,33,True
401810108,2025-11-18,15,4,0.010000000000000009,False,4,1,4,0.3076923076923077,39,False
401810108,2025-11-18,20,4,0.010000000000000009,False,3,0,1,0.3,40,False
401810104,2025-11-18,15,2,0.30000000000000004,False,4,0,1,0.375,16,True
401810106,2025-11-18,15,2,0.15000000000000002,False,4,0,4,0.2777777777777778,18,False
401810105,2025-11-18,15,4,0.010000000000000009,False,4,0,3,0.3333333333333333,36,False
401810103,2025-11-17,15,2,0.57,False,1,0,6,0.4444444444444444,9,True
401810102,2025-11-17,15,1,0.010000000000000009,False,2,1,2,0.5,2,False
401810102,2025-11-17,20,1,0.010000000000000009,False,1,0,6,0.5,2,False
401810101,2025-11-17,15,1,0.06000000000000005,False,2,0,1,0.2857142857142857,7,False
401810101,2025-11-17,20,3,0.030000000000000027,False,0,0,1,0.3,10,False
401810097,2025-11-17,15,2,0.06000000000000005,False,3,1,0,0.3333333333333333,12,False
401810097,2025-11-17,20,2,0.050000000000000044,False,3,1,1,0.3333333333333333,12,False
401810095,2025-11-16,15,3,0.12,True,3,1,3,0.28125,32,False
401810094,2025-11-16,15,3,0.030000000000000027,True,3,0,3,0.29411764705882354,34,False
401810094,2025-11-16,20,4,0.030000000000000027,True,3,0,3,0.2857142857142857,35,False
401810090,2025-11-16,15,4,0.04,False,2,0,2,0.3793103448275862,29,True
401810090,2025-11-16,20,4,0.01,False,3,0,3,0.36666666666666664,30,True
401810092,2025-11-16,15,1,0.05,False,2,1,9,0.4,5,False
401810092,2025-11-16,20,3,0.02,False,3,0,4,0.2777777777777778,18,False
401810089,2025-11-16,15,1,0.16000000000000003,False,3,0,7,0.0,8,False
401810088,2025-11-16,15,1,0.17000000000000004,False,2,1,2,0.3333333333333333,3,False
401810088,2025-11-16,20,3,0.040000000000000036,False,0,0,2,0.2777777777777778,18,False
401810086,2025-11-15,15,2,0.24,False,3,1,0,0.25,16,True
401810086,2025-11-15,20,2,0.11,False,3,0,1,0.2222222222222222,18,True
401810084,2025-11-15,15,3,0.020000000000000018,False,4,1,3,0.39285714285714285,28,False
401810084,2025-11-15,20,3,0.010000000000000009,False,6,1,3,0.35294117647058826,34,False
401810085,2025-11-15,15,3,0.06000000000000005,False,0,0,0,0.4,20,False
401810085,2025-11-15,20,4,0.010000000000000009,False,3,0,5,0.34375,32,False
401809788,2025-11-14,15,1,0.25,False,3,0,3,0.0,6,False
401809786,2025-11-14,15,4,0.010000000000000009,False,2,0,2,0.34615384615384615,26,False
401809784,2025-11-14,15,3,0.040000000000000036,False,0,0,2,0.4,20,False
401809784,2025-11-14,20,3,0.020000000000000018,False,1,0,4,0.38095238095238093,21,False
401809787,2025-11-14,15,1,0.11,False,2,0,1,0.25,4,False
401809787,2025-11-14,20,3,0.02,False,3,0,3,0.3,20,False
401809782,2025-11-14,15,2,0.55,True,2,1,1,0.4,10,True
401809781,2025-11-14,15,4,0.040000000000000036,False,2,0,3,0.4411764705882353,34,False
401810081,2025-11-13,15,2,0.16000000000000003,False,0,0,3,0.2,5,False
401810081,2025-11-13,20,3,0.06999999999999995,False,0,0,0,0.2,10,False
401810082,2025-11-13,15,2,0.23,False,4,2,7,0.2727272727272727,11,False
401810080,2025-11-13,15,3,0.26,False,2,0,2,0.2916666666666667,24,True
401810079,2025-11-12,15,3,0.05,False,1,0,4,0.45,20,False
401810079,2025-11-12,20,4,0.01,False,5,2,3,0.43333333333333335,30,False
401810077,2025-11-12,15,2,0.10999999999999999,False,2,0,6,0.25,8,False
401810077,2025-11-12,20,2,0.06999999999999995,False,1,0,2,0.2222222222222222,9,False
401810078,2025-11-12,15,1,0.2,False,2,0,7,0.0,2,False
401810078,2025-11-12,20,2,0.08,False,4,1,1,0.3157894736842105,19,False
401810076,2025-11-12,15,3,0.08999999999999997,False,0,0,1,0.28,25,False
401810075,2025-11-12,15,2,0.19999999999999996,True,5,0,2,0.2222222222222222,18,False
401810073,2025-11-12,15,2,0.030000000000000027,False,2,0,3,0.4444444444444444,9,False
401810073,2025-11-12,20,2,0.020000000000000018,False,4,1,1,0.4375,16,False
401810074,2025-11-12,15,4,0.030000000000000027,False,3,0,4,0.3235294117647059,34,False
401810072,2025-11-12,15,4,0.01,False,2,0,2,0.3939393939393939,33,True
401810071,2025-11-12,15,2,0.07999999999999996,False,3,0,4,0.17647058823529413,17,False
401810071,2025-11-12,20,2,0.040000000000000036,False,6,0,5,0.15,20,False
401810068,2025-11-12,15,3,0.15000000000000002,False,2,0,2,0.3333333333333333,18,True
401810068,2025-11-12,20,4,0.010000000000000009,False,1,0,0,0.3333333333333333,24,True
401810069,2025-11-12,15,2,0.35,False,3,2,3,0.3333333333333333,12,True
401810069,2025-11-12,20,3,0.050000000000000044,False,4,1,2,0.391304347826087,23,True
401810070,2025-11-12,15,2,0.36,False,2,0,3,0.23076923076923078,13,True
401810070,2025-11-12,20,2,0.15000000000000002,False,3,0,0,0.1875,16,True
401810067,2025-11-11,15,4,0.03,False,1,0,4,0.3333333333333333,27,False
401810066,2025-11-11,15,2,0.22999999999999998,False,2,0,3,0.2222222222222222,18,True
401810066,2025-11-11,20,3,0.09999999999999998,False,1,1,4,0.2727272727272727,22,True
401810065,2025-11-11,15,2,0.10999999999999999,False,4,1,2,0.23076923076923078,13,False
401810065,2025-11-11,20,2,0.06000000000000005,False,2,1,3,0.2777777777777778,18,False
401810063,2025-11-11,15,2,0.050000000000000044,False,4,0,4,0.2,10,False
401810063,2025-11-11,20,2,0.050000000000000044,False,5,1,3,0.21052631578947367,19,False
401810062,2025-11-11,15,4,0.010000000000000009,False,5,1,2,0.3333333333333333,39,False
401810060,2025-11-10,15,3,0.08,False,3,0,1,0.28125,32,False
401810060,2025-11-10,20,3,0.03,False,5,1,2,0.2702702702702703,37,False
401810059,2025-11-10,15,2,0.08999999999999997,False,2,0,7,0.3,10,False
401810059,2025-11-10,20,2,0.040000000000000036,False,2,1,8,0.3333333333333333,12,False
401810061,2025-11-10,15,2,0.14,True,2,1,2,0.125,8,False
401810056,2025-11-10,15,3,0.4,False,4,1,0,0.2857142857142857,35,True
401810053,2025-11-10,15,3,0.06000000000000005,False,3,1,7,0.5217391304347826,23,False
401810052,2025-11-09,15,2,0.08,False,2,1,4,0.375,16,False
401810052,2025-11-09,20,3,0.04,False,1,1,4,0.42105263157894735,19,False
401810051,2025-11-09,15,4,0.040000000000000036,False,2,1,3,0.3333333333333333,30,False
401810051,2025-11-09,20,4,0.010000000000000009,False,3,0,2,0.3125,32,False
401810047,2025-11-09,15,1,0.040000000000000036,False,4,0,4,0.1111111111111111,9,False
401810047,2025-11-09,20,3,0.040000000000000036,False,2,0,4,0.34782608695652173,23,False
401810049,2025-11-09,15,4,0.010000000000000009,False,4,0,2,0.4,40,False
401810049,2025-11-09,15,2,0.39,True,4,0,3,0.17647058823529413,17,True
401810045,2025-11-08,15,3,0.25,False,2,1,0,0.125,16,True
401810044,2025-11-08,15,2,0.07999999999999996,False,4,0,5,0.0,9,False
401810044,2025-11-08,20,4,0.010000000000000009,False,3,0,2,0.2857142857142857,28,False
401810043,2025-11-08,15,2,0.050000000000000044,False,2,0,4,0.25,12,False
401810040,2025-11-08,15,2,0.36,False,1,0,4,0.25,12,True
401810040,2025-11-08,20,3,0.16000000000000003,False,4,1,4,0.3157894736842105,19,True
401810041,2025-11-08,15,2,0.38,True,3,1,3,0.14285714285714285,14,True
401809780,2025-11-07,15,3,0.03,False,2,0,1,0.41379310344827586,29,False
401809780,2025-11-07,20,4,0.01,False,2,1,1,0.43333333333333335,30,False
401809779,2025-11-07,15,2,0.07000000000000006,False,5,2,6,0.35714285714285715,14,False
401809779,2025-11-07,20,3,0.030000000000000027,False,3,1,2,0.39285714285714285,28,False
401809776,2025-11-07,15,2,0.16000000000000003,False,3,0,2,0.18181818181818182,11,False
401809776,2025-11-07,20,2,0.06999999999999995,False,0,0,4,0.2,15,False
401809777,2025-11-07,15,4,0.010000000000000009,False,1,0,3,0.2903225806451613,31,False
401809775,2025-11-07,15,1,0.06999999999999995,False,1,0,5,0.3333333333333333,6,False
401809775,2025-11-07,20,1,0.06999999999999995,False,1,0,6,0.3333333333333333,6,False
401809778,2025-11-07,15,1,0.050000000000000044,False,3,0,3,0.0,4,False
401809778,2025-11-07,20,1,0.050000000000000044,False,5,0,4,0.0,6,False
401809511,2025-11-07,15,2,0.06,False,3,0,3,0.3,10,False
401809511,2025-11-07,20,3,0.04,False,1,0,1,0.32,25,False
401809773,2025-11-07,15,3,0.050000000000000044,False,3,0,1,0.2916666666666667,24,False
401809773,2025-11-07,20,3,0.020000000000000018,False,7,2,4,0.2857142857142857,35,False
401809510,2025-11-07,15,1,0.18000000000000005,False,4,1,5,0.4,5,False
401810037,2025-11-06,15,3,0.10999999999999999,False,2,0,2,0.2222222222222222,18,False
401810037,2025-11-06,20,3,0.06000000000000005,False,3,0,5,0.21052631578947367,19,False
401810035,2025-11-05,15,1,0.13,True,4,2,4,0.375,8,False
401810035,2025-11-05,20,1,0.09,True,5,2,5,0.3333333333333333,9,False
401810033,2025-11-05,15,3,0.07999999999999996,False,2,1,2,0.36,25,False
401810031,2025-11-05,15,2,0.09,False,3,1,3,0.35714285714285715,14,False
401810031,2025-11-05,20,3,0.03,False,2,1,4,0.36363636363636365,22,False
401810030,2025-11-05,15,4,0.050000000000000044,False,0,0,2,0.48484848484848486,33,False
401810030,2025-11-05,20,4,0.010000000000000009,False,3,2,6,0.5,36,False
401810029,2025-11-05,15,3,0.06000000000000005,False,0,0,2,0.4666666666666667,15,False
401810029,2025-11-05,20,3,0.020000000000000018,False,3,1,4,0.42105263157894735,19,False
401810026,2025-11-05,15,1,0.07999999999999996,False,1,1,5,0.2,5,False
401810026,2025-11-05,20,3,0.020000000000000018,False,1,0,5,0.35,20,False
401810025,2025-11-04,15,4,0.050000000000000044,False,4,2,6,0.4375,32,False
401810025,2025-11-04,20,4,0.010000000000000009,False,3,2,1,0.45714285714285713,35,False
401810024,2025-11-04,15,2,0.07999999999999996,False,0,0,3,0.14285714285714285,7,False
401810024,2025-11-04,20,2,0.06000000000000005,False,3,3,2,0.4,10,False
401810022,2025-11-04,15,1,0.25,True,2,1,6,0.3333333333333333,6,True
401810022,2025-11-04,20,1,0.18999999999999995,True,4,1,4,0.25,8,True
401810021,2025-11-04,15,2,0.26,False,4,0,3,0.08333333333333333,12,True
401810021,2025-11-04,20,3,0.10999999999999999,False,1,0,3,0.22727272727272727,22,True
401810020,2025-11-04,15,2,0.16000000000000003,False,5,2,4,0.29411764705882354,17,False
401810020,2025-11-04,20,2,0.08999999999999997,False,2,1,4,0.3157894736842105,19,False
401810017,2025-11-03,15,3,0.07000000000000006,False,4,0,0,0.3333333333333333,15,False
401810016,2025-11-03,15,3,0.06,False,3,0,3,0.20833333333333334,24,False
401810016,2025-11-03,20,3,0.04,False,3,0,3,0.20833333333333334,24,False
401810014,2025-11-03,15,3,0.030000000000000027,False,3,1,3,0.3,20,False
401810014,2025-11-03,20,3,0.020000000000000018,False,3,1,3,0.3,20,False
401810011,2025-11-03,15,4,0.020000000000000018,False,3,1,2,0.3142857142857143,35,False
401810011,2025-11-03,20,4,0.010000000000000009,False,1,0,2,0.3055555555555556,36,False
401810010,2025-11-02,15,2,0.16000000000000003,False,4,1,3,0.15384615384615385,13,False
401810009,2025-11-02,15,2,0.33000000000000007,False,1,0,2,0.15384615384615385,13,True
401810009,2025-11-02,20,3,0.12,False,1,0,0,0.2777777777777778,18,True
401810008,2025-11-02,15,3,0.09999999999999998,False,1,0,0,0.48148148148148145,27,False
401810008,2025-11-02,20,4,0.020000000000000018,False,3,2,5,0.5,30,False
401810004,2025-11-02,15,2,0.13,False,3,0,3,0.125,16,False
401810004,2025-11-02,20,3,0.06999999999999995,False,1,0,1,0.1111111111111111,18,False
401810007,2025-11-02,15,3,0.09999999999999998,False,5,2,6,0.25,24,False
401810005,2025-11-02,15,2,0.17000000000000004,False,2,0,5,0.2,10,True
401810005,2025-11-02,20,2,0.17000000000000004,False,2,0,5,0.18181818181818182,11,True
401810003,2025-11-02,15,1,0.050000000000000044,False,4,0,5,0.4166666666666667,12,False
401810003,2025-11-02,20,2,0.040000000000000036,False,3,1,6,0.3888888888888889,18,False
401810001,2025-11-01,15,2,0.18000000000000005,False,2,0,2,0.375,8,False
401810001,2025-11-01,20,2,0.08999999999999997,False,5,1,3,0.35,20,False
401810000,2025-11-01,15,2,0.06,False,3,1,4,0.375,16,False
401810000,2025-11-01,20,3,0.04,False,1,1,1,0.4117647058823529,17,False
401809998,2025-11-01,15,4,0.020000000000000018,False,0,0,0,0.24324324324324326,37,False
401809998,2025-11-01,20,4,0.010000000000000009,False,4,1,3,0.2727272727272727,44,False
401809997,2025-11-01,15,1,0.17999999999999994,True,1,0,6,0.0,1,False
401809507,2025-10-31,15,1,0.15000000000000002,False,2,1,7,0.3333333333333333,9,False
401809507,2025-10-31,20,1,0.12,False,1,0,7,0.3333333333333333,9,False
401809509,2025-10-31,15,3,0.07000000000000006,False,3,0,5,0.43333333333333335,30,False
401809506,2025-10-31,15,2,0.26,True,1,0,3,0.3076923076923077,13,True
401809505,2025-10-31,15,2,0.30000000000000004,False,3,1,1,0.38095238095238093,21,True
401809505,2025-10-31,20,2,0.24,False,1,0,2,0.38095238095238093,21,True
401809502,2025-10-31,15,3,0.07,False,4,1,2,0.2857142857142857,28,False
401809502,2025-10-31,20,3,0.05,False,6,1,2,0.25806451612903225,31,False
401809503,2025-10-31,15,1,0.26,False,3,1,5,0.3333333333333333,6,False
401809503,2025-10-31,20,2,0.15,False,6,2,6,0.3333333333333333,15,False
401809993,2025-10-30,15,2,0.18999999999999995,False,3,1,2,0.3333333333333333,12,False
401809982,2025-10-28,15,3,0.08999999999999997,False,2,0,4,0.125,8,False
401809982,2025-10-28,20,4,0.030000000000000027,False,1,0,4,0.1111111111111111,9,False
401809977,2025-10-27,15,3,0.08999999999999997,False,2,1,5,0.14285714285714285,14,False
401809976,2025-10-27,15,3,0.050000000000000044,False,2,1,4,0.2962962962962963,27,False
401809976,2025-10-27,20,3,0.050000000000000044,False,2,1,2,0.2857142857142857,28,False
401809246,2025-10-27,15,4,0.01,False,4,0,0,0.3448275862068966,29,False
401809974,2025-10-27,15,3,0.06000000000000005,False,3,0,5,0.2916666666666667,24,False
401809974,2025-10-27,20,4,0.040000000000000036,False,4,2,1,0.32142857142857145,28,False
401809975,2025-10-27,15,1,0.22999999999999998,False,3,0,7,0.0,3,False
401809975,2025-10-27,20,1,0.20999999999999996,False,3,1,4,0.2,5,False
401809971,2025-10-27,15,1,0.050000000000000044,False,8,2,5,0.35714285714285715,14,False
401809971,2025-10-27,20,2,0.050000000000000044,False,5,0,4,0.3333333333333333,15,False
401809973,2025-10-27,15,1,0.14,False,2,0,2,0.0,3,False
401809973,2025-10-27,20,2,0.07000000000000006,False,2,0,2,0.25,12,False
401809972,2025-10-27,15,4,0.05,False,4,1,5,0.2857142857142857,28,False
401809972,2025-10-27,20,4,0.02,False,5,1,8,0.27586206896551724,29,False
401809245,2025-10-27,15,2,0.16,False,5,0,3,0.3333333333333333,12,False
401809245,2025-10-27,20,2,0.1,False,3,0,2,0.2857142857142857,14,False
401809969,2025-10-27,15,2,0.38,False,1,0,3,0.3,10,True
401809966,2025-10-26,15,4,0.050000000000000044,False,0,0,2,0.375,24,False
401809962,2025-10-26,15,3,0.050000000000000044,False,2,0,3,0.47058823529411764,17,False
401809963,2025-10-26,15,4,0.030000000000000027,False,2,0,4,0.22727272727272727,44,True
401809961,2025-10-26,15,1,0.28,True,4,2,5,0.3333333333333333,6,True
401809961,2025-10-26,15,4,0.10999999999999999,False,1,0,2,0.3235294117647059,34,False
401809964,2025-10-26,15,4,0.03,False,2,0,3,0.3125,32,True
401809964,2025-10-26,20,4,0.01,False,2,0,3,0.3125,32,True
401809960,2025-10-26,15,2,0.07999999999999996,False,3,0,1,0.22727272727272727,22,False
401809960,2025-10-26,20,2,0.030000000000000027,False,3,0,2,0.21739130434782608,23,False
401809959,2025-10-25,15,2,0.050000000000000044,False,3,2,2,0.38095238095238093,21,False
401809959,2025-10-25,20,3,0.050000000000000044,False,3,1,1,0.375,24,False
401809958,2025-10-25,15,2,0.17000000000000004,False,3,0,3,0.18181818181818182,11,False
401809958,2025-10-25,20,3,0.07999999999999996,False,5,1,5,0.4,25,False
401809956,2025-10-25,15,3,0.06999999999999995,False,2,2,7,0.47619047619047616,21,False
401809956,2025-10-25,20,3,0.050000000000000044,False,1,0,4,0.45454545454545453,22,False
401809952,2025-10-24,15,3,0.16000000000000003,False,0,0,2,0.4230769230769231,26,True
401809952,2025-10-24,20,4,0.010000000000000009,False,3,1,1,0.4375,32,True
401809951,2025-10-24,15,4,0.06000000000000005,False,1,0,0,0.42857142857142855,28,True
401809951,2025-10-24,20,4,0.020000000000000018,False,3,0,1,0.3870967741935484,31,True
401809954,2025-10-24,15,2,0.07000000000000006,False,7,2,4,0.36,25,False
401809954,2025-10-24,20,3,0.06000000000000005,False,2,0,0,0.35714285714285715,28,False
401809950,2025-10-24,15,3,0.19999999999999996,False,3,1,4,0.20833333333333334,24,True
401809948,2025-10-24,15,1,0.29000000000000004,False,5,1,5,0.16666666666666666,6,True
401809948,2025-10-24,20,2,0.19999999999999996,False,4,0,3,0.14285714285714285,7,True
401809945,2025-10-24,15,2,0.08999999999999997,False,4,1,2,0.30434782608695654,23,False
401809945,2025-10-24,20,2,0.07999999999999996,False,4,1,4,0.30434782608695654,23,False
401809944,2025-10-24,15,2,0.06000000000000005,False,4,2,7,0.4,15,False
401809944,2025-10-24,20,3,0.040000000000000036,False,0,0,3,0.36363636363636365,22,False
401809235,2025-10-22,15,3,0.15000000000000002,False,1,0,3,0.35714285714285715,14,True
401809235,2025-10-22,20,3,0.050000000000000044,False,1,0,0,0.35714285714285715,14,True
401809941,2025-10-22,15,2,0.30000000000000004,True,2,0,3,0.0,7,True
401809941,2025-10-22,20,2,0.14,True,2,0,1,0.08333333333333333,12,True
401809938,2025-10-22,15,1,0.32999999999999996,True,5,1,5,0.14285714285714285,7,True
401809937,2025-10-22,15,1,0.38,False,2,0,5,0.0,2,True
401809937,2025-10-22,20,2,0.17000000000000004,False,1,0,2,0.16666666666666666,6,True
401809935,2025-10-22,15,3,0.13,False,3,0,2,0.3684210526315789,19,True
401809935,2025-10-22,20,3,0.050000000000000044,False,5,0,3,0.3333333333333333,21,True
401809933,2025-10-22,15,2,0.10999999999999999,False,1,0,0,0.2857142857142857,14,False
401809933,2025-10-22,20,3,0.040000000000000036,False,1,0,4,0.25,16,False
401809940,2025-10-22,15,1,0.49,False,0,0,2,0.4,5,True
401809940,2025-10-22,20,1,0.38,False,0,0,2,0.4,5,True
401809939,2025-10-22,15,1,0.06000000000000005,False,4,2,5,0.4,5,False
401809939,2025-10-22,20,2,0.040000000000000036,False,5,1,2,0.25,12,False
401809234,2025-10-22,15,2,0.28,False,0,0,3,0.38461538461538464,13,True
401809244,2025-10-21,15,3,0.14,False,3,0,2,0.2631578947368421,19,False
